date,headline,sentiment
2019-11-12,"Royal London Asset Management Ltd Buys Apple Inc, Amazon. ...",0
2019-11-07,"TDAM USA Inc. Buys Phillips 66, DuPont de Nemours Inc, Agilent Technologies Inc, Sells Apple ...",0
2018-06-02,"Stocks To Watch: Eyes On Apple's WWDC, SCOTUS And D.C.",0
2017-11-21,Stocks Up Big As Apple Leads Dow; Is It Time To Buy This Top Internet Play?,1
2017-05-23,Stocks: Slim Gains Turn Mixed; Nokia Surges On Apple Deal,-1
2017-02-27,"Buffett Doubles Apple, Seeks Deals",0
2016-07-27,Apple Upgraded; Twitter A 'Loser'; Caterpillar Price Target Hiked,1
2015-12-30,Apple Supplier Avago Technologies Keeps On Rolling,0
2015-12-22,"Agilent, Apple and Canadian Pacific Are Among Larry Robbins' New Buys",0
2013-12-02,$500 Billion Manager Brian Rogers' About-Face on Apple Inc.,0
2013-12-02,Brian Rogers Changes His Mind on Apple at Lower Valuation,0
2013-08-12,Technology Stock Roundup: Obama Can't Save Apple - Analyst Blog,0
2019-12-05,Apple buys first carbon-free aluminum from Alcoa-Rio Tinto JV,0
2019-03-12,"Apple, Rio Tinto in Advance Talks to Cut Carbon Footprint",0
2020-05-12,"Apple, Amazon and Share Buybacks",0
2017-02-17,"Stock Indexes Quiet, But Apple Supplier Cognex Leaps 9%",1
2017-01-03,"Discounted Stocks: Apple, Accenture, Aaron's",0
2015-08-26,Best Buy to Expand Sales of Apple Watch Across All Stores,1
2018-11-13,Stock Market Posts Volatile Gains; Is Apple Stock Nearing A Bottom?,-1
2018-03-26,Apple's Tim Cook Is Wrong About Regulating Facebook,-1
2017-05-23,Stocks: Slim Gains Turn Mixed; Nokia Surges On Apple Deal,-1
2017-01-03,"Discounted Stocks: Apple, Accenture, Aaron's",0
2015-02-12,Apple Lifts Nasdaq To Its Highest Level Since Bubble,1
2014-10-23,Stock Indexes Build On Gains; Apple Breaks Out In Fast Trade,1
2012-10-31,"RadioShack (RSH) and SUPERVALU (SVU) Beat Apple (AAPL) In This Important Metric (TSCO, DG, DDS, AAP & AZO)",1
2020-05-31,"Apple CEO Writes To Employees About George Floyd Death, Urges For 'Better, More Just World For Everyone'",0
2020-05-28,"Tredje AP-fonden Buys Microsoft Corp, Amazon.com Inc, Apple Inc, Sells iShares U.S. ...",0
2020-05-28,"The Zacks Analyst Blog Highlights: Apple, Exxon Mobil, Cisco System and Chevron",0
2020-02-29,"Digital Pen Market (New PDF) [Review: —…—…-—…—9] | Top Players – Apple Inc, ...",0
2020-01-28,"Fingerprint Sensor Market (PDF) Review —…—…-—…—9 | Top Players – Apple Inc, ...",0
2010-03-29,'Fast Money' Recap: Apple's Hot New iPhone,1
2019-01-03,New Age Beverages and China XD Plastics among consumer gainers; Apple and Fabrinet among losers,0
2015-12-14,China 'Robolution' Looms Over Apple Supplier Foxconn,-1
2015-11-05,"Apple, Alphabet Jumping Into Artificial Intelligence",0
2015-11-05,"Apple, Alphabet Jumping Into Artificial Intelligence",0
2020-05-13,"Brick & Kyle, Associates Buys Apple Inc, SPDR Series Trust S&P Biotech, Amazon. ...",0
2020-05-01,"Telos Capital Management, Inc. Buys Qualcomm Inc, Apple Inc, Procter & Gamble Co, Sells ...",0
2017-07-07,Futures Steady Before Jobs Data; Apple/Qualcomm Tiff Lifts This Dow Name,1
2019-11-06,"Capco Asset Management, LLC Buys Autodesk Inc, Camping World Holdings Inc, Ambev SA, Sells Apple Inc",0
2019-09-08,"Apple, IPOs And German Auto (Stocks To Watch Podcast)",0
2019-09-07,"Stocks To Watch: Apple, IPOs And German Auto",0
2019-06-02,"Apple's WWDC, DuPont's Return And Tariff Anxiety (Stocks To Watch Podcast)",0
2019-06-01,"Stocks To Watch: Apple's WWDC, DuPont's Return And Tariff Anxiety",0
2019-01-08,John And Jane's Taxable Account Dividend Increases And Income Tracker - The Apple Effect,0
2015-09-29,Google Play Music to Launch Family Plan: Should Apple Worry?,-1
2015-04-28,"Apple (AAPL) Tops Q2 Earnings on Solid iPhone, Mac Sales - Analyst Blog",1
2015-04-21,Will Google's Android Wear Hit Apple Watch Frenzy? - Analyst Blog,0
2014-10-06,"Apple Now a Strong Buy, New iPhones & iPad Key Catalysts - Analyst Blog",1
2018-12-10,"Stock Losses Increase, But Qualcomm Up On Apple Patent Case",1
2016-11-16,"Ray Dalio Raised Apple, Intel in 'rd Quarter",0
2016-11-16,"Ray Dalio Raises Apple, Intel in 'rd Quarter",0
2016-09-21,Presenting Apple's First Car,0
2015-07-21,"Stock Futures Mixed, IBM Weighs; Infosys, Tesla, Apple In Motion",0
2019-09-08,"Apple, IPOs And German Auto (Stocks To Watch Podcast)",0
2019-09-07,"Stocks To Watch: Apple, IPOs And German Auto",0
2016-06-02,Apple Challenging Tesla,-1
2016-05-26,Apple's Next Moves? Hints From M&A Talks,0
2016-01-08,Apple Reads Your Mind,0
2017-03-06,Apple Chip Deal?,0
2017-01-25,"Amazon, Apple, And Netflix Versus Liberty",0
2012-10-26,"Overlooked in Apple Noise, Good News From Smaller Names",1
2012-10-26,"Overlooked in Apple Noise, Good News From Smaller Names",1
2012-01-31,"Zacks Investment Ideas feature highlights: Arctic Cat, Caterpillar, Apple, United Rentals and CA Technologies - Press Releases",0
2019-04-28,"Eyes On Apple, Uber, F8 And Avengers (Stocks To Watch Podcast)",0
2019-04-27,"Stocks To Watch: Eyes On Apple, Uber, F8 And Avengers",0
2019-04-27,"Stocks To Watch: Eyes On Apple, Uber, F8 And Avengers",0
2019-04-26,"Apple, IBM, Costco among those expected to raise payouts next week",0
2020-02-06,"Oakbrook Investments Llc Buys State Street Corporation, Pfizer Inc, Target Corp, Sells Apple ...",0
2018-07-31,Can Apple Save Us From this Tech Wreck?,-1
2017-01-03,"Discounted Stocks: Apple, Accenture, Aaron's",0
2017-05-17,"Aristotle Capital Management, LLC Buys Acadia Healthcare Co Inc, Ansys Inc, Apple Inc, Sells ...",0
2013-02-06,"One Bad Apple Could Spoil A Whole ETF Bushel (AAPL, QQQ, TILT, ACIM)",-1
2019-08-02,"Chicago Equity Partners Llc Buys Carlisle Inc, Integer Holdings Corp, Southern Co, Sells Apple ...",0
2018-06-08,"Tech sector under pressure from Apple suppliers, semi equipment stocks",-1
2020-05-13,"Achmea Investment Management B.V. Buys Alphabet Inc, Merck Inc, Visa Inc, Sells Apple Inc, ...",0
2019-12-12,Top Stocks Breaking Out To New Highs Include Key Apple Supplier,0
2019-11-15,"Schroder Investment Management Group Buys Facebook Inc, Weibo Corp, Apple Inc, Sells Bank ...",0
2019-11-13,"Bayesian Capital Management, LP Buys Accenture PLC, Carnival Corp, Apple Inc, Sells Walgreens ...",0
2015-08-25,"Stocks Rocket At Starting Bell; Netflix, Apple, Facebook Jump",0
2015-05-21,"Hedge Funds Bet Higher Oil; Long Apple, Short Intel",0
2015-04-17,Global Worries Sink U.S. Stocks; Apple Breaches Support Level,-1
2015-03-02,Apple And Allergan Top Hedge Fund Holdings In Q4 2014,0
2015-02-20,Boeing Lifts Dow; Nasdaq Gets Apple Boost,1
2015-02-17,Stocks Turn Positive; Apple Marks New High,1
2015-01-02,Stocks Reverse Lower; Apple Plunges Below Support,-1
2014-07-16,"Facebook, Apple Suppliers Lead 5 Big-Cap All-Stars",0
2014-07-15,"Facebook, Apple Suppliers Lead 5 Big-Cap All-Stars",0
2014-05-20,Apple Among IBD's 5 'A-List' Big Cap Leaders,0
2013-10-28,Stocks Inch Quietly Higher; Apple Gains Ahead Of Earnings,1
2017-08-04,"Align Technology, Acacia Research, Apple, Amazon and Alphabet highlighted as Zacks Bull and Bear of the Day",0
2016-12-22,Nokia Is Playing With Fire With Its Patent Infringement Case Against Apple,-1
2016-09-15,"Acacia Research (ACTG) Bolts Higher on ""Winning"" Trial Against Apple",0
2020-05-13,"Cornerstone Advisors, LLC Buys Apple Inc, SPDR S&P 5……, Intel Corp, Sells Cisco Systems ...",0
2020-05-12,"Nelson Roberts Investment Advisors, LLC Buys Apple Inc, GlaxoSmithKline PLC, DocuSign Inc, ...",0
2020-05-11,"Wisconsin Capital Management Llc Buys NVIDIA Corp, Apple Inc, Ansys Inc, Sells Intuitive ...",0
2020-04-26,Dow Jones Futures: Coronavirus Stock Market Rally Enters Earnings Chaos As Apple Leads 7 Stocks Near Buy Points,1
2020-04-24,"The Zacks Analyst Blog Highlights: Microsoft, Apple, Adobe, Nvidia and Salesforce",0
2020-04-23,"–776 Wealth Llc Buys First Trust Enhanced Short Maturity ETF, Adobe Inc, Apple Inc, Sells ...",0
2020-04-23,3 Blue-Chip Tech Stocks to Buy Right Now Not Named Apple or Microsoft,0
2020-04-20,"Oregon Public Employees Retirement Fund Buys NVIDIA Corp, Netflix Inc, Apple Inc, Sells Procter ...",0
2020-05-06,"Private Ocean, LLC Buys Apple Inc, SPDR Nuveen Bloomberg Barclays High Yield Municipa, Vanguard ...",0
2012-08-27,"Dow Slips in Thin Trade, Apple Lifts Nasdaq",0
2012-08-27,Apple Fuels Nasdaq Advance; Gasoline Rallies,0
2012-08-27,"Apple Boosts Nasdaq Futures; Oil, Gas Jump",1
2020-03-04,"Tech Daily: Conferences Cancelled, AMD Is A Buy, Waymo Raises Cash, Apple Concessions, More",1
2019-05-16,"Harvey Partners, LLC Buys Martin Marietta Materials Inc, Apple Inc, Analog Devices Inc, Sells ...",0
2019-01-04,Apple Selloff Offers A Broadcom Opportunity,1
2019-01-02,Dow Jones Futures Tumble As Apple Warns: Big Test For 2019 Stock Market Rally,-1
2018-11-13,Apple suppliers recover despite Qorvo guide cut,1
2018-11-12,"Apple suppliers drop on Lumentum guide, iPhone target cuts",-1
2018-09-10,"Apple Watch, AirPods to Hit by Trump's Proposed China Tariff",0
2018-06-08,"Tech sector under pressure from Apple suppliers, semi equipment stocks",-1
2017-12-12,"Apple Forging New Base, But iPhone Chip Plays Struggle: S&P 500 Futures",-1
2017-09-10,Five Hot Apple Chip Stocks To Watch Before The Big iPhone Reveal,0
2017-07-05,Futures: These 5 Apple iPhone Suppliers Are Still Ailing,-1
2017-05-25,Stocks Steady At Highs: These 3 Apple Chip Plays Are Near Buys,1
2017-04-11,"Stocks Pare Losses As Apple Suppliers Sink, But Homebuilders Rally",-1
2017-03-06,Apple Chip Deal?,0
2017-02-21,5 Stocks Likely To Benefit From Apple iPhone 8 Upgrade Supercycle,1
2017-02-16,"Alkeon Capital Management Llc Buys Exxon Mobil, PayPal Holdings, Northrop Grumman, Sells Apple, ...",0
2016-12-30,Report on Apple production cut ripples through tech sector,0
2016-12-23,"Apple, Broadcom, Nvidia Among RBC's Top Stock Picks For 2017",1
2016-12-05,"Apple Price Target Cut; Broadcom, ADI Still Buys",-1
2016-09-08,"Apple News Positive For Broadcom, Negative For Qualcomm",1
2016-08-30,Broadcom Seen Delivering $50 Million Q3 Win On Apple iPhone 7 Gains,1
2016-08-27,Broadcom Likely Gained 20% Apple iPhone 7 Content Despite 'Muted' Ramp,1
2016-08-26,These Three Chipmakers Will Survive Apple's Rumored 15%-20% iPhone 7 Order Cut,-1
2016-08-18,Analog Devices Expected To Add $100 Million-Plus In Apple iPhone 7 Sales,1
2016-08-16,Analog Devices Expected To Grow Apple iPhone 7 Content by 30%,1
2016-08-09,Apple Pressuring iPhone Component Suppliers For Price Cuts,-1
2016-07-29,"Apple, Facebook, Alphabet, Amazon, Ford, McDonald's Headlined Busy Week",0
2016-07-27,"Apple Chip Supplier NXP Earnings Fall, But Top Views",-1
2016-07-27,Analog Devices' Linear Deal Cuts Apple Exposure; Could Spur M&A Fever,1
2016-07-27,Apple Upgraded; Twitter A 'Loser'; Caterpillar Price Target Hiked,1
2016-07-26,Linear Rockets On Acquisition By Apple Supplier Analog Devices,0
2016-07-15,"Apple's iPhone 7, 'Less Bad' PC Sales Might Top Chips' Brexit Pain",-1
2016-07-13,Apple Supplier TSM Lingers In Buy Zone On Nixed Samsung Rivalry,0
2016-07-05,Stocks Sink To Session Lows; Will Brexit Take Bite Out Of Apple Sales?,-1
2016-07-05,"Apple iPhone 7 Shipments Could Disappoint; Skyworks, Cirrus Logic Dive",-1
2016-07-05,"Apple Chip Suppliers, Netflix Downgraded; Mobileye, CyberArk Buys",-1
2016-07-01,Intel's Apple iPhone 7 Win Could Buoy Qorvo To Skyworks' Detriment,1
2016-06-24,Analog Devices Gains 30% Content In Apple iPhone 7: Credit Suisse,1
2016-06-02,"Apple Supplier Broadcom Outplays iPhone Freeze, Rockets On Q2 Beat",1
2016-06-02,Applied Materials' OLED Push Could Wrangle 100 Million Apple iPhones,1
2016-05-28,Apple Chipmakers As iPhone Slows: Will Tesla CEO Musk Save Them?,-1
2016-05-19,Apple Supplier Broadcom: 'Multiple Ways To Win' On iPhone 7 Gains,1
2016-05-19,Apple iPhone 7 Ramp In July Will Stoke Q4 Sales: Analog Devices,-1
2016-05-18,Does Analog Devices' Soft Q3 Guidance Prove Apple's iPhone 7 Cut?,-1
2016-05-17,Apple iPhone 7 Ramp To Slug Analog Devices On Declining Q2 Sales,-1
2016-04-19,Apple Suppliers Downgraded On 'Modestly Lower' iPhone Demand,-1
2016-03-31,Will Apple Supplier Skyworks Kick Off 2016 Chip M&A With Maxim Buy?,0
2016-03-11,"Macom Leapfrogs Apple-Supplying Chip Rivals With Lasers, Radar",0
2016-02-22,"Apple Suppliers Cirrus Logic, Analog Devices Begin iPhone 7 Prep",0
2016-02-11,"Qorvo: With Less Apple, Life May Still Be Healthy",1
2016-02-03,Tesla Initiated At Sell; Apple Chipmakers Get Mixed Reviews,0
2016-02-01,"Through M&A, China Is After The Smartphone / Apple Supply Chain",0
2016-01-27,Apple suppliers slide following Apple's results/guidance,0
2016-01-19,Apple Supplier Skyworks Poised For Q1 'Relief Rally',1
2016-01-15,S&P 500 Takes Out August Low; Apple Hit By New iPhone Worries,-1
2016-01-11,Apple Upgraded To Buy; Under Armour Downgraded,1
2016-01-07,"Broadcom 'Story Played Out,' NXP To Lead Apple Sphere",1
2015-11-25,"Palo Alto Networks, Apple Chip Supplier ADI Upgraded",0
2015-10-30,"Chip Frenzy: Apple Supplier, Microsemi Trade Punches",0
2015-10-19,Microsemi Outbids Apple Supplier Skyworks For PMC,0
2015-10-17,Could Apple Stir Chip M&A Froth By Acquiring SanDisk?,0
2015-10-14,"Dow Gets Hit By Apple, Boeing, Wal-Mart; Netflix Sinks After Hours",0
2015-10-14,"Analog Devices +3.3%; BMO upgrades, talks up Apple design wins",1
2015-10-06,Synaptics unveils ClearForce tech in wake of Apple's 3D Touch launch,0
2015-09-21,"Atmel Soars As Dialog, An Apple Chipmaker, To Buy It",0
2015-09-14,"Stocks Fall In Quiet Trading; Chip Names, Apple, Buffer Nasdaq 100",0
2015-09-10,"Apple news is good for these stocks, but not those",1
2015-09-09,"Apple Chipmakers Slip; Who Wins In IPhone, IPad, TV?",0
2015-08-07,Report: Apple's next iPhone event set for week of September 7,0
2015-07-22,"ADI down 6.2% after Drexel Hamilton downgrade, Apple/Linear's numbers",-1
2015-05-22,"Yellen: Fed On Track To Raise Rates; Apple, Brocade Approach Buy Points",1
2015-05-15,Why This Apple Supplier is a Top Pick,1
2015-05-13,Apple Watch gross margins will start low but then rise,-1
2015-05-02,"BRCM, STM, ADI, IDTI, SNDK, MU land Apple Watch design wins",1
2015-05-01,9 chip stocks riding on Apple Watch,0
2015-03-30,Analog Devices Upgraded On Apple Design Win,1
2015-03-30,"Stocks Roll Out Healthy Start; JPMorgan, Apple, Gentherm Climb",1
2015-03-30,"ADI +8.1%; Barclays upgrades, reports of Apple Force Touch wins",1
2015-03-12,Small cap InvenSense Inc (INVN): A Good Bet on the Internet of Things and the Apple Watch? STM & ADI,1
2015-02-19,Apple's Dirty Little Rare Earth Secret,0
2014-09-24,Skyworks Solutions Big Winner In Apple iPhone 6 Chips,1
2013-09-18,Will Motion Sensor Maker InvenSense Get Apple Slice?,0
2013-08-19,"Technology Stock Roundup: Apple Jumps, Cisco Stumbles - Analyst Blog",-1
2015-01-05,Apple Powers Chip-Heavy IBD Top 10,0
2012-09-14,Has Apple Silenced Audience?,-1
2012-09-14,Has Apple Silenced Audience?,-1
2012-09-10,"Apple Throws Everything Into Question For Audience (AAPL, ADNC, QCOM, CRUS)",0
2012-09-07,Audience falls on loss of Apple,-1
2012-09-07,Audience Shares Collapse After Losing Apple Business,-1
2020-03-24,"Portfolio Review: Apple, MSC Industrial, PepsiCo, Mastercard",0
2019-07-31,Apple Drives Up Stock Futures Early As Markets Look Toward Fed Rate Vote,0
2018-05-02,"Stock Market Mixed as Apple Earnings, Fed Meeting In Focus; Shutterfly Gaps Up",-1
2018-01-05,"Dow 30 Stock Roundup: Apple Apologizes for iPhone Issue, Disney's The Last Jedi Crosses $1B Mark",0
2020-05-01,"Robertson Stephens Wealth Management, LLC Buys Adaptive Biotechnologies Corp, Apple Inc, ...",0
2017-02-15,Why Warren Buffet Quadrupled His Position In Apple,0
2015-09-14,"Stocks Quietly Lower As Apple Tops Dow, Tyler Tech Breaks Out",1
2015-02-05,Major hospitals evaluating Apple's HealthKit service,0
2020-02-11,"Optimus Prime Fund Management Co., Ltd. Buys Yelp Inc, ServiceNow Inc, Fortinet Inc, Sells Apple Inc",0
2019-11-06,"Capco Asset Management, LLC Buys Autodesk Inc, Camping World Holdings Inc, Ambev SA, Sells Apple Inc",0
2016-02-16,Stocks Extend Gains; China News Lifts Apple; ADT Soars On Buyout,1
2015-07-27,"Apple, Google Self-Serve Home Security Takes On ADT",0
2015-07-27,"Apple, Google Self-Serve Home Security Takes On ADT",0
2014-05-30,"Ahead of WWDC, Apple's Expected Connected-Home Salvo",0
2015-01-28,Nasdaq Recovers After Reversal; Apple Shines Brightly,1
2013-10-28,Stocks Inch Quietly Higher; Apple Gains Ahead Of Earnings,1
2016-05-13,Apple Challenges Uber For The Future Of Driving,-1
2019-06-02,"Apple's WWDC, DuPont's Return And Tariff Anxiety (Stocks To Watch Podcast)",0
2019-06-01,"Stocks To Watch: Apple's WWDC, DuPont's Return And Tariff Anxiety",0
2018-11-29,"Paul Tudor Jones Continues to Buy Apple, Alibaba",0
2018-11-01,Stocks Battle To Stay Up With Apple Earnings Due; This Hot IPO Stock Collapses,-1
2018-07-31,Can Apple Save Us From this Tech Wreck?,-1
2016-08-11,"Apple, CyberArk PTs Hiked; Kors PT Cut; Shake Shack Upgraded",0
2015-08-25,"Apple Spikes On Upgrade; BofA, JPMorgan Also Pop",0
2014-10-21,Office Depot One of the First to Accept Apple Pay - Analyst Blog,0
2014-03-21,"Apple, MCX: Mobile Wallet Friends, Foes Or Frenemies?",0
2013-09-17,"Stocks Climb In Mixed Trade; Microsoft, Apple Move Higher",1
2012-04-16,"Winmark is More Profitable than Apple with Insiders Buying (WINA, AAPL, JWN)",1
2012-03-02,"The Zacks Analyst Blog Highlights: Gap, American Eagle Outfitters, Nokia, Canon and Apple - Press Releases",0
2011-08-25,"Apple, Toll, Wells Fargo: New Targets, Estimates",0
2019-10-25,"Sage Rhino Capital Llc Buys ishares Gold Trust, Apple Inc, Barrick Gold Corp, Sells Aramark, ...",0
2018-11-29,"Paul Tudor Jones Continues to Buy Apple, Alibaba",0
2018-10-12,"Centene: This Fortune 500 Insurer Beats Apple, Amazon In Key Metric",1
2018-05-03,"Top Analyst Reports for Apple, ExxonMobil, Citigroup & Amgen",0
2018-01-05,"Stocks To Watch: Who Joins Apple, BofA On List Of New Buys By Top Funds?",0
2017-10-31,Stock Futures Edge Higher; Chip Giant Hit On Apple News,1
2017-08-14,Apple in Talks with Aetna to Bring Apple Watch to Millions of Customers,0
2017-08-14,Aetna meets with Apple to bring smartwatch to more consumers: report,0
2017-02-17,"Week In Review: Dow Keeps Rising As Apple Hits High, Verizon Unlimited, Kraft Eyes Unilever",0
2017-02-15,"Warren Buffett Reveals New Picks - Apple, Airlines, And Arb",0
2017-02-01,"Stocks Salvage Gains In Session Stirred By Apple, AMD, Facebook, Fed",1
2017-01-28,"Facebook, Apple, Amazon, Fed, Jobs Report: Investing Action Plan",0
2017-01-24,"Apple, Aetna, Humana Downgraded; Comcast PT Raised Ahead Of Q4",-1
2017-01-12,Wall Street Breakfast: Apple Sets Its Sights On Hollywood,0
2016-12-30,Top 10 Trends To Watch For 2017: From Trump To Apple's iPhone 8,0
2016-10-25,Wall Street Breakfast: Apple Earnings Take Center Stage,0
2016-09-29,Aetna subsidizing Apple Watch: Fitbit gets downgrade,-1
2016-09-29,"Fitbit Downgraded On Charge 2 Reception, Apple Watch Win",-1
2016-09-27,Aetna Will Subsidize Apple Watch In Health Care Win For Apple,0
2016-09-12,"Lee Ainslie Invests in Apple, American Airlines",0
2016-08-30,Apple Owes Ireland Billions - Good,1
2016-08-02,Apple-Backed Didi's Uber Deal,0
2016-05-13,"Week In Review: Apple, Macy's, Walt Disney Signal Consumer Slowdown",-1
2015-12-16,Apple Supplier Qualcomm PT Cut; Northrop Upgraded,1
2017-03-10,Apple Goes Hollywood,0
2016-03-22,Will Apple Get Imagination?,0
2016-02-03,Apple Is #2,0
2018-08-03,"The Zacks Analyst Blog Highlights: Apple, Procter & Gamble, Citigroup, Petrobras and Aflac",0
2018-08-02,"Top Research Reports for Apple, Procter & Gamble & Citigroup",0
2018-07-10,"Hexavest Inc. Buys Canadian Natural Resources, ConocoPhillips, Apple Inc, Sells iShares MSCI ...",0
2017-02-27,"Tesla Cut To Sell; Apple Gets Price-Target Hike, Buffett Boost",1
2015-08-27,Apple Supplier Avago Gets PT Cut; Amazon Sees Upgrade,1
2012-10-04,"This Fund Manager Beats the S&P, Shuns Apple and Loves a Certain Metric",0
2012-07-25,"Apple, Priceline.com Among Stocks Down on High Volume Wednesday",-1
2019-03-24,Apple Makes Its Video-Streaming Move (Stocks To Watch Podcast),0
2019-03-23,Stocks To Watch: Apple Makes Its Video-Streaming Move,0
2016-06-06,3-Way Apple V. Google V. Amazon Voice Assistant Battle Will Drive M&A,0
2018-06-02,"Stocks To Watch: Eyes On Apple's WWDC, SCOTUS And D.C.",0
2011-03-16,"Apple, BB&T: Analysts' New Ratings",0
2020-05-05,"Eudaimonia Partners, LLC Buys Apple Inc, Amazon. ...",0
2020-04-22,"Ingalls & Snyder Llc Buys Apple Inc, Berkshire Hathaway Inc, Abbott Laboratories, Sells ...",0
2020-02-14,"Fragasso Group Inc. Buys Apple Inc, Booking Holdings Inc, iShares Core U.S. ...",0
2020-02-10,"Evergreen Advisors, LLC Buys iShares Core U.S. Aggregate Bond ETF, Apple Inc, Schwab U.S. ...",0
2018-08-15,"Smith & Howard Wealth Management, LLC Buys iShares Core MSCI EAFE, Microsoft Corp, Apple ...",0
2017-02-01,"Stock ETFs Mixed; Financials, Techs Lead After Cheery Apple Report",-1
2016-09-16,QQQ ETF Bucks Stock Malaise As Apple And Intel Stomp To High Ground,-1
2016-07-20,This Tech ETF With Less In Apple And Alphabet Is Better Off For It,1
2016-07-05,Gold ETF Streaks Further Ahead; Chip ETFs Hit On Apple IPhone Report,1
2016-06-02,"Tech ETFs Slide Along With Apple, Broadcom; Oil Sinks On No Deal",0
2016-05-16,"Stock ETFs Pop Amid Buffett's Apple Buy; Gold ETF, Miners Trim Gains",1
2016-04-28,"Tech Funds Finish Mixed With Apple, Facebook In Motion",0
2016-04-26,Small-Cap Funds Pop Amid Anemic S&P 500 Results; Apple Falls After Hours,-1
2016-03-30,"S&P 500, Dow ETFs Hit 2016 Highs Led By Apple; Oil Gives Up Gains",1
2016-03-28,"S&P 500, Dow ETFs Grapple For Gains As Oil Continues To Weigh",-1
2016-03-01,"Momentum, Growth Funds Lead In Strong March Start; Apple At $100",1
2019-03-24,Apple Makes Its Video-Streaming Move (Stocks To Watch Podcast),0
2019-03-23,Stocks To Watch: Apple Makes Its Video-Streaming Move,0
2015-01-13,"Stocks Rumble Ahead Despite Oil; Alaska Air, Celgene, Apple Jump",0
2019-09-08,"Apple, IPOs And German Auto (Stocks To Watch Podcast)",0
2019-09-07,"Stocks To Watch: Apple, IPOs And German Auto",0
2019-10-11,"Resource Sector Digest: The Value Of Apples, Oranges, And Ounces In The Ground",0
2015-02-18,"Soros Dumps Apple, Buys China",0
2016-09-16,Week In Review: Apple iPhone Demand Lifts Markets; GM Takes On Tesla,1
2016-08-30,Apple Owes Ireland Billions - Good,1
2012-10-23,"Stocks Mixed In Early Trade; Apple, Priceline.com Rebound",0
2017-01-09,"Stock Indexes Mixed, But Apple Clears Entry",1
2016-11-17,"Stocks Up, Best Buy Soars, Planet Fitness Cools; Can Apple Break Out Again?",0
2020-01-22,"Goodwin Daniel L Buys Medifast Inc, CyrusOne Inc, Uber Technologies Inc, Sells Apple Inc, ...",0
2019-06-02,"Apple's WWDC, DuPont's Return And Tariff Anxiety (Stocks To Watch Podcast)",0
2019-06-01,"Stocks To Watch: Apple's WWDC, DuPont's Return And Tariff Anxiety",0
2018-10-09,How Do You Like Them Apples?,0
2020-02-27,"Wearable AI Market (New PDF) [Review: —…—…-—…—9] | Top Players – Apple Inc, ...",0
2010-03-30,"Apple, Verizon: Tuesday's Headlines",0
2018-09-13,"Chips, Internets Boost Nasdaq As Apple Continues Rise To $1.25 Trillion Market Cap",1
2019-11-04,Swapping Apple For Apple - October Dividend Portfolio Update,0
2019-10-30,What to Expect From Apple Hospitality's (APLE) Q3 Earnings?,0
2016-09-12,New Innovations At Apple Will Weigh Heavily On Its Supply Chain,-1
2015-09-25,"Apple, Microsoft Lead '15 Payout Hikes But Pace Slows",0
2017-01-13,"North Star Investment Management Corp. Buys Apple Inc, Microsoft Corp, iShares –-' Year ...",0
2020-04-03,Apple (AAPL) Card Users May Defer April Payments Amid Coronavirus,0
2019-09-30,Dow Jones Futures: Apple A Buy After Modest Stock Market Rally; Microsoft Leads 5 Software Stocks Near Buy Points,1
2019-08-13,"H—o Am Llp Buys Alphabet Inc, Apple Inc, Amgen Inc, Sells General Motors Co, Oracle Corp, ...",0
2019-07-30,"Dow Jones Futures: Apple, AMD Lead Key Earnings Movers; Stock Market Rally Awaits Fed Rate Cut",1
2019-04-30,"Dow Jones Futures: Apple, AMD Lead 5 Stocks Near Buy Points Moving On Earnings",1
2019-03-25,"Premarket Trading Mixed: Boeing, Apple Hoist Dow Jones",0
2018-04-28,"Stocks To Watch: Apple, FOMC And China On Tap",0
2017-04-18,"Hartwell J M Limited Partnership Buys Apple, UnitedHealth Group, Mesabi Trust, Sells Anadarko ...",0
2018-07-18,Akers Biosciences inks deal with Appleton Medical Services for heparin PF4 rapid test covering additional 12 states,0
2017-04-10,"Stocks Rally Amid Merger News; Cat, Chevron Lift Dow; Apple Halts Slide",1
2016-08-30,Apple Owes Ireland Billions - Good,1
2016-05-13,"Week In Review: Apple, Macy's, Walt Disney Signal Consumer Slowdown",-1
2015-12-30,Bold Bets For 2016 - From Apple To Icahn,0
2015-04-27,Stocks Fade; Apple Up Ahead Of Q2; Akorn Thrashed,1
2015-04-17,Global Worries Sink U.S. Stocks; Apple Breaches Support Level,-1
2015-04-15,"Stock Futures Grapple Higher; Biogen, Akorn Lead IBD 50 List",1
2014-10-21,"Stocks Post Solid Early Advance; Apple Lifts Nasdaq, S&P 500",1
2014-10-20,"Nasdaq Extends Gains; Apple, Chipotle Rise Pre-Earnings",1
2014-08-07,"Apple, Lithia Motors Test Key Support Areas",0
2017-02-13,Apple Rises On AR iPhone Hopes; Weibo And Momo Are Buys; Nucor Upgraded,1
2013-09-20,"Stock Futures Give Up Gains; Apple, Ulta Beauty Rising",1
2012-03-19,Stocks Edged Higher; Apple Closes Above $600,1
2012-01-19,'Fast Money' Recap: Apple Too Big?,1
2020-05-05,"Legacy Capital Partners, Inc. Buys Apple Inc, Colgate-Palmolive Co, Albemarle Corp, Sells ...",0
2019-11-04,Swapping Apple For Apple - October Dividend Portfolio Update,0
2018-03-13,Road To Financial Independence: My February 88-Stock Portfolio Review With Big Apple Purchase,0
2017-12-15,"My Journey To Financial Independence: 86-Stock November Portfolio Update - Buying Apple, AbbVie And BMW",0
2017-11-20,"Susquehanna International Group, Llp Buys Apple Inc, Boeing Co, Arista Networks Inc, Sells ...",0
2016-05-12,Apple And Disney Have Staying Power - Cramer's Mad Money (5/11/16),1
2011-04-21,"Apple, Qualcomm: New Targets, Estimates",0
2020-01-09,"Dow Jones Runs 200 Points Higher As Iran Fears Fade; Apple, Goldman Rally",1
2018-09-02,An Apple A Day Can't Keep Strong Gains Away From These 5 Hot Medical Stocks,-1
2018-02-02,"Dow Plunges 600 Points As Interest Rates Run Higher; Alphabet, Apple Slammed",-1
2017-11-03,"Align Technology, Tesla, Apple, Starbucks and Unilever highlighted as Zacks Bull and Bear of the Day",0
2017-10-27,"Nasdaq Leads Futures As Apple, Amazon, Facebook, Alphabet Surge",0
2017-08-04,"Align Technology, Acacia Research, Apple, Amazon and Alphabet highlighted as Zacks Bull and Bear of the Day",0
2016-11-28,Stocks Drift Lower As Crude Oil Jumps; Apple Shows Resilience In Dow,1
2016-08-15,"Ronald Muhlenkamp Sells Allegiant, Microsoft, Apple",0
2015-12-31,Apple On Track For 2015 Loss As Stocks Remain Firmly In Red,1
2015-08-11,Stocks Slump In Higher Volume; China Devaluation Bad News For Apple,-1
2015-08-10,"Stocks End With Solid Gains; Apple, Caterpillar Pump Up The Dow",1
2018-09-11,"Apple, Alaska Air, Ribbon Communications, Avid and Camtek highlighted as Zacks Bull and Bear of the Day",0
2018-03-20,Alaska Air Group Grapples With Cost Woes: Time to Dump?,-1
2017-11-20,"Susquehanna International Group, Llp Buys Apple Inc, Boeing Co, Arista Networks Inc, Sells ...",0
2017-08-25,"Stocks Up, Transports Rebound; 5 Reasons To Keep Holding Apple",1
2016-12-07,Trump Vow On Drug Prices Fails To Stop Rally; Apple Retakes Prior Buy Point,-1
2016-10-12,"Stocks Flat, Tesla Back Above 200; Did Apple Trigger A New Buy?",1
2016-09-12,"Lee Ainslie Invests in Apple, American Airlines",0
2016-07-08,"Week In Review: Stocks Rise Despite Brexit Fears; Tesla, Costco, Apple, WhiteWave",0
2016-06-17,Nasdaq Leads Stocks Lower Into Close; China Bites Apple,-1
2016-05-16,"Warren Buffett Buys Apple, One Of Two Things Buffett Is Doing That He Doesn't Do",0
2016-01-07,"Apple, Fitbit Price Targets Cut; Airlines Upgraded",1
2015-12-04,"Stocks Cap Week With Giant Gains As Apple, Microsoft Lead The Dow",1
2015-10-06,Stocks Mixed As Tesla Skids But Apple Avoids Supplier Stock Sell-Off,-1
2015-08-03,Stocks Mired In Red As Oil Plunges; Apple Gives Up 200-Day Line,0
2015-07-18,Move Aside Apple: 8 IBD 50 Stocks With Earnings Due,0
2015-01-13,"Stocks Rumble Ahead Despite Oil; Alaska Air, Celgene, Apple Jump",0
2014-11-03,"Apple, Alibaba Lead 5 Stocks Bolting To New Highs",0
2013-05-06,Stocks Close Mostly Higher; Apple Boosts Nasdaq,1
2013-04-23,"Stocks Pull Back Late Session; Apple, Panera Earnings On Tap",0
2013-04-17,Indexes Notch Sharp Declines; New 52-Week Low For Apple,-1
2019-08-01,"Top Research Reports for Apple, BP & Canadian National",0
2018-11-01,Apple Q4 Rise In Revenue Expected (Wall Street Breakfast Podcast),1
2018-11-01,Wall Street Breakfast: What's In Store For Apple Earnings?,0
2017-09-11,"Stock Futures Advance; Apple, Tesla, Travelers Stake Early Leads",0
2016-05-25,"Apple, Tesla Self-Driving Cars May Kill Off Consumer Auto Insurance",-1
2013-01-03,"Mellanox, Allot, Facebook, Apple: Tech Premarket",0
2013-01-03,"Mellanox, Allot, Facebook, Apple: Tech Premarket",0
2019-10-23,It's Still Game On in the Big Apple: Ally Turns New York City into Live MONOPOLY® Gameboard ...,0
2019-10-02,"Dow Jones Plunges 500 Points, Hurt By Recession Fears; Cisco, Intel, Apple Hit Hard",-1
2019-09-10,"Dow Jones Futures: From Apple To Zscaler, This Is The New Stock Market Trend",0
2018-09-07,"Ally Financial, At Home Group, Netflix, Apple and Disney highlighted as Zacks Bull and Bear of the Day",0
2017-07-26,"Eidelman Virant Capital Buys Ally Financial Inc, Apple Inc, Atento S. ...",0
2020-05-15,"Kemnay Advisory Services Inc. Buys Apple Inc, Netflix Inc, Alnylam Pharmaceuticals Inc, Sells ...",0
2017-04-17,"Stocks Open Higher: McDonald's, Apple Rise On The Dow",1
2017-03-10,Apple Goes Hollywood,0
2017-01-25,"Amazon, Apple, And Netflix Versus Liberty",0
2016-03-22,Will Apple Get Imagination?,0
2012-04-20,Does Apple Need Help Selling iPhones?,0
2012-04-20,Does Apple Need Help Selling iPhones?,0
2018-11-29,"Paul Tudor Jones Continues to Buy Apple, Alibaba",0
2017-12-20,"Auto Sector Grapples with Peak U.S. Sales, Safety Recalls",-1
2018-05-15,Stocks Torched By Hot Treasury Bond Sell-Off; Why Apple Gap Down Is Not A Sell Signal,0
2018-04-28,"Stocks To Watch: Apple, FOMC And China On Tap",0
2015-12-08,Apple Supplier NXP Muscles Up With Freescale Merger,0
2015-12-08,"Apple iPhone, IoT, Mergers Lift Avago Near Buy Zone",1
2015-11-19,Chip Fever: Microsemi Ups PMC Bid Over Apple Supplier,0
2015-10-30,"Chip Frenzy: Apple Supplier, Microsemi Trade Punches",0
2015-10-19,Microsemi Outbids Apple Supplier Skyworks For PMC,0
2015-09-04,"The Zacks Analyst Blog Highlights: Apple, Altera, IBM, Bristol-Myers Squibb and AT&T",0
2016-01-08,Apple Reads Your Mind,0
2015-12-23,Apple Tax Charges 'Total Political Crap',0
2015-04-22,"Nokia HERE Maps Unit Bidders: Apple, Alibaba, Facebook, Uber?",0
2012-07-27,Apple's AuthenTec Deal Could Be Digital Wallet Play,0
2011-04-12,"Why Alcatel-Lucent Is Hot, Apple Is Not",0
2011-03-15,"Cisco, Apple Dip on Japan's Crisis",-1
2010-04-27,Apple iPhone Leak Kicks Off Campaign of Hype,1
2012-12-14,Stocks Socked Despite Upbeat China Numbers; Apple Falls,-1
2020-02-13,"Bank Of Hawaii Buys Apple Inc, Akamai Technologies Inc, Lam Research Corp, Sells iShares Core ...",0
2019-09-08,"Apple, IPOs And German Auto (Stocks To Watch Podcast)",0
2019-09-07,"Stocks To Watch: Apple, IPOs And German Auto",0
2019-11-04,Swapping Apple For Apple - October Dividend Portfolio Update,0
2017-02-24,"Stock Indexes Down, But Apple, Tesla, Nvidia Stage Bullish Reversals",1
2017-01-06,"Stocks Start 2017 With An Up Week; Goldman, Apple, Antero Climb",0
2019-09-08,"Apple, IPOs And German Auto (Stocks To Watch Podcast)",0
2019-09-07,"Stocks To Watch: Apple, IPOs And German Auto",0
2018-11-29,"Paul Tudor Jones Continues to Buy Apple, Alibaba",0
2015-09-25,Stocks Mixed As Biotechs Sink; Apple Stages Downward Reversal,-1
2020-05-08,"Citizens Financial Group Inc Buys Apple Inc, iShares Core MSCI Emerging Markets, Facebook Inc, ...",0
2020-05-06,"Dow Jones Lower As Payroll Drop Weighs; Are Apple, Microsoft Still In Buy Zone?",-1
2020-03-24,Apple (AAPL) Lifts Online iPhone Sales Limit Amid Coronavirus Woes,1
2020-03-19,Apple (AAPL) Updates Portfolio Despite Coronavirus Shutdown,0
2020-03-03,Apple to Pay $500 Million Settlement Over Battery Scandal,0
2019-08-29,"Dow Jones Futures: Stock Market Rally Nears Key Test; Apple, Microsoft, Ulta Beauty, Workday, Ambarella In Focus",0
2019-09-08,"Apple, IPOs And German Auto (Stocks To Watch Podcast)",0
2019-09-07,"Stocks To Watch: Apple, IPOs And German Auto",0
2019-04-28,"Eyes On Apple, Uber, F8 And Avengers (Stocks To Watch Podcast)",0
2019-04-27,"Stocks To Watch: Eyes On Apple, Uber, F8 And Avengers",0
2019-04-27,"Stocks To Watch: Eyes On Apple, Uber, F8 And Avengers",0
2019-04-14,"Spotlight On Earnings, Pinterest And Apple-Qualcomm (Stocks To Watch Podcast)",0
2019-04-13,"Stocks To Watch: Spotlight On Earnings, Pinterest And Apple-Qualcomm",0
2018-04-28,"Stocks To Watch: Apple, FOMC And China On Tap",0
2017-08-18,Movie Studios Considering Rental Plan with Apple & Comcast,0
2017-08-02,"Stocks Open Higher: Apple Breaks Out, Dow Clears 22,000",0
2017-08-02,"Stock Futures Mixed: Apple Soars, 2 Leaders Suffer Hard Hits",-1
2016-12-21,17% Pop On Apple Supplier Deal,0
2017-01-25,"Amazon, Apple, And Netflix Versus Liberty",0
2017-10-30,Factors That May Impact Apple's (AAPL) Earnings in Q4,-1
2017-02-14,"Lou Simpson Buys Apple, Cable One, Tyler Technologies, Sells Wells Fargo, Charles Schwab, AMETEK",0
2019-06-02,"Apple's WWDC, DuPont's Return And Tariff Anxiety (Stocks To Watch Podcast)",0
2019-06-01,"Stocks To Watch: Apple's WWDC, DuPont's Return And Tariff Anxiety",0
2015-12-23,Apple Tax Charges 'Total Political Crap',0
2020-01-16,"Arlington Partners LLC Buys JPMorgan Alerian MLP Index ETN, Berkshire Hathaway Inc, Apple Inc, ...",0
2017-10-10,"Baystate Wealth Management LLC Buys iShares Core MSCI EAFE, Apple Inc, JPMorgan Chase Capital ...",0
2020-03-13,Apple Reopens China Stores After Weeks of Coronavirus-Led Closure,0
2016-09-12,"Lee Ainslie Invests in Apple, American Airlines",0
2012-06-07,Obama Campaign Buys More Apple Than Exxon,0
2012-06-07,Obama Campaign Buys More Apple Than Exxon,0
2018-12-04,"Apple suppliers, chips drop on Cirrus cut",0
2018-11-13,Apple suppliers recover despite Qorvo guide cut,1
2018-11-12,"Apple suppliers drop on Lumentum guide, iPhone target cuts",-1
2016-06-15,"After The Close: Apple Supplier Cavium Buys QLogic; Envision, Amsurg To Merge",0
2015-09-29,Stocks Mixed As Rally Loses Steam; Apple Drags Despite Record Sales,-1
2020-05-14,"Amtrust Financial Services, Inc. Buys Uber Technologies Inc, American Tower Corp, Apple Inc, ...",0
2020-05-13,"Thames Capital Management Llc Buys Apple Inc, Amazon. ...",0
2020-05-07,"Rossmore Private Capital Buys Apple Inc, Amazon. ...",0
2020-05-07,"Klingenstein Fields & Co Llc Buys Fortive Corp, Apple Inc, Intuitive Surgical Inc, Sells ...",0
2020-04-23,"Pacer Advisors, Inc. Buys Microsoft Corp, Apple Inc, Amazon. ...",0
2020-04-22,"Usca Ria Llc Buys Apple Inc, Microsoft Corp, Amazon.com Inc, Sells iShares Core U.S. ...",0
2020-01-28,"Cornerstone Wealth Group, LLC Buys Apple Inc, VanEck Vectors ETF Trust - VanEck Vectors ...",0
2019-08-06,"David Carlson Exits Medtronic, Trims Apple Holding",0
2019-06-02,"Apple's WWDC, DuPont's Return And Tariff Anxiety (Stocks To Watch Podcast)",0
2019-06-01,"Stocks To Watch: Apple's WWDC, DuPont's Return And Tariff Anxiety",0
2018-04-28,"Stocks To Watch: Apple, FOMC And China On Tap",0
2017-10-30,"White Bay Pt Llc Buys Wal-Mart Stores Inc, Bank of America Corporation, Boeing Co, Sells Apple ...",0
2017-07-19,Apple Tops These 2 Growth Stock Plays In Buy Range,1
2017-04-07,"Insiders Roundup: Apollo Global Management, Apple",0
2016-04-01,"How Apple, Amazon, Microsoft Figure Into Fast-Changing REIT Markets",0
2019-11-04,Swapping Apple For Apple - October Dividend Portfolio Update,0
2018-09-08,"Stocks To Watch: Apple Event, Chinese Auto IPO To Headline",0
2017-02-03,"Weekly Review: Apple, Facebook, Amazon, UPS, Schwab, Dow, Trump",0
2015-07-06,"Apple, Twitter Attracted Bargain Hunters in June",0
2015-06-23,TD Ameritrade launches Apple Watch app,0
2014-01-07,Apple And Amazon: Why Bill Miller Still Likes Them,0
2010-12-16,"Apple: Analysts' New Targets, Estimates",0
2010-07-06,"Apple: Analysts' Upgrades, Downgrades",0
2016-07-01,Jay Z Sells Out To Apple,0
2019-04-10,"A Billion Pockets, Y'all! Notes On The Apple March Services Event",0
2017-07-13,"Telecom Stock Roundup: Qualcomm - Apple Patent Dispute Intensifies, T-Mobile US Hikes Unlimited Data Price",-1
2015-11-19,Apple To Buy Box; Netflix Also In 2016 Predictions,0
2015-11-19,Apple To Buy Box; Netflix Also In 2016 Predictions,0
2015-11-19,Apple To Buy Box; Netflix Also In 2016 Predictions,0
2015-11-19,Apple To Buy Box; Netflix Also In 2016 Predictions,0
2015-11-19,Apple To Buy Box; Netflix Also In 2016 Predictions,0
2015-02-11,Wall Street Breakfast: Apple's Market Cap Closes Above $700B,0
2016-01-06,"Stocks Falter In Weighty Trade; Smith & Wesson, Apple Slide",-1
2013-05-07,"Savant Edward Lampert, Top Six Holdings - Great Gains Despite One Bad Apple",1
2012-04-25,"Stock Futures Higher on Apple's Blowout Quarter. Stocks to Watch: AAPL, AN, BIDU, BAC, CAT, CLF, LLY, QCOM, SAP",1
2012-04-13,15 Apple-Like Stocks That Could Bear Similar Fruit (Update1),0
2010-04-07,"Apple: Analysts' Upgrades, Downgrades",0
2016-05-26,Apple's Next Moves? Hints From M&A Talks,0
2016-05-16,"Warren Buffett Buys Apple, One Of Two Things Buffett Is Doing That He Doesn't Do",0
2016-05-16,"Stock Futures Mixed; Apple, Yahoo Get Buffett Boost",1
2019-11-01,"Dow Jones Rallies On Big Jobs Report Beat; Alibaba, Apple, Fortinet Rise",1
2019-10-31,"Dow Jones Futures: Pinterest, Arista Networks, Apple Chipmaker Qorvo Are Big Earnings Movers After China Trade News Nicks Stock Market Rally",1
2019-07-31,"Names You Can Buy Before The Rate Cut; Also, Boo Apple, Yes, I Diss",0
2019-04-28,"Eyes On Apple, Uber, F8 And Avengers (Stocks To Watch Podcast)",0
2019-04-27,"Stocks To Watch: Eyes On Apple, Uber, F8 And Avengers",0
2019-04-27,"Stocks To Watch: Eyes On Apple, Uber, F8 And Avengers",0
2019-03-21,"Nasdaq, S&P 500 Rally To 5-Month Highs; Is Apple Ready To Run?",1
2019-03-11,"These 4 Techs Soar, Boosting Nasdaq And NYSE; Will This FANG Stock Outperform Apple In 2019?",1
2019-02-15,"Dow Jones Leads Big Stock Rally, But Apple Falls On Buffett News",1
2018-11-02,"Stock Market Today Drops As Apple Weighs, But Indexes Post Strong Weekly Gains",1
2018-11-01,"Dow Jones Futures: Apple Stock Dives On Guidance, But Starbucks Signals Breakout",0
2018-08-03,Apple Rises Nearly 9% For Week As This Consumer Sector Leads Bullish Run In Stock Market,1
2018-05-04,"Stocks Mixed After Job Gains Lag Forecasts, But Apple Clears A New Buy Point",1
2018-03-13,Road To Financial Independence: My February 88-Stock Portfolio Review With Big Apple Purchase,0
2018-02-16,"Stock Futures Attempt To Extend Rally As Apple Dips, Arista Dives",0
2018-02-15,"Apple, Dow Jones, S&P 500 Make Key Technical Gains; Arista Networks, LogMeIn Dive On Outlooks",1
2017-11-16,Small Caps Up Big On Tax Plan; Can Cisco Follow Apple As A New Turnaround Play?,1
2017-11-03,Stocks Trim Gains; Apple Shares Hit New High On Blowout Earnings,-1
2017-11-03,"Apple Lifts Stock Futures; Starbucks Sags, Arista Leads IBD 50",1
2017-11-02,The IBD 50's Top 3 Stocks Make Big Moves Late; Apple Eyes $900 Billion: S&P 500 Futures,0
2017-08-14,"Stocks Up, Arista Leads; 3 Signs Why Apple's Breakout May Bear Fruit",1
2017-04-28,"Apple, Tesla, Facebook, Fed Will Grab Spotlight: Investing Action Plan",0
2017-03-20,"Stocks Mixed As Oil Slides; Dow, Nasdaq Finish Flat; How High Can Apple Go?",0
2017-03-20,Stocks Trade Mixed; Apple Hits Record High On iPhone 8 Hype,1
2017-02-17,"Stock Indexes Quiet, But Apple Supplier Cognex Leaps 9%",1
2017-02-17,Dow Threatens To End Win Streak; Apple On Track For New Closing High,1
2017-02-17,Dow Threatens To End Win Streak; Apple On Track For New Closing High,1
2017-01-17,"Market Rebounds Off Lows; Financials Sell Off, Apple Strengthens",1
2016-11-21,"Stocks Close At Record Highs; Oil Jumps 4%, Apple Leads Dow",1
2016-09-19,"Stocks Close Lower Ahead Of Fed; Apple, Intel Weigh",0
2016-03-21,"Apple Supplier Broadcom, Tech Giant Cisco Pitted In Data Center War",0
2016-01-14,"Apple, Facebook Data Center Capital Spending Eyed",0
2015-08-21,"Stocks Sink To Fresh Session Lows As Apple, Nike Keep Falling",-1
2015-08-20,Apple Falls On China Woes; Ross Sinks After Hours,0
2016-09-02,"Week In Review: Apple Vs. EU, Hiring So-So, Auto Sales Fall, Salesforce Guides Low",-1
2016-08-30,"Stocks Drift Lower; Apple Dips As Hershey, Abercrombie Dive",-1
2020-05-11,"Wisconsin Capital Management Llc Buys NVIDIA Corp, Apple Inc, Ansys Inc, Sells Intuitive ...",0
2020-03-04,"Thinking about trading options or stock in Apple, Anthem, Biogen, Netflix, or NVIDIA?",0
2019-11-15,"Schroder Investment Management Group Buys Facebook Inc, Weibo Corp, Apple Inc, Sells Bank ...",0
2019-07-28,"Headliners Include Apple, Beyond Meat And IBM (Stocks To Watch Podcast)",0
2019-07-27,"Stocks To Watch: Headliners Include Apple, Beyond Meat And IBM",0
2018-11-05,"Top Research Reports for Apple, Visa & Starbucks",0
2018-10-12,"Centene: This Fortune 500 Insurer Beats Apple, Amazon In Key Metric",1
2018-07-31,Can Apple Save Us From this Tech Wreck?,-1
2018-05-15,"Glenview added Express Scripts, exited Apple in Q1",0
2018-02-06,"Top Analyst Reports for Apple, Visa, Chevron & Altria",0
2017-02-17,"Week In Review: Dow Keeps Rising As Apple Hits High, Verizon Unlimited, Kraft Eyes Unilever",0
2017-02-16,"Partner Investment Management, L.P. Buys Anthem, Cigna, AbbVie, Sells Apple, Baxter ...",0
2017-02-15,"Warren Buffett Reveals New Picks - Apple, Airlines, And Arb",0
2017-01-31,Stocks Rally Off Session Lows; Apple Ready To Rock After Earnings Beat?,1
2017-01-28,"Facebook, Apple, Amazon, Fed, Jobs Report: Investing Action Plan",0
2017-01-12,Wall Street Breakfast: Apple Sets Its Sights On Hollywood,0
2016-10-25,Wall Street Breakfast: Apple Earnings Take Center Stage,0
2016-05-13,"Week In Review: Apple, Macy's, Walt Disney Signal Consumer Slowdown",-1
2015-02-11,Wall Street Breakfast: Apple's Market Cap Closes Above $700B,0
2020-01-17,"Strid Group, LLC Buys Apple Inc, iShares Core Aggressive Allocation ETF, Sells SPDR S&P ...",0
2016-09-20,"Apple's iPhone Is Good, No Bad?; Google's New Devices; Adobe's Earnings Beat - Eye On Tech",1
2015-05-12,Apple TV Ad Technology Seen Boosting Network Revenue,1
2014-07-18,"Apple, IBM Enterprise Pact Faces Huge Challenges",-1
2013-12-06,Apple Hits a 52-Week High - Analyst Blog,0
2013-09-06,Biz Lessons From Educators; Apples For Entrepreneurs,0
2013-02-08,Stock Futures Mixed After Trade Data; Apple Rises,-1
2012-10-02,The Continuing Glitch of Apple's New Maps App,-1
2012-09-28,Apple CEO Admits Its Maps Lag; Suggests Alternatives,0
2012-09-28,"Why Cisco, Google And Apple All Became Big Winners",1
2012-09-28,Apple CEO Admits Its Maps Lag; Suggests Alternatives,0
2012-08-30,"Is Apple's Retail Empire On The Rocks? (AAPL, TWX, AOL, BBY, JCP)",0
2012-06-14,"Apple Ditches Google Maps, With Mobile Ads At Stake",0
2012-05-15,"Renaissance Adds Dell, Yahoo!, Trims Apple",0
2012-05-15,"Renaissance Adds Dell, Yahoo!, Trims Apple",0
2012-04-14,Apple's Wild Week: Tech Weekly Recap,0
2012-04-14,Apple's Wild Week: Tech Weekly Recap,0
2012-04-09,"AOL, Apple: Premarket Movers",1
2012-04-09,"AOL, Apple: Premarket Movers",1
2011-12-23,"Apple, Google - Both Undervalued Stocks by the Numbers",1
2011-12-23,"Apple, Google: Both Undervalued Stocks by the Numbers",0
2011-07-11,Apple's App Store Fight; LivingSocial's IPO,0
2011-03-23,Apple Exec Departure: Morning Tech Bytes,0
2010-06-01,"Apple: Analysts' Upgrades, Downgrades",0
2018-02-05,"Cisco, Apple, Aon, Allianz Introduce a First in Cyber Risk Management",0
2018-03-24,Stocks To Watch: Back To School For Apple,0
2015-01-27,Stocks Weaken Late; Apple Jumps After Hours,-1
2016-12-22,"Retailers Sink, Apple Cools Off; Why Nvidia And Its Industry Peers Are Up",1
2019-07-11,"New Capital Management LP Buys Berkshire Hathaway Inc, PepsiCo Inc, Apple Inc, Sells Shopify ...",0
2018-07-10,"Hexavest Inc. Buys Canadian Natural Resources, ConocoPhillips, Apple Inc, Sells iShares MSCI ...",0
2018-07-09,Apple Exits Proper Buy Zone; These 3 Sectors Lead Stock Market Rally,1
2017-10-30,Here's What To Look For In Shale Earnings; 'Apple Of Oil' In Buy Zone,0
2017-07-18,"Community Bank of Raymore Buys General Electric Co, Apple Hospitality REIT Inc, E.I. ...",0
2019-11-07,"Bessemer Group Inc Buys Union Pacific Corp, Consumer Staples Select Sector SPDR Fund, Apple ...",0
2019-06-05,"Apple has lots of upside from services growth, Evercore says",1
2016-12-23,"Apple, Broadcom, Nvidia Among RBC's Top Stock Picks For 2017",1
2016-09-20,"Apple Price Target Hiked, Nvidia Started At Neutral, Mobileye A Buy",1
2016-08-09,Apple Pressuring iPhone Component Suppliers For Price Cuts,-1
2016-03-18,Apple's New Smaller iPhone May Be Nothing To Text Home About,0
2014-04-23,"Apple, Google Could Face Challenges In Car Apps",-1
2012-09-21,"The Best Apple (AAPL) iPhone 5 Supplier Stocks? APH, FLEX, JBL & MOLX",1
2012-09-13,Apple iPhone 5 Suppliers See Rise In Shares,1
2012-03-08,"Amphenol, Jabil Part Of Apple's Manufacturing Team",0
2020-04-22,"Reitz Capital Advisors LLC Buys Vanguard Div Appreciation, Apollo Global Management Inc, Apple ...",0
2016-06-02,Apple Challenging Tesla,-1
2016-06-02,Apple Challenging Tesla,-1
2011-03-30,"Apple, Baidu.com: New Targets, Estimates",0
2019-04-28,"Eyes On Apple, Uber, F8 And Avengers (Stocks To Watch Podcast)",0
2019-04-27,"Stocks To Watch: Eyes On Apple, Uber, F8 And Avengers",0
2019-04-27,"Stocks To Watch: Eyes On Apple, Uber, F8 And Avengers",0
2019-03-24,Apple Makes Its Video-Streaming Move (Stocks To Watch Podcast),0
2019-03-23,Stocks To Watch: Apple Makes Its Video-Streaming Move,0
2018-07-31,Can Apple Save Us From this Tech Wreck?,-1
2017-08-31,Accuray (ARAY) Grapples With Falling Margin and Product Mix,-1
2019-09-08,"Apple, IPOs And German Auto (Stocks To Watch Podcast)",0
2019-09-07,"Stocks To Watch: Apple, IPOs And German Auto",0
2019-11-04,Swapping Apple For Apple - October Dividend Portfolio Update,0
2018-03-13,Road To Financial Independence: My February 88-Stock Portfolio Review With Big Apple Purchase,0
2016-08-21,"My Portfolio Update And Review Of 83 Stocks: Up 2 With Reynolds And Exelon, Down 1 With Apple",0
2016-06-02,Apple Challenging Tesla,-1
2016-05-26,Apple's Next Moves? Hints From M&A Talks,0
2019-03-24,Apple Makes Its Video-Streaming Move (Stocks To Watch Podcast),0
2019-03-23,Stocks To Watch: Apple Makes Its Video-Streaming Move,0
2019-09-08,"Apple, IPOs And German Auto (Stocks To Watch Podcast)",0
2019-09-07,"Stocks To Watch: Apple, IPOs And German Auto",0
2019-05-14,Appleseed Fund 2019 Semi-Annual Letter,0
2020-01-22,"Goodwin Daniel L Buys Medifast Inc, CyrusOne Inc, Uber Technologies Inc, Sells Apple Inc, ...",0
2019-06-02,"Apple's WWDC, DuPont's Return And Tariff Anxiety (Stocks To Watch Podcast)",0
2019-06-01,"Stocks To Watch: Apple's WWDC, DuPont's Return And Tariff Anxiety",0
2018-06-02,"Stocks To Watch: Eyes On Apple's WWDC, SCOTUS And D.C.",0
2016-06-02,Apple Challenging Tesla,-1
2016-01-06,"Apple Rumors, I Bought Skyworks; Short Nigeria? - Bezek's Daily Briefing",0
2019-11-04,Swapping Apple For Apple - October Dividend Portfolio Update,0
2018-03-13,Road To Financial Independence: My February 88-Stock Portfolio Review With Big Apple Purchase,0
2018-02-14,"ICONIQ Capital, LLC Buys ChromaDex Corp, Apple Inc, Apollo Commercial Real Estate Finance Inc, ...",0
2017-12-15,"My Journey To Financial Independence: 86-Stock November Portfolio Update - Buying Apple, AbbVie And BMW",0
2016-08-21,"My Portfolio Update And Review Of 83 Stocks: Up 2 With Reynolds And Exelon, Down 1 With Apple",0
2016-07-01,Jay Z Sells Out To Apple,0
2017-02-15,"Warren Buffett Reveals New Picks - Apple, Airlines, And Arb",0
2017-01-25,"Amazon, Apple, And Netflix Versus Liberty",0
2017-01-13,Week In Review: Trump Murders Drug Stocks; Apple Breaks Out; GM Bullish,1
2016-12-30,Top 10 Trends To Watch For 2017: From Trump To Apple's iPhone 8,0
2017-03-25,"Podcast: Apple iPads, Semiconductor Renaissance, Intel AI",0
2016-09-23,Fearless Forecast: It Will Still Be Intel Inside New Apple macOS Computers,-1
2016-08-17,"No. 1 Chipmaker Intel Sidles Up To Apple, IoT Via ARM Partnership",0
2016-07-25,"Apple Could Use New CEO Leadership, Analyst Suggests",0
2016-07-20,Apple Supplier Qualcomm Rockets On Consensus-Topping Fiscal Q3,1
2016-07-20,A New Apple Partnership?,0
2016-07-19,SoftBank 'Crazy Idea' Beats Intel To Punch On Apple Supplier ARM,1
2016-07-18,"Apple, Tesla Lead Nasdaq To Big Gains, But Netflix Sinks After Hours",1
2016-07-18,"Intel Parlays Apple iPhone 7, Data Center To Outplay PC Decline",-1
2016-07-18,"Apple Suppliers Intel, Broadcom, Qualcomm ARM Up With 'Hoard Of Cash'",0
2016-07-18,"Apple Supplier ARM, 3D Stocks Downgraded; Intel, Chipotle PTs Raised",-1
2016-07-17,SoftBank Will Buy Apple Chip Design Supplier ARM For $32 Billion,0
2016-07-15,"What TSMC's Earnings Have To Say About Apple, Nvidia, And AMD",0
2016-06-16,Apple Likely Moving iPhone To A One Year Redesign Cycle,0
2016-06-13,'Revolutionary' Batteries Seen Driving Apple iPhone Upgrades In 2017,1
2016-04-12,Apple's Mobile Device Revolution And The Decline Of The PC,-1
2016-03-22,"Apple reportedly in ""advanced talks"" to buy GPU core developer Imagination",0
2016-03-03,At More Than ARM's Length From Apple,0
2016-02-25,U.S. Versus Apple Is A Case U.S. Can't Win,-1
2016-02-10,"Apple Supplier ARM Topples On Mobile Decline; Eyes IoT, Cloud",0
2016-01-15,"Intel, Apple Chip Suppliers Slammed As Indexes Plunge",-1
2016-01-15,Microchip Undercuts Apple Supplier Dialog For Atmel,0
2016-01-04,Mark Hibben Positions For 2016: All-In On Apple,0
2015-12-14,Why An Apple Mobile GPU Is A Sensible Route,0
2015-12-08,Apple Supplier NXP Muscles Up With Freescale Merger,0
2015-12-02,"Apple Chipmaker ARM Downgraded, Mobileye Gets Buy",1
2015-12-02,"Apple Chipmaker ARM Downgraded, Chevron Upgraded",1
2015-11-27,IPhone Demand Fears Might Bruise Apple Supplier Avago,-1
2015-11-19,Two Apple Suppliers Among 3 Top Overseas Chipmakers,0
2015-11-19,Two Apple Suppliers Among 3 Top Overseas Chipmakers,0
2015-11-19,Two Apple Suppliers Among 3 Top Overseas Chipmakers,0
2015-11-19,Two Apple Suppliers Among 3 Top Overseas Chipmakers,0
2015-11-19,"Facebook, Apple Supplier Among 5 Top Big Cap Leaders",0
2015-10-22,"Robust Growth For The ARM Ecosystem Is Good News For Apple, Bad News For Intel",1
2015-10-19,Apple: What TSMC Has Revealed About Apple's Future,0
2015-10-17,Intel Should Worry A Lot If Apple Excludes It From Future Macs,-1
2015-10-15,Intel Shouldn't Worry If Apple Excludes It From Future Macs,0
2015-10-02,Apple Will Take A Long Time To Make A Full Switch To ARM... Or Intel,0
2015-09-25,Apple Chip Supplier ARM Started At Buy; Nike PT Upped,1
2015-09-17,"Zacks Industry Outlook Highlights: Apple, Intel, ARM Holdings, IBM and Cisco",0
2015-09-16,Apple Royalty King ARM Invests In Internet Of Things,0
2015-09-10,"Apple news is good for these stocks, but not those",1
2015-09-09,Stocks Close Sharply Lower; Apple Off Despite Product News,1
2015-09-02,"Ambarella, GoPro PT Cut; Apple Supplier ARM Upgraded",0
2015-08-04,Will Apple's Woes Take Down Top Supplier Stocks Too?,-1
2015-07-22,Apple's Slip Ripples Through Int'l Supply Chain,0
2015-07-22,"Apple, Vendors Drag Stocks Lower: Chipotle, Intuitive Surgical Soar",-1
2015-07-22,Today's Market: Apple's Impact On The Market And AT&T's Merger With DirecTV,0
2015-06-29,4 Apple Chip Suppliers Try To Fight Off Losses,-1
2015-06-27,"Apple Music, HD Audio, Smart Homes, IOT, China, MCommerce (Podcast)",0
2015-06-25,"Apple Bitcode, Processor Independence And Future Proofing The Apple Watch",1
2015-06-10,Apple WWDC: Making IPad Truly 'The Computer For The Rest Of Us',0
2015-05-27,Hot Stock Profits From iPhone -- And It's Not Apple,0
2015-05-07,"The Zacks Analyst Blog Highlights: Apple, Silicon Motion Technology, ARM Holdings and Norsk Hydro - Press Releases",0
2015-04-29,Apple Stock Falls Again After Failed Breakout Tue.,-1
2015-04-22,5 Apple Chip Suppliers Top IBD's Big Cap Screen,0
2015-03-31,Apple: Becoming A Semiconductor Powerhouse,1
2015-02-11,"Stocks Mixed, Mostly Unchanged; Apple Extends Gains",1
2015-02-11,Wall Street Breakfast: Apple's Market Cap Closes Above $700B,0
2015-01-29,"Apple: In The Smartphone Race, Samsung Has Already Lost",-1
2015-01-16,"Here We Go Again: No, Apple Will Not Replace Intel",0
2015-01-15,"Apple: ARM-Based Macs Are Not Only Feasible, They May Be Inevitable",0
2015-01-05,Apple Powers Chip-Heavy IBD Top 10,0
2014-10-21,"Stocks Post Solid Early Advance; Apple Lifts Nasdaq, S&P 500",1
2014-09-23,Apple iPhone Supplier ARM Holdings Turns On Growth,1
2014-09-19,Apple iPhone 6 Plus Teardown: 5 Key Suppliers Inside,0
2014-09-18,Apple iPhone 6 Plus Teardown: 5 Key Suppliers Inside,0
2014-06-10,"Synaptics, Apple, Verint Among Top Computer Stocks",0
2014-05-28,Intel could lose big if Apple switches to ARM PC chips,-1
2014-03-11,Apple To Face 64-Bit Competition From Android Devices,-1
2013-12-23,Stocks Poised For Opening Pop; Apple Rallies,0
2013-10-22,ARM Falls Despite Apple Ties,-1
2013-10-04,Apple iPhone to debut on China Mobile in November: analyst,0
2013-04-23,"Indexes End Near Highs Ahead Of Earnings from Apple, Cree",0
2013-02-21,"Groupon, Tesla, Apple: Tech Premarket",0
2013-02-21,"Groupon, Tesla, Apple: Tech Premarket",0
2013-02-20,"Sina, Apple, Dell: Tech Premarket",0
2013-02-20,"Sina, Apple, Dell: Tech Premarket",0
2013-02-13,Has Intel cracked the TV problem that Apple couldn't?,-1
2013-01-30,"Taiwan Semi Gets Boost From Mobile, Likely Apple Deal",1
2013-01-16,"Dell, Facebook, Yelp, Apple: Tech Premarket",0
2013-01-16,"Dell, Facebook, Yelp, Apple: Tech Premarket",0
2013-01-11,"RIM, Nokia, Facebook, Apple: Tech Premarket",0
2013-01-11,"RIM, Nokia, Facebook, Apple: Tech Premarket",0
2013-01-10,"Apple, RIM, Microsoft: Tech Premarket",0
2013-01-10,"Apple, RIM, Microsoft: Tech Premarket",0
2012-11-26,Apple iPad Sales Brisk; Microsoft Surface Sales Slow,-1
2012-11-06,Apple Could Move 'Intel Outside',0
2012-11-06,Apple Could Move 'Intel Outside',0
2012-11-05,Intel Stock Hit By Report Of Possible Apple Defection,-1
2012-10-31,Will Apple or Microsoft Be Under More Pressure?,-1
2012-10-16,Microsoft Surface Tablets Match Apple iPad On Price,0
2012-10-16,Apple and the Vertical Integration Dance,0
2012-10-16,Apple and the Vertical Integration Dance,0
2012-10-04,Atmel Doesn't Need Apple to Survive,-1
2012-09-21,"Apple iPhone 5 Attracts Long Lines, Investors Cheer",1
2012-09-21,Long Lines Greet Apple's iPhone 5 Retail Debut,0
2012-09-14,Has Apple Silenced Audience?,-1
2012-09-13,Apple iPhone 5 Suppliers See Rise In Shares,1
2012-09-11,"If You Like Apple, You Should Love These Chips",0
2012-09-05,"The Best Way to Invest in the iPhone 5 May Not be Apple: QCOM, AAPL, ARMH, CRUS in Focus",0
2012-08-13,"Google, Facebook, Apple, ARM: Tech Premarket",0
2012-08-13,"Google, Facebook, Apple, ARM: Tech Premarket",0
2012-06-19,Has a New Threat to Apple Surfaced?,-1
2012-06-08,"ARM, Facebook, Apple: Tech Premarket",0
2012-06-08,"ARM, Facebook, Apple: Tech Premarket",0
2012-05-10,"ARM, Apple, Cisco: Premarket Movers",1
2012-05-10,"ARM, Apple, Cisco: Premarket Movers",1
2012-05-10,"ARM, Apple, Cisco: Premarket Movers",1
2012-05-10,"ARM, Apple, Cisco: Premarket Movers",1
2012-04-25,"Apple, ARM, Fortinet: Premarket Movers",0
2012-04-25,"Apple, ARM, Fortinet: Premarket Movers",0
2012-03-29,What Exactly Will Be in the Apple TV? (Update 3),0
2012-02-07,What Exactly Will Be in the Apple TV? (Update 2),0
2012-02-07,What Exactly Will Be In the Apple TV?,0
2012-01-24,"CA, Apple, Fusion-io: After-Hours Trading",0
2012-01-24,"CA, Apple, Fusion-io: After-Hours Trading",0
2012-01-06,"Apple Specter At CES Haunts TV, PC Vendors",0
2011-09-29,Apple Takes a Bite of This Chip Maker,0
2011-07-19,'Fast Money' Recap: Apple Trades,0
2011-04-30,Apple iPhone Tracking: Tech Weekly,0
2011-02-01,Apple's Iron Fist: Morning Tech Bytes,0
2010-04-23,"Intel, Not Apple, Should Buy ARM Holdings",1
2019-06-02,"Apple's WWDC, DuPont's Return And Tariff Anxiety (Stocks To Watch Podcast)",0
2019-06-01,"Stocks To Watch: Apple's WWDC, DuPont's Return And Tariff Anxiety",0
2018-05-15,"Glenview added Express Scripts, exited Apple in Q1",0
2014-10-21,Office Depot One of the First to Accept Apple Pay - Analyst Blog,0
2013-09-17,"Stocks Climb In Mixed Trade; Microsoft, Apple Move Higher",1
2013-09-17,"Stock Futures Inch Forward; Apple Slips, Aeropostale Surges",-1
2012-08-17,"Stocks to Watch: Apple, Foot Locker",0
2011-07-08,"Chesapeake, Apple: New Targets, Estimates",0
2015-12-23,Apple Tax Charges 'Total Political Crap',0
2018-03-24,Stocks To Watch: Back To School For Apple,0
2016-12-23,"Apple, Broadcom, Nvidia Among RBC's Top Stock Picks For 2017",1
2016-09-20,"Apple Price Target Hiked, Nvidia Started At Neutral, Mobileye A Buy",1
2016-06-10,"Eye On Tech: Yahoo Second-Round Bids Arrive, And Apple Reportedly Plans Another Android App",0
2016-03-23,"How Apple, Comcast, Google, Amazon Have Skin In FCC Set-Top Game",0
2014-03-24,"Apple, Comcast deal hits Arris",0
2014-03-24,"Apple, Comcast Set-Top Report Sends Arris Stock Down",-1
2012-11-20,Here's When Apple May Announce Apple TV,0
2012-11-20,Here's When Apple May Announce Apple TV,0
2012-11-15,"New Apple TV Coming, Could Boost Arris, Report Says",1
2019-07-28,"Headliners Include Apple, Beyond Meat And IBM (Stocks To Watch Podcast)",0
2019-07-27,"Stocks To Watch: Headliners Include Apple, Beyond Meat And IBM",0
2018-10-19,"Handelsbanken Fonder AB Buys Bank OZK, Strategic Education Inc, Merck Inc, Sells Apple Inc, ...",0
2019-05-02,"25 Upcoming Dividend Increases Including Apple, Exxon And One Dividend King",1
2015-09-22,"4 Stocks Apple Could Buy for Its ""Flight of Fantasy"" Car",0
2018-05-07,Buffett's Bet on Apple Sparks Tech Rally: 5 Solid Buys,1
2016-05-21,"Google I/O, Nokia Phones, Apple In India, Maker Faire (Podcast)",0
2015-04-17,"Seeking Alpha's Biotech Weekly: Celgene Check-Up, Is Gilead The New Apple?, And More",0
2019-06-02,"Apple's WWDC, DuPont's Return And Tariff Anxiety (Stocks To Watch Podcast)",0
2019-06-01,"Stocks To Watch: Apple's WWDC, DuPont's Return And Tariff Anxiety",0
2018-05-07,Buffett's Bet on Apple Sparks Tech Rally: 5 Solid Buys,1
2016-02-02,"Alphabet Trumps Apple, Cruises To World's Largest Company Title - Bezek's Daily Briefing",0
2019-12-08,"Dow Jones Futures: Stock Market, Apple, AMD, Alibaba Await Trump's China Trade War Decision",0
2019-12-03,"Charts I'd Worry About Near Term With China: Apple, Semis (And SMH)",-1
2019-06-13,Apple And The New Chip Paradigm With Mark Hibben (Podcast),0
2018-09-13,"Semi stocks rebound after Apple event, analyst actions, morning news",1
2018-09-13,Chip Stocks Lead Futures Higher; Apple Gets Price Target Hike,1
2018-07-05,"Apple Holds Up, Still In Buy Range As Nasdaq, Chips Lead Stock Market Rebound",1
2018-06-08,"Tech sector under pressure from Apple suppliers, semi equipment stocks",-1
2018-04-27,Apple: No Need To Panic,0
2018-02-13,"The Zacks Analyst Blog Highlights: Microsoft, Apple, Micron Technology, Lam Research and ASML Holding",0
2018-01-17,3 Reasons To Be Wary Of Apple As Stock Retakes Buy Zone: S&P 500 Futures,-1
2018-01-17,"Bulls Power Dow Past 26,000; Bitcoin Slammed While Apple Rallies",0
2017-09-27,"Nasdaq Kicks Higher, Apple Up Again; Can These 5 Chip Stocks Catch Nvidia?",1
2017-09-27,"Nasdaq Kicks Higher, Apple Up Again; Can These 4 Chip Stocks Catch Nvidia?",1
2017-08-29,Apple Leads 5 Big Caps In Or Near Buy Zones Flexing Relative Strength,1
2017-08-27,Apple Supplier Leads 4 Chip Plays That Carved This 'Super Growth' Pattern; S&P 500 Futures,1
2017-06-27,"Apple, Chips Lead Stocks Down; Are These 4 Tech Leaders Issuing A 'Sell'?",-1
2016-08-19,"Applied Materials Bolts To 16-Year High On Apple-, Intel-Facing Markets",1
2016-07-15,"Apple's iPhone 7, 'Less Bad' PC Sales Might Top Chips' Brexit Pain",-1
2016-06-13,'Revolutionary' Batteries Seen Driving Apple iPhone Upgrades In 2017,1
2016-05-20,"Apple iPhone, Samsung Galaxy OLED Swap May Juice Applied Materials",0
2016-05-20,"Eye On Tech: Apple Grows Its Indian Presence, And Yahoo Bids Come In Light",1
2016-02-12,Chip Equipment Makers Eye An Era Of Waning Apple iPhone Demand,-1
2015-09-14,"Stock Futures Eke Out Thin Gains; Early Risers: Apple, Solera",0
2012-12-06,Stocks Higher Near Midday; Apple Bounces Back,1
2012-12-05,Stocks Stay In Mixed Territory; Apple Drags Nasdaq,-1
2012-09-24,Cramer's 'Mad Money' Recap: Expectations Jinxing Apple (Final),0
2016-08-09,Apple Pressuring iPhone Component Suppliers For Price Cuts,-1
2016-06-28,Apple's iPhone Faces Strong Headwinds In Japan,-1
2015-03-13,Advanced Semiconductor: In The Apple Watch And More,0
2014-08-20,"Apple hits new high on fall products, but iWatch might slip",-1
2019-07-12,"The Zacks Analyst Blog Highlights: Atlantic Power, Howard Hughes, Royal Gold, Apple and Home Depot",0
2019-04-14,"Alibaba, With This Key Similarity To Apple, Leads 5 Top China Stocks To Watch",0
2019-04-05,"Stock Market Scores Big Weekly Gain As Apple, Chips Fuel Nasdaq",1
2019-03-25,"Dow Finds Support As Boeing Lifts, Apple Drags In Stock Market Today",1
2018-06-27,China Growth Stocks Slammed As Nasdaq Paces Drop; 3 Reasons To Hold Apple,-1
2018-05-30,"Stocks Up, Shake Shack And Apple Lead; Will China Stock Plunge Force President Xi To Open Up Trade?",0
2018-03-12,"Apple Roundup: iPhone X, Irish Tax, New Headphones & MacBook",0
2017-09-28,"Indexes Mixed, Apple Up; Here Is The Real Threat To Autohome Stock",-1
2017-08-11,"Indexes Rebound, Apple Retakes Entry; This China Leader Is Zooming",-1
2017-08-10,"Nasdaq Slides, 9 Dow Stocks Lose 1 Point Or More; 3 Reasons To Hold Apple",-1
2017-06-05,Stocks Down As Apple Dips; IBD 50 Plays Generally Up,-1
2017-05-08,"S&P 500, Nasdaq Ease After All-Time Highs; Apple Leads Dow",1
2017-02-01,"Stocks Salvage Gains In Session Stirred By Apple, AMD, Facebook, Fed",1
2016-05-27,"Top Apple, GoPro Suppliers Lead Notable Tech Stocks With Earnings Due",0
2016-02-17,"Top Funds Reshuffle Apple, Facebook, Northrop Stock In Q4 Moves",0
2015-08-11,"Alibaba, Apple Fall As Yuan Seen Hitting Earnings",-1
2015-06-24,"Stocks Fade On Greece News, But Icahn Likes Apple's Future",0
2015-04-27,"Biotechs Weigh On Nasdaq, But Apple, Twitter Hold Firm",0
2015-04-27,Stocks Fade; Apple Up Ahead Of Q2; Akorn Thrashed,1
2015-04-17,Global Worries Sink U.S. Stocks; Apple Breaches Support Level,-1
2015-03-12,"Apple App Store, iTunes Down Due to DNS Glitch - Analyst Blog",-1
2014-09-22,Stocks Stumble In Early Trade; Apple Up On New Phone Sales,-1
2014-09-09,Stocks Weaken In Late Trade; Apple Up On New Phones,-1
2014-09-03,Apple's Slip Trips Nasdaq In Mixed Market Action,0
2018-11-12,Stock News Today: Uptrend Wobbles As Apple Leads Another Tech Sell-Off,-1
2017-08-23,"Henderson Group Plc Buys Microsoft Corp, Alphabet Inc, Apple Inc, Sells Cardinal Health Inc, ...",0
2017-08-17,"Henderson Group Plc Buys Microsoft Corp, Alphabet Inc, Apple Inc, Sells Cardinal Health Inc, ...",0
2015-04-24,"The Zacks Analyst Blog Highlights: Apple, DexCom, athenahealth and Cerner - Press Releases",0
2015-04-23,Apple Watch Puts These 3 Health Stocks in Focus - Analyst Blog,0
2014-09-22,athenahealth and Cerner Working with Apple for HealthKit - Analyst Blog,0
2014-02-07,"Jobs News Trips Stock Futures; Apple, Expedia, Athena Rising",0
2012-04-23,"The Zacks Analyst Blog Highlights: Allscripts Healthcare Solutions, Apple, Cerner, Quality Systems and Athenahealth - Press Releases",0
2016-08-29,Stock Close Off Highs; Acacia Soars; Apple Sets Sept. 7 Event,0
2010-12-16,"Apple: Analysts' New Targets, Estimates",0
2016-01-19,Could Microchip-Atmel Mix Slug Apple Supplier NXP?,-1
2016-01-15,Microchip Undercuts Apple Supplier Dialog For Atmel,0
2015-12-14,Apple's Love/Hate Relationship With Taylor Swift Heats Up,-1
2015-09-21,"Atmel Soars As Dialog, An Apple Chipmaker, To Buy It",0
2012-10-04,Atmel Doesn't Need Apple to Survive,-1
2012-10-04,Atmel Doesn't Need Apple to Survive,-1
2010-05-11,"Companies Helping Apple, RIM Redesign World",0
2010-04-23,"Intel, Not Apple, Should Buy ARM Holdings",1
2010-05-11,"Companies Helping Apple, RIM Redesign World",0
2015-04-17,"Seeking Alpha's Biotech Weekly: Celgene Check-Up, Is Gilead The New Apple?, And More",0
2020-05-19,"Fred Alger Management Inc Buys Amazon.com Inc, Microsoft Corp, Apple Inc, Sells Abbott ...",0
2019-12-11,Antares Pharma Inc (ATRS) President & CEO Robert F Apple Sold $–.7 million of Shares,0
2019-11-05,Antares Pharma's (ATRS) CEO Bob Apple on Q3 2019 Results - Earnings Call Transcript,0
2019-08-06,"Antares Pharma, Inc. (ATRS) CEO Bob Apple on Q2 2019 Results - Earnings Call Transcript",0
2019-05-02,"Antares Pharma, Inc. (ATRS) CEO Bob Apple on Q1 2019 Results - Earnings Call Transcript",0
2019-02-28,Antares Pharma's (ATRS) CEO Bob Apple on Q4 2018 Results - Earnings Call Transcript,0
2018-11-06,"Antares Pharma (ATRS) CEO, Robert Apple on Q3 2018 Results - Earnings Call Transcript",0
2018-08-07,"Antares Pharma, Inc. (ATRS) CEO Bob Apple on Q2 2018 Results - Earnings Call Transcript",0
2018-05-08,Antares Pharma's (ATRS) CEO Robert Apple on Q1 2018 Results - Earnings Call Transcript,0
2018-03-13,Antares Pharma's (ATRS) CEO Bob Apple on Q4 2017 Results - Earnings Call Transcript,0
2017-03-14,Antares Pharma's (ATRS) CEO Bob Apple on Q4 2016 Results - Earnings Call Transcript,0
2016-11-09,Antares Pharma's (ATRS) CEO Bob Apple on Q3 2016 Results - Earnings Call Transcript,0
2016-08-09,Antares Pharma's (ATRS) CEO Bob Apple on Q2 2016 Results - Earnings Call Transcript,0
2016-05-09,Antares Pharma's (ATRS) CEO Bob Apple on Q1 2016 Results - Earnings Call Transcript,0
2016-03-09,Antares Pharma's (ATRS) CEO Bob Apple on Q4 2015 Results - Earnings Call Transcript,0
2013-01-10,"Antares Pharma, Inc. (ATRS) Executive Vice President & CFO Robert F Apple sells 25,000 Shares",0
2012-12-06,"Antares Pharma, Inc. (ATRS) Executive Vice President & CFO Robert F Apple sells 25,000 Shares",0
2018-05-11,Today Is D-Day: Ranking The Russell From Apple To First United,0
2015-07-21,"Stock Futures Mixed, IBM Weighs; Infosys, Tesla, Apple In Motion",0
2019-09-15,"Houthis Cut Saudi Oil Supply, Who Wins? Hint: Not E&P Oil Names. Fintech Firesale, And Goldman Spoils Apple",0
2018-09-14,Apple's Innovation - Cramer's Mad Money (9/13/18),0
2016-09-15,Why The Next Apple Could Come From A Drone Wildcatter,0
2011-12-06,'Fast Money' Recap: Apple's Big iPhone Boost,1
2020-02-07,"USA Financial Portformulas Corp Buys Microsoft Corp, Apple Inc, Procter & Gamble Co, Sells ...",0
2020-02-04,"Excalibur Management Corp Buys Apple Inc, Independent Bank Corp, AvalonBay Communities Inc, ...",0
2016-04-01,"How Apple, Amazon, Microsoft Figure Into Fast-Changing REIT Markets",0
2014-07-02,Brooklyn Real Estate Pops As Borough Tops Big Apple,0
2016-08-23,Apple Wants You To Feel Better,1
2016-07-07,"Tech M&A, Like IPOs, Very Quiet; Will Apple Give Deals A Jolt?",0
2015-09-23,3 Cybersecurity Stock Picks on Apple Breach,0
2015-08-07,Apple Suppliers Hit But Funds Add These Chip Stocks,0
2013-09-18,"Stocks Mixed In Weak Trade; Apple, Adobe, Dollar Tree Surge",0
2013-09-16,Uptrend Gains Traction Ahead Of Fed; Apple Gives Up Support,1
2020-05-08,"Sustainable Insight Capital Management, LLC Buys Apple Inc, Eli Lilly and Co, Truist Financial ...",0
2020-03-26,Will Apple (AAPL) Delay 5G iPhone Launch Due to Coronavirus Mess?,-1
2020-02-18,"Apple's Coronavirus Warning, Tesla Climbs & A Strong Buy Chip Stock - Free Lunch",1
2020-02-18,Dow Jones Today: Stock Futures Pressured On Apple Sales Warning; RH Soars On Increased Buffett Stake,-1
2020-02-18,Will Apple's Coronavirus Woes Affect Supplier Stocks As Well?,-1
2020-02-17,"Dow Jones Futures: Apple Warns On Coronavirus After Tesla, Alibaba Caution; Walmart, InMode Earnings Due",-1
2020-01-28,"Dow Jones Futures: Apple, AMD, Xilinx, Maxim Earnings Fuel Big Chip Moves After Stock Market Rebounds From Coronavirus Sell-Off",1
2020-01-28,Stock Market Rebounds Bullishly After Monday Sell-Off; Apple Rallies Ahead Of Earnings,1
2020-01-24,Top Stocks Making New Highs Before Market Sell-Off Include This Big Apple Supplier,0
2020-01-24,"Dow Jones Today Gets Intel, AmEx Lift; Futures Rise As Chips Rally; Broadcom Deepens Apple Ties",1
2020-01-23,"Dow Jones Futures: Intel, Atlassian Soar On Earnings, Boost AMD, Nvidia, ServiceNow; Broadcom Rises On Apple Deal",1
2020-01-15,"Dow Jones Futures: Taiwan Semiconductor Earnings To Offer Clues About Apple, AMD, Chip Industry Recovery",-1
2020-01-03,Apple (AAPL) to Enter Samsung-Dominated 5G Handset Market,0
2019-12-13,Analysts Debate Whether Broadcom Hint Of Lost Apple Business Means Synaptics Win,0
2019-12-12,Top Stocks Breaking Out To New Highs Include Key Apple Supplier,0
2019-11-14,"DZ BANK AG Deutsche Zentral Genossenschafts Bank, Buys Comcast Corp, Apple Inc, Broadcom Inc, ...",0
2019-11-11,"'A' List Tech Investment Trifecta: Apple, Amazon, Avago (Broadcom)",0
2019-11-04,Swapping Apple For Apple - October Dividend Portfolio Update,0
2019-10-04,Dow Jones Today: Stock Market Rally Holds Breath For Jobs Report; Apple Reclaims Buy Point,1
2019-10-04,Apple orders 10% boost to iPhone 11 production - Nikkei,1
2019-09-13,"Dow Jones Win Streak Set To Continue, But Apple Slides Below Entry On Price Cut",1
2019-09-13,Dow Jones Futures: Trump Open To Interim China Trade Deal; Apple Tests Buy Point,1
2019-09-12,Dow Jones Near Record High Amid U.S.-China Trade War News; Apple Stock In Buy Zone,1
2019-09-11,Apple Breakout Leads Dow Jones; RH Storms Higher On Earnings,1
2019-09-10,Apple fall event kicking off (live updates),0
2019-09-09,Stock Market Rally Turns Mixed; Dow Jones Stock Apple Nears New Buy Point,1
2019-09-08,"Apple, IPOs And German Auto (Stocks To Watch Podcast)",0
2019-09-07,"Stocks To Watch: Apple, IPOs And German Auto",0
2019-09-06,"Apple's New iPhone Due As Broadcom, Zscaler, RH Report: Investing Action Plan",1
2019-08-23,"Apple, chip stocks take a beating after China tariffs, Trump tough talk",1
2019-07-01,"Dow Jones Futures Soar; Apple, Chips, Stock Market Rally Are Trump-Xi Meeting Winners",1
2019-06-29,"Trump-Xi Meeting Winners: Apple, Micron, Qualcomm, Intel And The Stock Market Rally",1
2019-06-18,Apple (AAPL) Likely to Launch 5G-Supported iPhones in 2020,0
2019-06-14,"Broadcom Plunges, Hurting Nasdaq And Apple; This Dow Jones Stock Is Rising",-1
2019-06-14,"Stock Market Rally Stumbles, As Dow Jones Stocks Apple and Intel Retreat",-1
2019-06-13,"Dow Jones Futures: Broadcom Warning Is Bad News For Apple, AMD, Stock Market Rally",-1
2019-06-12,Broadcom Renews RF Components Supply Agreement With Apple,0
2019-06-10,"Dow Jones Futures: Apple, Stock Market Rally Hit Resistance, But Not Amazon, Upland Software",0
2019-06-02,"Apple's WWDC, DuPont's Return And Tariff Anxiety (Stocks To Watch Podcast)",0
2019-06-01,"Stocks To Watch: Apple's WWDC, DuPont's Return And Tariff Anxiety",0
2019-04-26,Apple discussed buying Intel modem chip business - WSJ,0
2019-04-17,Skyworks bull hits sidelines on Apple-Qualcomm truce,0
2019-04-08,"Nasdaq Erases Losses, Dow Jones Falls; Will These 3 Tech Stocks Outperform Apple?",1
2019-01-30,"Semis, suppliers gain on Apple, AMD reports",0
2019-01-17,"Chips, Apple suppliers slip on TSMC guidance",-1
2019-01-07,"Apple: Regrets, I Had A Few, And Did It My Way",0
2019-01-04,Apple Selloff Offers A Broadcom Opportunity,1
2019-01-03,Dow Tumbles More Than 550 Points; Apple Sells Off On Slashed Estimates,-1
2019-01-02,Dow Jones Futures Tumble As Apple Warns: Big Test For 2019 Stock Market Rally,-1
2019-01-02,Suppliers drop on Apple's warning,-1
2018-12-20,What Are The Recent Apple Supplier Warnings Telling Us About Apple,0
2018-12-07,What Broadcom's Results Say About Apple's iPhone Units,0
2018-12-06,"Dow Jones Futures: Lululemon, Ulta Beauty, Apple Supplier Broadcom Lead Notable Earnings Movers Late",1
2018-12-04,"Apple suppliers, chips drop on Cirrus cut",0
2018-11-27,Apple suppliers mull higher iPhone tariffs,-1
2018-11-13,Apple suppliers recover despite Qorvo guide cut,1
2018-11-12,Stock News Today: Uptrend Wobbles As Apple Leads Another Tech Sell-Off,-1
2018-11-12,"Apple suppliers drop on Lumentum guide, iPhone target cuts",-1
2018-11-02,"Oppenheimer taps Skyworks, Broadcom as top Apple suppliers",0
2018-10-02,Qualcomm's Import Ban Plea for Apple iPhone Faces Dismissal,-1
2018-09-13,"Semi stocks rebound after Apple event, analyst actions, morning news",1
2018-09-12,Apple suppliers to watch during the fall event,0
2018-09-11,What to expect during Apple's iPhone launch event,0
2018-08-14,CNBC: Apple working on health data processing chip,0
2018-08-10,"Commerzbank Aktiengesellschaft Buys Netflix Inc, Tesla Inc, Apple Inc, Sells PayPal Holdings ...",0
2018-07-31,What to watch in Apple's Q3 report today,0
2018-07-19,"Qorvo, Apple suppliers tick up after Skyworks beat",1
2018-06-08,Apple iPhone Production Pullback Hits Chip Suppliers,-1
2018-06-08,"Tech Stocks Recover, But Apple Slides Amid Cautious iPhone Approach",1
2018-06-08,"Tech sector under pressure from Apple suppliers, semi equipment stocks",-1
2018-06-08,"Apple Warning, China Tech Query Dent Futures; Surf Retailer Spikes",-1
2018-06-08,NAR: Apple drops iPhone parts orders by 20%; supplier stocks dip,-1
2018-06-02,"Stocks To Watch: Eyes On Apple's WWDC, SCOTUS And D.C.",0
2018-05-01,Apple suppliers pop after Q2 beats,1
2018-04-30,Apple Supplier Broadcom Warns Of Weak Wireless Chip Sales,-1
2018-04-20,BofA: Some 4-7% more downside in chips into Apple earnings,-1
2018-03-24,Stocks To Watch: Back To School For Apple,0
2018-03-22,Apple's new iPhones could enter trial production in Q2,0
2018-03-16,"UAL's Bad Week, Apple Magazine, Ford Recall, & Latest Trump Talk",0
2018-03-11,"Intel, Broadcom, Qualcomm Buzz Has A Lot To Do With Apple; S&P 500, Dow Jones Futures",0
2018-03-08,"The Zacks Analyst Blog Highlights: Broadcom, Microsoft, Qualcomm, Apple and Alphabet",0
2018-02-01,"Apple, Amazon Give AA Earnings Battery Charge To S&P 500, Nasdaq Futures",0
2018-01-25,Apple And What Else We Learned From Today's Wild Ride: S&P 500 Futures,0
2018-01-23,"Apple Lagging As OLED Breakouts Fail, iPhone Chips Struggle: S&P 500 Futures",-1
2018-01-23,"Apple, suppliers move after JPMorgan says iPhone X build will weaken",-1
2018-01-19,"Apple, suppliers drop as key analyst lowers iPhone X lifetime sales forecast",-1
2018-01-17,3 Reasons To Be Wary Of Apple As Stock Retakes Buy Zone: S&P 500 Futures,-1
2018-01-05,"The Zacks Analyst Blog Highlights: Apple, Facebook, NVIDIA, Micron Technology and Broadcom",0
2018-01-02,"Why Netflix Entered A Buy Area But Not Apple, Facebook: S&P 500 Futures",0
2017-12-26,"Weak iPhone X Demand Sparks Sell-Off In Apple, Leading Tech Stocks",-1
2017-12-12,"Apple Forging New Base, But iPhone Chip Plays Struggle: S&P 500 Futures",-1
2017-12-08,"Digitimes: Apple suppliers shipments down on month, expect weak Dec.",-1
2017-12-07,Apple suppliers recover after Broadcom sales comments,1
2017-12-06,Apple Dips Into Buy Range; These 3 China Leaders Find Support: S&P 500 Futures,0
2017-12-06,Apple suppliers drop after Largan warns of lower Dec. revenue,-1
2017-11-30,Apple Vs. Qualcomm: Dueling Patent Portfolios,0
2017-11-14,"Stocks Off; Apple, Broadcom Cool; Will Tesla Form A New Base?",1
2017-11-13,"The Zacks Analyst Blog Highlights: Apple, Broadcom, Qualcomm, Walt Disney and Twenty-First Century Fox",0
2017-11-06,Chip Winners Identified In Apple iPhone X Teardowns,1
2017-11-05,Broadcom Near $100 Billion Bid For Apple Supplier Qualcomm; Sprint's New Deal: S&P 500 Futures,0
2017-11-02,Stocks Modestly Lower Amid GOP Tax Plan; Apple Looms,-1
2017-11-01,"Facebook, Tesla Hit S&P 500 Futures; Apple On Tap As iPhone Plays Falter",-1
2017-10-31,These 2 Apple Suppliers Are Just Below Buys Before Earnings; S&P 500 Futures,0
2017-10-30,Three Apple Chipmakers Hit Buy Zones; These 2 Leaders Jump Late: S&P 500 Futures,0
2017-10-30,These 5 Apple iPhone Plays Are Near Buy Zones; S&P 500 Futures,1
2017-09-17,Two Apple Chip Stocks Just Broke Out; These 3 Are Near Buys; S&P 500 Futures,0
2017-09-13,These Chip Stocks Seen Benefiting From New Apple iPhones,1
2017-09-10,Five Hot Apple Chip Stocks To Watch Before The Big iPhone Reveal,0
2017-08-27,Apple Supplier Leads 4 Chip Plays That Carved This 'Super Growth' Pattern; S&P 500 Futures,1
2017-08-16,"Cambridge Financial Group, Inc. Buys Boeing Co, Apple Inc, Sysco Corp, Sells Halliburton Co, ...",0
2017-08-09,S&P 500 Futures: These 3 Apple iPhone Chip Stocks Are Near Buys,0
2017-08-03,"Apple Off But Fine, Nasdaq Down; Will 4 Top Stocks Hit Buy Points?",1
2017-08-03,"Apple, Suppliers, Jobs Report Headline Investing Action Plan For Friday",0
2017-07-31,Apple Earnings Due: These 4 iPhone Chip Plays Are Near Buys,0
2017-07-26,Boeing Takes Dow To New Heights; Apple Supplier Breaks Out As Chips Lead,0
2017-07-10,"Glaxis Capital Management, LLC Buys Apple Inc, Broadcom, Microsoft Corp, Sells SPDR S&P ...",0
2017-07-06,"Nasdaq Leads Sell-Off, Apple Slumps; Time To Nail Profits In These 4 Leaders?",-1
2017-07-05,Futures: These 5 Apple iPhone Suppliers Are Still Ailing,-1
2017-06-28,"Apple, Biotechs Lead Nasdaq Rebound; 5 More Leaders Are Showing Resilience",1
2017-06-27,"Applied Optoelectronics, Finisar, Western Digital, Apple and Broadcom highlighted as Zacks Bull and Bear of the Day",0
2017-06-19,"Stocks Up; Why Apple, Microsoft Can Beat The S&P 500 In 2017",1
2017-06-19,Technology Stocks Surge; Apple Leads Broad-Based Advance,1
2017-06-16,Stocks Mixed; Why Apple Should Be Sold Now; Is Nvidia Still A Leader?,-1
2017-06-02,"Stocks Turn Mixed As Oil Falls, Payrolls Disappoint; Apple Supplier Surges",-1
2017-05-02,"Stocks Set To Fall On Apple; How To Play Facebook, Tesla Earnings",0
2017-04-11,Apple Leads Dow Lower; Chip Stocks Falter; Cirrus Logic Drops,-1
2017-03-17,"Taiwan Q1 Quant Forecasts: Potential Impact For Apple, Nike, And Other Supply Chains",0
2017-02-24,"Stocks Close Up, Apple Still Crisp; Did Nvidia Show A Bottoming Signal?",-1
2017-02-21,5 Stocks Likely To Benefit From Apple iPhone 8 Upgrade Supercycle,1
2017-02-21,"Apple, Broadcom Hit Highs As PTs Raised; Freeport, Marriott Downgraded",-1
2017-02-13,Dow Industrials Lead Market Up; Which 4 Techs May Match Apple's Gains?,1
2017-02-07,"M&r Capital Management Inc Buys Broadcom, Apple, SPDR S&P Regional Banking, Sells Time ...",0
2017-02-06,"Forget Apple: Broadcom A Higher-Yielding, Faster-Growing Dividend Growth Stock",1
2017-02-01,"Apple, Jobs Data Bump Stocks Higher At The Open",1
2017-01-31,Trump Dump Continues As Stocks Sell Off; Will Apple Sales Growth Return?,-1
2017-01-24,"Stocks Up Again, Growth Stocks Shine; Apple Shrugs Off Downgrade",1
2017-01-20,Does No Rain Means Blue Skies For Stocks? Which Chips Hint Apple's Breakout May Shine?,-1
2017-01-20,Stocks Up Nicely In Early Trade; Apple Shrugs Off China Trade Talk,1
2016-12-30,Apple Falls On Production Cut; Will Make iPhones In India,0
2016-12-30,Report on Apple production cut ripples through tech sector,0
2016-12-23,"Apple Steady, Small Caps Up; Which 3 Stocks Match Nvidia's Top-Notch IBD Scores?",1
2016-12-23,"Apple, Broadcom, Nvidia Among RBC's Top Stock Picks For 2017",1
2016-12-18,"Tech Stocks Make Comeback As Apple, Netflix, Alphabet Near Buy Points",1
2016-12-09,"Stocks Up Again; Apple Strengthens, Reclaims 50-Day Line",1
2016-12-06,"Indexes Up; Can Dow Stocks Apple, Verizon Re-Emerge As Big Winners?",1
2016-12-05,"Apple Price Target Cut; Broadcom, ADI Still Buys",-1
2016-11-27,"Apple, Amazon, Best Buy, Ulta Beauty: Stocks To Watch As Holidays Kick Off",0
2016-11-07,Stocks End Strong; Is Apple On Track To Break Out Again?,1
2016-10-31,Apple To Bid On Time Warner?; Tesla's Solar Roof Unveiled; M&A Train Rolls - Eye On Tech,0
2020-04-03,Apple (AAPL) Card Users May Defer April Payments Amid Coronavirus,0
2018-09-11,"Apple, Alaska Air, Ribbon Communications, Avid and Camtek highlighted as Zacks Bull and Bear of the Day",0
2016-01-08,Apple Reads Your Mind,0
2017-05-05,"Tesco Pension Investment Ltd Buys American Express Co, Apple Inc, PPG Industries Inc, Sells ...",0
2012-10-31,Cirrus Logic Q2 Results Beat Views On Sales To Apple,1
2010-12-16,"Apple: Analysts' New Targets, Estimates",0
2012-10-26,"Overlooked in Apple Noise, Good News From Smaller Names",1
2012-10-26,"Overlooked in Apple Noise, Good News From Smaller Names",1
2017-02-01,"Stocks Salvage Gains In Session Stirred By Apple, AMD, Facebook, Fed",1
2013-04-24,Stocks Open Lower In Higher Trade; Apple Down After Earnings,-1
2013-04-24,"Futures Slip On Orders Data; Boeing, Ford Rise, Apple Slides",-1
2013-04-23,"Indexes End Near Highs Ahead Of Earnings from Apple, Cree",0
2013-04-23,"Stocks Pull Back Late Session; Apple, Panera Earnings On Tap",0
2013-04-22,"Stocks Start Week With Gains; Netflix, Apple Lead Tech Rally",1
2013-04-12,From Apple To Zynga: How To Keep Up With Technology,0
2017-03-06,Apple Chip Deal?,0
2016-12-21,17% Pop On Apple Supplier Deal,0
2016-12-19,Wall Street Breakfast: Apple Set To Appeal EU Tax Ruling,0
2019-07-19,"Hanseatic Management Services Inc Buys Apple Inc, Facebook Inc, Progressive Corp, Sells Boeing ...",0
2019-05-02,"25 Upcoming Dividend Increases Including Apple, Exxon And One Dividend King",1
2019-07-28,"Headliners Include Apple, Beyond Meat And IBM (Stocks To Watch Podcast)",0
2019-07-27,"Stocks To Watch: Headliners Include Apple, Beyond Meat And IBM",0
2018-07-28,"Stocks To Watch: Apple, Harley And Tesla On The Marquee",0
2019-09-20,Apple to Use Recycled Rare Earth Elements in iPhone 11 series,0
2017-05-15,"Diamond Hill Sells Apple, IBM, Cisco",0
2010-12-13,"Fund Tops Charts Without Apple, Salesforce",0
2018-07-31,Can Apple Save Us From this Tech Wreck?,-1
2019-04-14,"Spotlight On Earnings, Pinterest And Apple-Qualcomm (Stocks To Watch Podcast)",0
2019-04-13,"Stocks To Watch: Spotlight On Earnings, Pinterest And Apple-Qualcomm",0
2018-03-24,Stocks To Watch: Back To School For Apple,0
2017-03-06,Apple Chip Deal?,0
2017-01-24,Apple Making America Great Again?,1
2015-08-19,"Zacks Investment Ideas feature highlights: Apple, LyondellBasell, Sanmina, Meritor and American Axle & Manufacturing",0
2016-08-30,Apple Owes Ireland Billions - Good,1
2013-02-07,Cramer's 'Mad Money' Recap: The Apple of My Eye,0
2020-05-07,"Strategic Wealth Partners, Ltd. Buys Apple Inc, American Express Co, Abbott Laboratories",0
2020-04-30,"Dow Jones Drops 350 Points, But Microsoft Holds Up; All Eyes On Apple, Amazon Earnings",0
2020-04-30,"Dow Jones Down 400 Points As Jobless Claims Top 30 Million, Is Apple A Buy?",-1
2020-03-26,"Dow Jones Jumps 900 Points Despite Record Jobless Claims, As U.S. Coronavirus Cases Top 68,000; Apple, Boeing, Amazon Key Movers",1
2020-02-24,U.S. Stock Futures Plunge On Coronavirus Pandemic Fears; Apple Takes Heat In Dow Jones,-1
2020-02-19,"The Zacks Analyst Blog Highlights: Apple, American Express, Starbucks, Goldman Sachs and BCE",0
2020-01-24,"Dow Jones Today Gets Intel, AmEx Lift; Futures Rise As Chips Rally; Broadcom Deepens Apple Ties",1
2020-01-13,"The Zacks Analyst Blog Highlights: JPMorgan Chase, Johnson & Johnson, American Express Company, NIKE and Apple",0
2020-01-08,"The Zacks Analyst Blog Highlights: Apple, NIKE, Procter & Gamble, Walmart and American Express",0
2020-01-02,"Dow Jones Scores 150-Point Gain, Led by Boeing, Intel, Apple; Software Stocks Rally Sharply",1
2019-12-13,"Stocks Mixed As Trump Reveals Trade Deal Details; Apple, Visa, Amex Shine On Dow",-1
2019-09-15,"Houthis Cut Saudi Oil Supply, Who Wins? Hint: Not E&P Oil Names. Fintech Firesale, And Goldman Spoils Apple",0
2019-08-17,Warren Buffett's $50 Billion Apple Investment,0
2019-04-14,"Spotlight On Earnings, Pinterest And Apple-Qualcomm (Stocks To Watch Podcast)",0
2019-04-13,"Stocks To Watch: Spotlight On Earnings, Pinterest And Apple-Qualcomm",0
2019-03-26,Mastercard sees banks following Apple with numberless cards,0
2019-03-25,Credit card players mull Apple's entry into business,0
2018-11-28,"Dow Jones, Apple Lead Early Rally; This Blue-Chip Stock Breaks Out",1
2018-10-19,Dow Stocks Lead As 2 Big Names Soar; Apple Rallies On This News,0
2018-10-19,Tech Stocks Rebound As Apple Advances On New Bullish Commentary,1
2018-07-30,"FANG Stocks Facebook, Netflix Pressured; Apple Tests Support Ahead Of Earnings",-1
2018-06-25,"Nasdaq Paces Sell-Off On Trump Trade-War Worries; Time To Sell Apple, Intel, Microsoft?",0
2018-02-26,Apple? Home Depot? MasterCard? Orbital ATK? What Should I Buy?,0
2018-02-02,"Dow 'Safer' Dividend Big Gain Dogs Are Apple, Pfizer, McDonald's United Health & Procter Per Broker February Bets",1
2018-02-02,"Dogs Of The Dow Upside Winners: Apple, Merck, GE And United Health To February 2019",0
2018-01-19,Nasdaq Up; Could This Tech Beat Apple In 2018? When To Buy Back Bitcoin,1
2017-11-30,Global Payments (GPN) Offers Apple Pay Via JV With CaxiaBank,0
2017-06-06,"Stocks Rebound From Open; Apple Rally Fades, RV Maker Surges",1
2017-06-05,Stocks Down As Apple Dips; IBD 50 Plays Generally Up,-1
2017-05-05,"Tesco Pension Investment Ltd Buys American Express Co, Apple Inc, PPG Industries Inc, Sells ...",0
2017-04-20,"Indexes End Solidly Higher; AmEx Leads Dow, Apple Also Up",1
2017-04-20,Stocks Rally On Earnings; Starbucks Breaks Out; Why Apple Is On The Move,1
2017-03-23,Stocks Slightly Higher Ahead Of Vote; Apple Acquires Startup WorkFlow,1
2017-02-01,"Stocks Ease Ahead Of Fed, Facebook; Apple, Nvidia Up Nicely",1
2017-01-25,"Midwest Investment Management Llc Buys Visa Inc, DaVita Inc, Apple Inc, Sells Fastenal Co, ...",0
2017-01-10,Nasdaq Hits New High; Nvidia Price Target Hiked; Can Apple Follow Through?,1
2017-01-10,"Stocks Turn Higher: Apple Holds Breakout; NetEase Touted, Goldman Clipped",1
2017-01-09,"Stocks Mixed, Nasdaq Up; Apple Breaks Out Past New Buy Point",1
2016-12-23,"Stocks Quiet Ahead of Christmas Holiday; Apple, Microsoft Slip On Dow",0
2016-12-15,Stocks Pare Gains; Nvidia Jets Past Entry; Where Are Apple's New Buy Points?,1
2016-12-06,"Indexes Up; Can Dow Stocks Apple, Verizon Re-Emerge As Big Winners?",1
2016-09-19,"Nasdaq Fades After Strong Start; Apple Slumps, Small Caps Hold Up",-1
2016-09-13,Stocks Fall Sharply As Oil Slides; Apple Defies Sell-Off On iPhone News,-1
2016-08-29,Stock Close Off Highs; Acacia Soars; Apple Sets Sept. 7 Event,0
2016-07-16,"Dow Hits Record High, But Apple, Nike, Goldman Are Among 5 Biggest Dogs",1
2016-07-15,"Visa, MasterCard -- Like Apple, Google -- Scuttle Digital Crooks",0
2016-07-05,Stocks Sink To Session Lows; Will Brexit Take Bite Out Of Apple Sales?,-1
2016-06-24,"Shocking Brexit Outcome Roils Stocks; Apple, Boeing, Banks Slam Dow",-1
2016-06-17,"Week In Review: Fed Off The Table, Microsoft Buys LinkedIn, Apple WWDC, Net Neutrality, E3",0
2020-01-15,"Wedge Capital Management L L P Buys US Foods Holding Corp, Apple Inc, Skyworks Solutions Inc, ...",0
2020-05-12,"Mrj Capital Inc Buys Eaton Corp PLC, Sells Apple Inc, JPMorgan Chase, Aon PLC",0
2019-09-08,"Apple, IPOs And German Auto (Stocks To Watch Podcast)",0
2019-09-07,"Stocks To Watch: Apple, IPOs And German Auto",0
2018-08-14,"Berkshire boosts stakes in Apple, US Bank, Teva, BNY Mellon, Delta in Q2",1
2017-04-05,"Norman Fields, Gottscho Capital Management, LLC Buys Delta Air Lines, Apple, Hexcel, Sells ...",0
2018-06-08,"Tech sector under pressure from Apple suppliers, semi equipment stocks",-1
2020-02-14,"RBF Capital, LLC Buys Danaos Corp, Apple Inc, Acuity Brands Inc, Sells PG&E Corp, Capital ...",0
2016-08-03,"Stocks Stay Positive As Oil Surges; Apple, Disney Lead Dow, Pfizer Lags",1
2016-04-07,"Apple PT Cut; Alphabet, Acuity PTs Upped; Allergan Downgraded",-1
2016-01-07,Stocks Drop On China Woes; Apple Sinks Below 100,-1
2015-11-19,Stocks Hit Session Highs As Apple Retakes Key Support,-1
2015-09-14,Stocks Edge Lower; iPhone Demand Fuels Apple; Yahoo Slumps,1
2015-03-30,"China Hopes, News Propel Apple, Dow Stocks Higher",1
2017-04-19,"Kessler Investment Group, LLC Buys Apple, Freeport-McMoRan, Aircastle, Sells Exxon Mobil, ...",0
2019-09-24,"Dow Jones Today: Apple, Nike Climb; Disney Upgraded, CarMax Surges On Earnings",1
2017-11-20,"Susquehanna International Group, Llp Buys Apple Inc, Boeing Co, Arista Networks Inc, Sells ...",0
2017-05-23,Stocks: Slim Gains Turn Mixed; Nokia Surges On Apple Deal,-1
2017-02-17,"Week In Review: Dow Keeps Rising As Apple Hits High, Verizon Unlimited, Kraft Eyes Unilever",0
2015-08-24,"Momentum Buy Candidates: Apple, Skyworks And Autozone",1
2019-04-28,"Eyes On Apple, Uber, F8 And Avengers (Stocks To Watch Podcast)",0
2019-04-27,"Stocks To Watch: Eyes On Apple, Uber, F8 And Avengers",0
2019-04-27,"Stocks To Watch: Eyes On Apple, Uber, F8 And Avengers",0
2019-04-26,"Apple, IBM, Costco among those expected to raise payouts next week",0
2017-02-27,"Buffett Doubles Apple, Seeks Deals",0
2010-11-29,"Apple: Analysts' New Targets, Estimates",0
2020-05-08,"Chase Investment Counsel Corp Buys Apple Inc, Microsoft Corp, PepsiCo Inc, Sells Euronet ...",0
2018-06-02,"Stocks To Watch: Eyes On Apple's WWDC, SCOTUS And D.C.",0
2017-06-16,Stocks Mixed; Why Apple Should Be Sold Now; Is Nvidia Still A Leader?,-1
2013-06-17,"Technology Stock Roundup: Google Shows Mettle, Apple in Free-fall - Analyst Blog",0
2013-02-07,Cramer's 'Mad Money' Recap: The Apple of My Eye,0
2020-05-08,"Citizens Financial Group Inc Buys Apple Inc, iShares Core MSCI Emerging Markets, Facebook Inc, ...",0
2020-05-07,"Klingenstein Fields & Co Llc Buys Fortive Corp, Apple Inc, Intuitive Surgical Inc, Sells ...",0
2020-05-04,"Appleton Partners Inc Buys Danaher Corp, Brookfield Asset Management Inc, Americold Realty ...",0
2020-04-16,"Lincoln Capital LLC Buys JPMorgan Chase, Apple Inc, Brookfield Asset Management Inc, Sells ...",0
2019-04-17,"Appleton Partners Inc Buys Schwab International Equity, The Estee Lauder Inc, SPDR Portfolio ...",0
2016-05-26,Apple's Next Moves? Hints From M&A Talks,0
2019-03-24,Apple Makes Its Video-Streaming Move (Stocks To Watch Podcast),0
2019-03-23,Stocks To Watch: Apple Makes Its Video-Streaming Move,0
2019-03-24,Apple Makes Its Video-Streaming Move (Stocks To Watch Podcast),0
2019-03-23,Stocks To Watch: Apple Makes Its Video-Streaming Move,0
2013-05-06,"Stocks Start The Week Mixed; Apple, Nationstar Rising",0
2020-05-04,"Appleton Partners Inc Buys Danaher Corp, Brookfield Asset Management Inc, Americold Realty ...",0
2019-12-06,"Oakmark Fund Buys Humana Inc, DXC Technology Co, Concho Resources Inc, Sells Apple Inc, Texas ...",0
2019-09-08,"Apple, IPOs And German Auto (Stocks To Watch Podcast)",0
2019-09-07,"Stocks To Watch: Apple, IPOs And German Auto",0
2018-04-28,"Stocks To Watch: Apple, FOMC And China On Tap",0
2017-02-22,"Numeric Investors Llc Buys Gilead Sciences, Microsoft, Apple, Sells Facebook, Symantec, Comcast",0
2016-03-22,Will Apple Get Imagination?,0
2015-04-17,"Seeking Alpha's Biotech Weekly: Celgene Check-Up, Is Gilead The New Apple?, And More",0
2012-11-26,"Stocks to Watch: Knight Capital, Apple, Amazon (Update 1)",0
2012-11-26,"Stocks to Watch: Knight Capital, Apple, Amazon",0
2012-01-22,"Apple, Top Manufacturers Lead S&P 100 Earnings Due",0
2016-05-16,"Warren Buffett Buys Apple, One Of Two Things Buffett Is Doing That He Doesn't Do",0
2015-12-21,Stocks Step Out To Early Gains; Ericsson Jumps On Apple Deal,1
2019-01-03,Dow Jones Drops Nearly 700 Points; When Long-Term Apple Holders Should Sell,0
2018-02-26,Apple? Home Depot? MasterCard? Orbital ATK? What Should I Buy?,0
2016-08-09,"Apple? Nike? Starbucks? Gilead? What Should I Buy, Y'all?",0
2012-03-06,"Mega-Big: Apple's YTD Gain Equals Market Cap of Merck, Glaxo, or BHP Billiton",1
2019-10-09,"Old North State Trust, LLC Buys iShares Core –-5 Year USD Bond ETF, BB&T Corp, Apple Inc, ...",0
2019-07-28,"Headliners Include Apple, Beyond Meat And IBM (Stocks To Watch Podcast)",0
2019-07-27,"Stocks To Watch: Headliners Include Apple, Beyond Meat And IBM",0
2018-04-23,"Whitener Capital Management, Inc. Buys Apple Inc, Walmart Inc, Exxon Mobil Corp, Sells Express ...",0
2011-03-16,"Apple, BB&T: Analysts' New Ratings",0
2020-02-19,"The Zacks Analyst Blog Highlights: Apple, American Express, Starbucks, Goldman Sachs and BCE",0
2017-01-17,"Gillespie Robinson & Grimm Inc Buys Apple Inc, LKQ Corp, C.R. ...",0
2015-11-25,"Palo Alto Networks, Apple Chip Supplier ADI Upgraded",0
2014-09-10,"Stock Futures Sketch Thin Gains; Apple Flat, Palo Alto In Motion",1
2019-03-26,Indian Steelmakers Grapple With Sanctions-Diverted Iranian Steel,-1
2020-05-15,"Quantitative Investment Management, LLC Buys 'M Co, Tesla Inc, Apple Inc, Sells iShares Inc ...",0
2020-05-06,"Cadinha & Co Llc Buys Amgen Inc, Barrick Gold Corp, Apple Inc, Sells iShares Core S&P ...",0
2018-07-09,"New Capital Management LP Buys Berkshire Hathaway Inc, PepsiCo Inc, Apple Inc, Sells iShares J. ...",0
2018-02-19,"Captrust Financial Advisors Buys Apple Inc, Johnson & Johnson, Bank of America Corporation, ...",0
2017-10-25,"Starfire Investment Advisers, Inc. Buys iShares MSCI EAFE Growth, Apple Inc, Becton, Dickinson ...",0
2016-08-21,"My Portfolio Update And Review Of 83 Stocks: Up 2 With Reynolds And Exelon, Down 1 With Apple",0
2019-08-14,BioTelemetry: A Strong Buy At 52-Week Lows As A Key Part Of Apple's Heart Study Innovation,1
2019-04-15,Apple And BioTelemetry: Disrupting Healthcare,-1
2019-02-04,"Stock Market Surges As Apple, Microsoft, FANG Stocks Score Gains",1
2017-12-06,BioTelemetry: Key Partnership In Apple's Heart Study Featuring Apple's Watch,0
2017-12-01,"BioTelemetry Ties Up With Apple, Grows in Cardiac Monitoring",0
2017-11-30,BioTelemetry up 9% on role in Apple Heart Study,1
2017-07-14,"Techs Boost Nasdaq, Microsoft Breaks Out; Will Apple Flash A New Entry Point?",1
2017-05-01,"Dow Under Pressure Despite Apple Boost; Tesla, Netflix At Record Highs",-1
2017-04-11,Apple Leads Dow Lower; Chip Stocks Falter; Cirrus Logic Drops,-1
2017-04-10,"Stocks Rally Amid Merger News; Cat, Chevron Lift Dow; Apple Halts Slide",1
2016-05-27,Apple Watch Positives Remain Few And Far Between,1
2013-02-07,"Stocks Fall, But End Off Lows; Apple Jumps 3%",1
2012-11-09,"Stocks Improve Near Midday; Apple, Google Lift Nasdaq",1
2015-12-14,Apple's Love/Hate Relationship With Taylor Swift Heats Up,-1
2020-02-19,"Tesla a standout as US markets sink following Apple warning, Franklin Resources Buys Legg Mason",0
2018-09-08,"Stocks To Watch: Apple Event, Chinese Auto IPO To Headline",0
2018-05-09,"Alpine Woods Capital Investors, Llc Buys Franklin Resources Inc, Dr Pepper Snapple Group Inc, ...",0
2011-08-03,"Ford, CBS, Apple: New Targets, Estimates",0
2011-04-12,"Apple, Endo Pharma: New Targets, Estimates",0
2020-05-08,"Community Bank of Raymore Buys The Kraft Heinz Co, Brookfield Renewable Partners LP, Apple ...",0
2019-11-04,Swapping Apple For Apple - October Dividend Portfolio Update,0
2016-05-22,"Recent Buys: Apple, Gilead And Brookfield Renewable",0
2020-02-14,"RBF Capital, LLC Buys Danaos Corp, Apple Inc, Acuity Brands Inc, Sells PG&E Corp, Capital ...",0
2016-05-12,"Stocks End Mixed As Apple Weighs On Dow; Airlines, Biotechs Lag",0
2018-09-12,"As Goes Apple, So Goes the Market",0
2015-05-27,Hormel Foods Acquires Applegate to Drive Inorganic Growth - Analyst Blog,0
2018-03-26,"The Zacks Analyst Blog Highlights: Bunge, Boeing and Apple",0
2012-10-26,"Overlooked in Apple Noise, Good News From Smaller Names",1
2012-10-26,"Overlooked in Apple Noise, Good News From Smaller Names",1
2011-04-12,"Apple, Endo Pharma: New Targets, Estimates",0
2017-05-12,"Stocks Drift To Mixed Finish; Apple, Wynn, Trade Desk Score",0
2016-11-23,"Apple, Amazon, Macy's Lead Investing Action Plan For Black Friday",0
2016-11-02,Does Time Warner Need Apple Or Does Goldman? - A Rangeley Capital Discussion,0
2016-10-31,Will Apple Take The Bite?,0
2016-10-28,"Week In Review: Apple, Amazon, Alphabet Are A-Listers On Crowded Earnings Stage",0
2016-09-03,"Investing Action Plan: Apple, iPhone 7 On Tap, Is Among Top Techs Near Buys",1
2016-08-15,"Ronald Muhlenkamp Sells Allegiant, Microsoft, Apple",0
2016-07-11,"Apple Gets Price Target Cut; Twitter, Yahoo Downgraded",-1
2016-07-02,"Investing Action Plan: Summer Camp For Apple, Facebook, Disney CEOs; Jobs Data",0
2016-06-17,"Stocks Open Lower; Apple Falls, Elizabeth Arden Soars",0
2016-05-13,"Week In Review: Apple, Macy's, Walt Disney Signal Consumer Slowdown",-1
2016-05-02,Stocks Add To Gains; Apple Extends Losing Streak,1
2016-04-29,The Week In Review: Is Apple Still A Growth Enterprise? Is America?,0
2016-04-23,"Investing Action Plan: Apple, Facebook, Amazon, Boeing, Big Oil",0
2016-03-20,"Investing Action Plan: Apple Event, Nike Earnings Headline Week",0
2016-02-03,Apple Is #2,0
2015-12-14,Apple's Love/Hate Relationship With Taylor Swift Heats Up,-1
2015-12-09,"Apple, Intel, Viacom, IBM Among Best Value Stocks",0
2015-10-05,M&A Daily: Paving Way For Apple Car?,0
2012-05-03,"Zacks Bull and Bear of the Day Highlights: Align Technology, Baker Hughes, Research In Motion, Apple and Google - Press Releases",0
2012-02-13,JPMorgan's 24 Stocks That Are More Attractive Than Apple,1
2012-02-13,JPMorgan's 24 Stocks That Are More Attractive Than Apple,1
2012-01-22,"Apple, Top Manufacturers Lead S&P 100 Earnings Due",0
2011-05-25,'Fast Money' Recap: Apple 'Dirt Cheap',1
2018-11-01,Apple Q4 Rise In Revenue Expected (Wall Street Breakfast Podcast),1
2018-11-01,Wall Street Breakfast: What's In Store For Apple Earnings?,0
2017-02-21,"Apple, Broadcom Hit Highs As PTs Raised; Freeport, Marriott Downgraded",-1
2017-02-14,"Diker Management Llc Buys Sothebys, HubSpot, Zendesk, Sells Apple, Rosetta Stone, Dollar Tree",0
2015-03-17,Wall Street Breakfast: Here Comes Apple's Web TV Service,0
2012-05-25,"The Zacks Analyst Blog Highlights: Eaton, Cooper Industries, Facebook, Apple and Sotheby's - Press Releases",0
2020-04-03,Apple (AAPL) Card Users May Defer April Payments Amid Coronavirus,0
2020-01-14,Tech Daily Roundup: Apple Protection & More,0
2019-10-30,"Small Step Back Ahead of Fed, Apple",0
2012-12-05,"Dow, S&P 500 Strengthen After Obama Speaks; Nasdaq Dips on Apple",1
2011-08-25,"5 Stocks to Watch: Apple, TiVo, Hormel",0
2016-05-26,Apple's Next Moves? Hints From M&A Talks,0
2019-04-28,"Eyes On Apple, Uber, F8 And Avengers (Stocks To Watch Podcast)",0
2019-04-27,"Stocks To Watch: Eyes On Apple, Uber, F8 And Avengers",0
2019-04-27,"Stocks To Watch: Eyes On Apple, Uber, F8 And Avengers",0
2018-11-30,"New Research Coverage Highlights Omeros, Apple, Bio-Rad Laboratories, Cott, Darling ...",0
2019-09-08,"Apple, IPOs And German Auto (Stocks To Watch Podcast)",0
2019-09-07,"Stocks To Watch: Apple, IPOs And German Auto",0
2019-11-04,Swapping Apple For Apple - October Dividend Portfolio Update,0
2017-05-08,"Nasdaq, S&P 500 Fight To Positive Finish; Apple Seizes New High",1
2015-03-09,Stocks Gain In Slow Trading Ahead Of Apple News,1
2015-01-13,GoPro Drops On Apple Patent; Turmoil In Stocks,-1
2014-09-22,Stocks Stumble In Early Trade; Apple Up On New Phone Sales,-1
2014-09-09,Stocks Weaken In Late Trade; Apple Up On New Phones,-1
2014-09-03,Apple's Slip Trips Nasdaq In Mixed Market Action,0
2014-07-28,"Apple, Chipotle Among 5 Top Stocks Leading Market",1
2014-07-14,"Apple, Intel Among 4 Techs Flexing Relative Strength",1
2020-01-30,"Parkside Financial Bank & Trust Buys Apple Inc, iShares TIPS Bond ETF, SPDR S&P China ...",0
2020-02-06,"Welch Capital Partners Llc Buys Pluralsight Inc, Boston Properties Inc, Apple Inc, Sells ...",0
2020-01-30,"Earnings Season Scorecard and Research Reports for Apple, PetroChina & Others",0
2019-05-08,"Welch Capital Partners Llc Buys Vanguard S&P 5……, Humana Inc, Apple Inc, Sells CVS ...",0
2019-02-18,"Berkshire's Revealing 13F: Buffett Didn't Buy The Dip - Didn't Add To Apple, Sold Oracle, Bought Banks",0
2018-09-24,"Zacks Investment Ideas feature highlights: Apple, Goldman, US Bancorp and Bank of New York",0
2018-08-14,"Berkshire boosts stakes in Apple, US Bank, Teva, BNY Mellon, Delta in Q2",1
2019-06-02,"Apple's WWDC, DuPont's Return And Tariff Anxiety (Stocks To Watch Podcast)",0
2019-06-01,"Stocks To Watch: Apple's WWDC, DuPont's Return And Tariff Anxiety",0
2012-12-05,Stocks Stage Rebound From Slide; Apple Stays Sour,1
2014-01-07,"Amazon Leads Holiday Customer Scores, Apple Trails",-1
2013-10-25,"Seriously, Apple's Jony Ive needs to quit making those videos",0
2013-09-06,Apple forced to hire external antitrust compliance monitor,-1
2013-08-28,Apple dodges government's harshest e-book antitrust remedies,-1
2013-08-12,Another Setback for Apple in e-book Pricing Case - Analyst Blog,-1
2013-08-05,Obama administration hands Apple a victory,1
2013-07-12,"Comedians target Apple antitrust case, DirecTV dog channel",0
2013-07-12,Apple didn't cause e-book price increase; Tablets did,0
2013-07-10,Apple Loses E-Book Decision,-1
2013-07-10,Apple Likely To Face More Lawsuits After E-Books Loss,-1
2013-07-10,"Apple loses e-books price-fixing case, violated antitrust law",-1
2013-02-27,Apple Fashion Accessories A Boon for Small Businesses,-1
2013-02-27,Apple Fashion Accessories A Boon for Small Businesses,-1
2013-01-31,"Apple, Amazon Trail Samsung, Asus In Tablet Growth",1
2013-01-31,Apple Still Top In Tablets: Research,0
2013-01-31,Apple Still Top In Tablets: Research,0
2013-01-30,"Hey, Let's Get Into Manufacturing and Compete Against Apple: Name the Company",0
2012-12-06,"Apple iPad Mini, Small Tablets Taking Over Market",0
2012-11-29,"Cramer's 'Mad Money' Recap: Amazon, Google, Apple Are the Only Tech Stocks That Matter",0
2012-10-29,Amazon Takes Shot at Apple as iPad Mini Sells Out,0
2012-10-29,Amazon Takes Shot at Apple as iPad Mini Sells Out,0
2012-10-26,Poll: Will You Buy the Apple iPad Mini?,0
2012-10-26,Poll: Will You Buy the Apple iPad Mini?,0
2012-10-25,Apple's Shot Heard Round the World (Update 2),0
2012-10-24,Apple Seeks Dollars in Smaller iPads,0
2012-10-23,Apple iPad Mini Poll: What Do You Want to See?,0
2012-10-16,Apple Sets iPad Mini Expected Debut For Oct. 23,0
2012-10-16,Apple Sets iPad Mini Expected Debut For Oct. 23,0
2012-10-08,Apple iPad Mini Faces Price Conflict With iPod Touch,-1
2012-10-08,Apple iPad Mini Faces Price Conflict With iPod Touch,-1
2012-10-03,Apple iPad Mini Tablet Reportedly In Mass Production,0
2012-10-03,Apple's iPad Mini: What It Means for Investors (Update 1),0
2012-10-02,Apple iPad Mini To Kick Off Tablet Holiday Season,1
2012-10-02,Apple iPad Mini To Kick Off Tablet Holiday Season,1
2012-10-01,Apple iPad Mini Rumor Roundup,0
2012-10-01,Apple iPad Mini Rumor Roundup,0
2012-09-29,"RIM, Apple and More: Tech Weekly",0
2012-09-29,"RIM, Apple, and More: Tech Weekly",0
2012-09-06,Rolling Stones Book To Play On Apple Mobile Devices,0
2012-07-16,What Exactly Will Be in the Apple iPad Mini,0
2012-07-16,What Exactly Will Be in the Apple iPad Mini,0
2012-07-05,Would an iPad Mini Take a Bite Out of Apple?,0
2012-07-05,Would an iPad Mini Take a Bite Out of Apple?,0
2012-05-03,Android Tablets Suffer Steep Drop; Apple iPad Shines,1
2012-05-03,Is Apple Extinguishing the Kindle Fire?,-1
2012-05-03,Apple's Tablet Share Rises as Android Shipments Slump: IDC,1
2012-05-03,Is Apple Extinguishing the Kindle Fire?,-1
2012-05-01,"Buy Intel, Microsoft as They Prepare Assault on Apple",0
2012-05-01,"Buy Intel, Microsoft as They Prepare Assault on Apple",0
2012-04-26,"The Zacks Analyst Blog Highlights: Amazon.com, eBay, Apple, Barnes & Noble and Google - Press Releases",0
2012-04-16,Would an iPad Mini Tarnish Apple's Brand?,-1
2012-04-16,Would an iPad Mini Tarnish Apple's Brand?,-1
2012-04-13,"Zacks Bull and Bear of the Day Highlights: Valmont Industries, Dril-Quip, Apple, Amazon and Barnes & Noble - Press Releases",0
2012-04-12,Apple Sued by DOJ on e-Book Pricing - Analyst Blog,-1
2012-04-11,"Jobs, Apple Execs Tied To E-Book Price-Fixing Case",0
2012-04-11,"U.S. Accuses Apple, Publishers Of E-Book Price Fixing",0
2012-03-15,"The Zacks Analyst Blog Highlights: Apple, Amazon, Google, Barnes & Noble and Cabela's - Press Releases",0
2012-03-14,Apple Maintains Tablet Domination - Analyst Blog,0
2012-03-13,Poll: Would You Buy an Apple iPad Mini? (Update 1),0
2012-03-13,Poll: Would You Buy an Apple iPad Mini?,0
2012-03-13,Apple's Stock Set For iPad Rumor Boost (Update 2),1
2012-03-13,Apple's Stock Set For iPad Rumor Boost,1
2012-03-09,Suppose Apple's iPad Dominates Tablets Like the iPod Rules Music?,0
2012-03-08,Top 5 Apple iPad Event Takeaways For Investors,0
2012-03-08,"Antitrust Suit Against Apple, Ebook Publishers?",-1
2012-03-05,Apple Could Have Cheap iPad Up Its Sleeve,1
2012-02-21,"The Zacks Analyst Blog Highlights: JPMorgan Chase, Bank of America, Apple, Amazon.com and Barnes & Noble - Press Releases",0
2012-02-17,Apple Leads the Tablet Onslaught - Analyst Blog,0
2012-02-09,Apple's iPad 3 Could Undermine Earnings (Update 2),-1
2012-02-09,Apple's iPad 3 May Cause Worse-Than-Expected Earnings,-1
2012-01-23,"Apple iPad, Amazon Kindle Fire Boost Tablet Ownership",1
2011-11-17,"The Zacks Analyst Blog Highlights: Amazon.com, Google, Apple, Research In Motion and Barnes & Noble - Press Releases",0
2011-11-14,"Amazon Kindle Fire Apps, Like Apple iPad Apps, Hot",0
2011-11-12,Apple Slips: Tech Weekly Recap,-1
2011-11-10,'Fast Money' Recap: Apple Losing Steam?,-1
2011-11-10,Amazon's Kindle Fire Seen Taking Apple iPad's Heat,1
2011-09-28,"Targeting Apple's iPad, Amazon.com to Sell Kindle Fire at $199",0
2011-01-12,Apple's iPad Reins Over Rivals,1
2010-12-02,Apple's iPad Is Catching Up to the Kindle,1
2010-10-27,'Fast Money' Recap: Apple's Speed Bump,1
2010-05-04,Google gBooks to Rival Apple iBooks,0
2010-03-15,Apple iPad Launch Looking Good,1
2010-03-11,Barnes & Noble Banking on Apple iPad,0
2017-05-26,"Insiders Roundup: NVIDIA, Walmart, Apple",0
2018-10-28,Apple Looks To Recharge Tech Sector (Stocks To Watch Podcast),0
2018-10-27,Apple Looks To Recharge Tech Sector,0
2015-09-14,Stocks Edge Lower; iPhone Demand Fuels Apple; Yahoo Slumps,1
2015-09-14,"Stocks Quietly Lower As Apple Tops Dow, Tyler Tech Breaks Out",1
2017-07-11,Apple Plans to Open 2nd Eco-Friendly Data Center in Denmark,0
2020-05-01,"Girard Partners Ltd. Buys Apple Inc, BlackRock Inc, Amazon. ...",0
2020-04-24,"Swarthmore Group Inc Buys BlackRock Inc, Apple Inc, Facebook Inc, Sells iShares Core S&P ...",0
2019-04-12,"Bach Investment Advisors Ltd Buys iShares Russell —………, Apple Inc, Bristol-Myers Squibb ...",0
2018-11-06,"The Zacks Analyst Blog Highlights: Apple, Visa, Starbucks, BP and BlackRock",0
2018-11-05,"Top Research Reports for Apple, Visa & Starbucks",0
2018-10-07,When Do You Harvest Apple Shares? In The Fall Of Course.,0
2018-08-18,Homemade Apple Dividends Are 100 Times Bigger Than The 'Real' Dividends,1
2018-06-02,"Stocks To Watch: Eyes On Apple's WWDC, SCOTUS And D.C.",0
2017-07-17,"Stocks Steady As Tech Rises; Apple Retakes Support Level, All Eyes On Netflix",1
2017-06-16,"Top Analyst Reports for Apple, Procter & Gamble, and Celgene",0
2017-05-01,"Appleton Partners Inc Buys SPDR S&P 5……, iShares Core U.S. ...",0
2017-03-02,"Norges Bank Buys Apple, Microsoft, Exxon Mobil",0
2015-09-14,Why Apple May Be A Good And Bad Stock For Rate Hike,1
2013-01-10,Stock Futures Up on Strong China Trade Data; Apple Gains,1
2012-08-24,"Stocks to Watch: Apple, IBM, Aruba Networks",0
2012-02-11,Apple of Investors' Eye: Stock Nears $500,0
2012-02-11,Apple of Investors' Eye: Stock Nears $500,0
2020-01-28,"Thinking about trading options or stock in Apple, Ball Corp, D. R. Horton, Microsoft, or Tesla?",0
2017-01-12,Wall Street Breakfast: Apple Sets Its Sights On Hollywood,0
2016-10-28,"What Fidelity Trend Fund Likes About Apple, Amazon And Alphabet",0
2015-12-10,"Stocks: Weak Open, Thin Gains; LendingTree, Chipotle, Apple Up",-1
2016-09-19,"Nasdaq Fades After Strong Start; Apple Slumps, Small Caps Hold Up",-1
2013-10-07,Techs Follow Apple's Example On Base Building,0
2013-06-10,Stocks End Mixed In Dull Session; Apple 'Sells The News',0
2016-03-21,"The Monday Morning Kickoff - Apple's Monday Event, Nike's Earnings, More Fed Head Jawboning And Good Friday",0
2019-09-08,"Apple, IPOs And German Auto (Stocks To Watch Podcast)",0
2019-09-07,"Stocks To Watch: Apple, IPOs And German Auto",0
2018-10-28,Apple Looks To Recharge Tech Sector (Stocks To Watch Podcast),0
2018-10-27,Apple Looks To Recharge Tech Sector,0
2018-06-02,"Stocks To Watch: Eyes On Apple's WWDC, SCOTUS And D.C.",0
2017-12-11,"Biotechs Lift Nasdaq; Tesla Rebounds, Apple Buys Shazam",1
2017-12-11,Apple Leads Nasdaq Stocks Up; Is This The Best Bitcoin ETF To Trade?,1
2017-11-24,Apple Strong; Square Eyes 5th Up Week; 1 Reason Why Biotechs Aren't Dead Yet,1
2017-05-18,"Stocks Cling To Gains; Apple, Netflix Lead Nasdaq; Time To Buy Biotechs?",1
2017-10-25,"Starfire Investment Advisers, Inc. Buys iShares MSCI EAFE Growth, Apple Inc, Becton, Dickinson ...",0
2017-01-27,Nasdaq Edges Up; Why Apple Is Emerging As A Big Cap Leader Again,1
2018-07-28,"Stocks To Watch: Apple, Harley And Tesla On The Marquee",0
2019-09-08,"Apple, IPOs And German Auto (Stocks To Watch Podcast)",0
2019-09-07,"Stocks To Watch: Apple, IPOs And German Auto",0
2019-04-28,"Eyes On Apple, Uber, F8 And Avengers (Stocks To Watch Podcast)",0
2019-04-27,"Stocks To Watch: Eyes On Apple, Uber, F8 And Avengers",0
2019-04-27,"Stocks To Watch: Eyes On Apple, Uber, F8 And Avengers",0
2017-04-24,"BTIM Corp. Buys Bemis Co, The Priceline Group, Hill-Rom Holdings, Sells Apple, Microsoft, ...",0
2013-02-07,Cramer's 'Mad Money' Recap: The Apple of My Eye,0
2017-03-10,Apple Goes Hollywood,0
2020-04-17,"Perigon Wealth Management, LLC Buys PowerShares QQQ Trust Ser –, Apple Inc, SPDR Gold Trust, ...",0
2019-05-13,"Symmetry Partner, LLC Buys iShares Edge MSCI Min Vol Global, Vanguard Total Stock Market, Apple ...",0
2018-08-09,"Private Advisor Group, LLC Buys Alphabet Inc, Apple Inc, Amazon. ...",0
2018-07-09,"New Capital Management LP Buys Berkshire Hathaway Inc, PepsiCo Inc, Apple Inc, Sells iShares J. ...",0
2018-05-18,"Wesbanco Bank Inc Buys Apple Inc, Amazon. ...",0
2019-11-08,"Gluskin Sheff & Assoc Inc Buys Apple Inc, Amazon. ...",0
2019-11-04,Swapping Apple For Apple - October Dividend Portfolio Update,0
2018-03-13,Road To Financial Independence: My February 88-Stock Portfolio Review With Big Apple Purchase,0
2017-12-15,"My Journey To Financial Independence: 86-Stock November Portfolio Update - Buying Apple, AbbVie And BMW",0
2017-01-25,"Amazon, Apple, And Netflix Versus Liberty",0
2018-06-08,"Stock Market Erases Losses, Twitter Stock Up; Is Bad News On Apple A Good Time To Buy?",1
2017-02-27,"Stocks Edge Lower, But Apple, Nvidia Up; Tesla Drops 4% On Goldman Downgrade",1
2017-01-31,"Stocks Battle Back, Trim Losses; Apple Beats",1
2017-01-12,"Stocks Pare Losses; Apple, Disney Weigh On Dow; Can Nvidia Halt Slide?",-1
2017-01-10,"Stocks Turn Higher: Apple Holds Breakout; NetEase Touted, Goldman Clipped",1
2016-12-23,"Stocks Edge Lower Before Christmas; Apple, Alphabet Work On Bases",0
2016-12-08,Stocks Up Amid Economic News; Apple Nears Key Support Line,1
2019-09-08,"Apple, IPOs And German Auto (Stocks To Watch Podcast)",0
2019-09-07,"Stocks To Watch: Apple, IPOs And German Auto",0
2019-03-26,Indian Steelmakers Grapple With Sanctions-Diverted Iranian Steel,-1
2015-12-10,"Stocks: Weak Open, Thin Gains; LendingTree, Chipotle, Apple Up",-1
2012-12-12,Worse Than Expected: How Apple Guy is Turning JC Penney Into a Museum of Tired Brands,-1
2020-01-06,"Dow Jones Under Pressure But Trims Losses As Apple, McDonald's Stocks Rise",-1
2019-10-29,"Apple, Facebook Earnings, Fed Rate Cut On Tap: Investing Action Plan",0
2019-09-30,"Dow Jones Stock Apple, JPMorgan, Nike Headline Leaders In Or Near Buy Zones",0
2013-05-06,"Stocks Start The Week Mixed; Apple, Nationstar Rising",0
2019-01-08,John And Jane's Taxable Account Dividend Increases And Income Tracker - The Apple Effect,0
2018-07-23,"Apple, 3M Lead Nasdaq, Dow Lower; This Bank Stock Breaks Out",0
2018-09-08,"Stocks To Watch: Apple Event, Chinese Auto IPO To Headline",0
2016-12-23,"Apple, Broadcom, Nvidia Among RBC's Top Stock Picks For 2017",1
2016-10-31,Apple To Bid On Time Warner?; Tesla's Solar Roof Unveiled; M&A Train Rolls - Eye On Tech,0
2016-09-22,"Apple, Alibaba Price Targets Hiked; Amazon Upgraded",1
2016-05-26,Apple's Next Moves? Hints From M&A Talks,0
2016-05-20,"Eye On Tech: Apple Grows Its Indian Presence, And Yahoo Bids Come In Light",1
2016-04-14,"Seagate Warns, GoPro Hires An Apple Designer, And Intel's President Criticizes His Company",-1
2015-05-22,"Yellen: Fed On Track To Raise Rates; Apple, Brocade Approach Buy Points",1
2012-08-17,"Stocks to Watch: Apple, Foot Locker",0
2011-11-15,'Fast Money' Recap: Apple Reloads,0
2011-02-18,"Intuit, Apple: Tech Winners & Losers",-1
2016-01-08,"Apple, Cirrus Logic Gain; Qorvo Sent To 'Penalty Box'",0
2016-01-07,"Apple Chips Implode; Qorvo, Cirrus Logic Lower Views",-1
2016-01-07,"Broadcom 'Story Played Out,' NXP To Lead Apple Sphere",1
2015-12-31,Apple Supplier Avago Dwarfs Hustling Qualcomm In 2015,0
2015-12-30,Apple Supplier Avago Technologies Keeps On Rolling,0
2015-12-08,Apple Supplier NXP Muscles Up With Freescale Merger,0
2015-12-08,"Apple iPhone, IoT, Mergers Lift Avago Near Buy Zone",1
2015-12-03,"'Battle Of Titans': Apple Supplier Avago, Intel Clash",0
2015-12-02,"Apple Supplier Avago Smashes Sales, Earnings Records",0
2015-11-19,Two Apple Suppliers Among 3 Top Overseas Chipmakers,0
2015-11-19,Two Apple Suppliers Among 3 Top Overseas Chipmakers,0
2015-11-19,Two Apple Suppliers Among 3 Top Overseas Chipmakers,0
2015-11-19,Two Apple Suppliers Among 3 Top Overseas Chipmakers,0
2015-11-19,Chip Fever: Microsemi Ups PMC Bid Over Apple Supplier,0
2015-10-30,"Chip Frenzy: Apple Supplier, Microsemi Trade Punches",0
2015-10-20,Apple Chip Supplier Avago Ousts COO Position,0
2015-10-19,Microsemi Outbids Apple Supplier Skyworks For PMC,0
2015-10-06,Stocks Mixed As Tesla Skids But Apple Avoids Supplier Stock Sell-Off,-1
2015-10-06,PMC Jumps As Apple Supplier Skyworks Preps $2 Bil Buy,1
2015-10-06,Apple Supplier Skyworks To Buy PMC-Sierra For $2 Billion,0
2015-10-05,M&A Daily: Paving Way For Apple Car?,0
2015-09-10,"Apple news is good for these stocks, but not those",1
2015-09-08,Apple Chip Suppliers Soar Ahead Of 'Big Event',1
2015-08-27,Apple Supplier Avago Gets PT Cut; Amazon Sees Upgrade,1
2015-08-22,How Long Can Avago Ride Apple's Coattails?,0
2015-08-10,"Chip Stocks, Not Apple, Most China Revenue Exposed",0
2015-08-04,Will Apple's Woes Take Down Top Supplier Stocks Too?,-1
2015-07-21,Apple suppliers sell off following Apple's results/guidance,-1
2015-06-22,"Apple Chip Supplier Skyworks Targets 5G, IoT Markets",0
2015-05-30,"IBD 50: As Apple Fans Out, Suppliers Eye Next Moves",0
2015-05-28,Apple Supplier NXP Sells RF Unit To Help Close Merger,0
2015-05-27,"Avago Soars On Apple iPhone, But Storage May Hurt Q2",-1
2015-05-13,Apple Watch gross margins will start low but then rise,-1
2015-05-02,"BRCM, STM, ADI, IDTI, SNDK, MU land Apple Watch design wins",1
2015-05-01,9 chip stocks riding on Apple Watch,0
2015-03-30,Analog Devices Upgraded On Apple Design Win,1
2015-02-06,Hot Growth Stocks: Apple Ally Broadcom Near Buy Point,1
2015-01-23,Apple Watch to supercharge use of wireless charging,0
2015-01-12,"Apple's WiFi Firestorm: Not A Threat, But Could Lead To An Acquisition",0
2014-12-09,Apple iPhone 6 Plus now 50% of iPhone production,0
2014-11-19,Meet 4 Apple iPhone Chip Suppliers Among Top Big Caps,0
2014-11-05,Skyworks Seen With Apple iPhone Boost In Fiscal Q4,1
2014-10-03,Apple Watch production said delayed until January,-1
2014-09-23,Apple iPhone Supplier ARM Holdings Turns On Growth,1
2014-09-19,Apple iPhone 6 Plus Teardown: 5 Key Suppliers Inside,0
2014-09-18,Apple iPhone 6 Plus Teardown: 5 Key Suppliers Inside,0
2014-06-29,Will Apple be a Potential Suitor for Broadcom's Baseband Business?,0
2014-06-02,"Apple Software Updates Focus On Health, Home Control",0
2014-05-30,"Ahead of WWDC, Apple's Expected Connected-Home Salvo",0
2014-05-12,Why Apple Can Take Broadcom To New Highs,1
2013-11-13,"Apple iPad Mini 2 winners include Cirrus Logic, STMicro",0
2013-11-01,Apple iPad Air teardown reveals the usual suspects inside,0
2013-09-20,Apple chip suppliers up,0
2013-08-29,"Apple iPhone refresh could lift Qualcomm, Cirrus Logic, others",1
2013-07-24,"Stock Futures Look Positive; Apple, Ford Lead Early Surge",1
2013-02-03,"Forget Apple Vs. Samsung, Qualcomm Wins Either Way (QCOM, AAPL, BRCM, INTC)",1
2013-02-03,A Surprising Winner in the Apple-Samsung Fight,1
2013-01-31,"Apple Stock Slide Has Hurt Some Suppliers, Not Others",-1
2013-01-31,"Apple Stock Slide Has Hurt Some Suppliers, Not Others",-1
2013-01-30,"Taiwan Semi Gets Boost From Mobile, Likely Apple Deal",1
2013-01-30,"Apple Shrinks Broadcom Sales View, Samsung Looms",-1
2013-01-29,"Apple Has Room To Get Worse Before Getting Better (AAPL, BRCM, NOK, QCOM)",1
2013-01-24,Apple suppliers feel the pain,-1
2013-01-24,"Apple Joins Microsoft, Cisco In Slow-Growth Club",0
2013-01-23,Apple iPhone Sales Miss; 1st Earnings Dip In 10 Years,-1
2013-01-22,Apple Q1 Earnings To Settle iPhone Demand Rumors,0
2013-01-16,5 Suppliers To Watch In Light Of Apple Stock Decline,-1
2013-01-10,"Google, Apple Lead In Patent Growth; IBM Tops Overall",1
2012-12-06,Stocks Climb as Apple Shares Rebound,1
2012-12-06,"Stocks to Watch: Broadcom, Lululemon, Apple",0
2012-12-06,"Stocks to Watch: Broadcom, Lululemon, Apple",0
2012-10-12,5 iPhone Stocks That Aren't Apple,0
2012-09-25,Here's How Much Apple Makes Per iPhone 5,0
2012-09-25,Here's How Much Apple Makes Per iPhone 5,0
2012-09-21,"Apple iPhone 5 Attracts Long Lines, Investors Cheer",1
2012-09-21,Long Lines Greet Apple's iPhone 5 Retail Debut,0
2012-09-21,"Apple iPhone 5 Winners: Skyworks, Avago",1
2012-09-21,"Apple iPhone 5 Winners: Skyworks, Avago",1
2012-09-19,"Rising Apple iPhone Demand Floats Qualcomm, Broadcom",1
2012-09-19,Update on Apple Suppliers: 'Mind Your Stops!',0
2012-09-19,Update on Apple Suppliers: 'Mind Your Stops!',0
2012-09-18,"Broadcom, Helped by Apple, Outperforms Its Rivals",1
2012-09-18,"Broadcom, Helped by Apple, Outperforms Its Rivals",1
2012-09-13,Apple iPhone 5 Suppliers See Rise In Shares,1
2012-09-11,"If You Like Apple, You Should Love These Chips",0
2012-09-11,"If You Like Apple, You Should Love These Chips",0
2012-08-17,"The Apple Zealots Could Have it All Wrong on Intel: Charting the Upside, and a 3.4% Dividend Yield",0
2012-08-16,Apple iPhone 5 Poised To Fill Chip Company Coffers,1
2012-06-05,"Cirrus, Other Apple Chip Suppliers Seen Bucking Blues",-1
2012-04-26,10 Stocks Poised to Rise in Apple's Wake,1
2012-04-26,10 Stocks Poised to Rise in Apple's Wake,1
2012-04-25,Apple Earnings Bring Joy To Tech-Land,1
2012-04-25,Apple Supplier Shares Up On iPad Maker's Q2 Report,1
2012-04-13,15 Apple-Like Stocks That Could Bear Similar Fruit (Update1),0
2012-04-03,Apple's iPhone 5: Rumors and Beneficiaries (Update 1),0
2012-04-03,Apple's iPhone 5: Rumors and Beneficiaries,1
2012-03-29,"Look Under the Hood of Apple (AAPL) For the Best Apple-Mania Investments: FIO, CRUS, BRCM",0
2012-03-19,Stocks Edged Higher; Apple Closes Above $600,1
2012-03-19,Apple Dividend: Fueling New Highs (Update 1),1
2012-03-19,Apple Dividend: Fueling New Highs,1
2012-03-18,The Apple Effect: Does It Really Help?,1
2012-03-16,"Green for St. Patrick, Stocks and Apple",0
2012-03-16,Apple's New iPad: Chip Winners and Losers,-1
2012-03-16,Apple's New iPad: Chip Winners & Losers,1
2012-02-14,5 Things Apple Investors Want to Hear Today,0
2012-02-14,5 Things Apple Investors Want to Hear Today,0
2012-01-25,Blockbuster Earnings Carry Apple to All-Time High,1
2012-01-24,'Fast Money' Recap: Apple's Very High Bar,1
2012-01-24,'Fast Money' Recap: Apple's Very High Bar,1
2012-01-24,"CA, Apple, Fusion-io: After-Hours Trading",0
2012-01-24,"CA, Apple, Fusion-io: After-Hours Trading",0
2012-01-19,'Fast Money' Recap: Apple Too Big?,1
2011-10-12,"Tech Winners & Losers: Apple, RIM",-1
2011-07-22,Apple MacBook Air: Winners & Losers,-1
2011-07-19,'Fast Money' Recap: Apple Trades,0
2011-03-14,Apple iPad 2 Sellouts Stoke Suppliers,0
2015-01-14,"Apple, Ericsson Fight Over Patent Royalties - Analyst Blog",0
2018-08-15,"BW Gestao de Investimentos Ltda. Buys BRF SA, SPDR S&P 5……, Apple Inc, Sells iShares ...",0
2019-07-19,"Hanseatic Management Services Inc Buys Apple Inc, Facebook Inc, Progressive Corp, Sells Boeing ...",0
2017-07-11,Apple Plans to Open 2nd Eco-Friendly Data Center in Denmark,0
2018-06-08,"Tech sector under pressure from Apple suppliers, semi equipment stocks",-1
2019-05-24,"Altfest L J & Co Inc Buys Amazon.com Inc, Apple Inc, Berkshire Hathaway Inc, Sells ...",0
2019-01-03,Dow Jones Drops Nearly 700 Points; When Long-Term Apple Holders Should Sell,0
2019-04-25,"Raub Brock Capital Management LP Buys FedEx Corp, KeyCorp, Apple Inc, Sells Schwab US Dividend ...",0
2011-06-01,"BSD Medical, Appleton Ink Pact - Analyst Blog",0
2011-06-01,"BSD Medical, Appleton Ink Pact - Analyst Blog",0
2019-03-24,Apple Makes Its Video-Streaming Move (Stocks To Watch Podcast),0
2019-03-23,Stocks To Watch: Apple Makes Its Video-Streaming Move,0
2016-08-02,"Stocks Pare Losses In Final Trading Hour; Apple, Pfizer Big Dow Losers",-1
2016-03-29,"Stocks Get Fed Boost; Apple, Microsoft Lead Dow",1
2016-03-29,Stocks Rally On Fed Comments; Apple Leads Dow,1
2018-09-02,An Apple A Day Can't Keep Strong Gains Away From These 5 Hot Medical Stocks,-1
2017-05-15,Julian Robertson Buys Adobe and Sells Apple in –st Quarter,0
2017-02-08,"United Asset Strategies, Inc. Buys Hanesbrands, Colgate-Palmolive Co, Apple, Sells Lear, SPDR ...",0
2016-10-28,"Week In Review: Apple, Amazon, Alphabet Are A-Listers On Crowded Earnings Stage",0
2016-07-29,"Apple, Facebook, Alphabet, Amazon, Ford, McDonald's Headlined Busy Week",0
2016-06-09,"Fitbit Started At Buy; Apple Supplier Qorvo, LinkedIn Upgraded",1
2015-09-28,"Citigroup, AbbVie Upgraded; Apple Supplier Qorvo Cut",1
2015-09-12,Apple Watch: 'Apple Inside',0
2015-08-27,Apple Supplier Avago Gets PT Cut; Amazon Sees Upgrade,1
2012-02-15,"6 Stocks Purchased by Billionaire Tepper Include Oracle, Apple",0
2012-02-15,"6 Stocks Purchased by Billionaire Tepper Include Oracle, Apple",0
2011-06-01,"BSD Medical, Appleton Ink Pact - Analyst Blog",0
2011-06-01,"BSD Medical, Appleton Ink Pact - Analyst Blog",0
2010-07-20,"Apple, Yahoo: Earnings Central",0
2018-11-01,Apple Q4 Rise In Revenue Expected (Wall Street Breakfast Podcast),1
2018-11-01,Wall Street Breakfast: What's In Store For Apple Earnings?,0
2018-10-08,Report: Apple and BT nearing pay-TV deal,0
2016-01-13,Could Wireless Firms Follow Apple Into Ad-Blocking?,0
2018-05-24,"The No. 1 Stock In The World (Revisited) - Visa And Apple Up, Kinder Morgan And Gilead Down",0
2017-11-14,"Quinn Opportunity Partners LLC Buys Time Warner Inc, Apple Inc, T-Mobile US Inc, Sells Whole ...",0
2016-10-21,"Stocks Mixed, But PayPal Up Big On Results; Apple Down",1
2019-05-01,Apple and Nu Skin Enterprises among consumer gainers; Pitney Bowes leads the losers,-1
2017-08-03,"DUPONT CAPITAL MANAGEMENT Corp Buys iShares MSCI EAFE, Apple Inc, The Home Depot Inc, Sells ...",0
2012-07-24,Stocks Down on Euro Zone Woes; Apple Misses in After Hours,-1
2011-03-03,"Apple, Peabody: New Targets, Estimates",0
2010-06-24,'Fast Money' Recap: RIM-Apple Faceoff,0
2010-03-25,"Apple: Analysts' Upgrades, Downgrades",0
2020-04-16,"Westside Investment Management, Inc. Buys Apple Inc, Cronos Group Inc, PDL BioPharma Inc, Sells ...",0
2018-10-09,"Verso, Anheuser-Busch, Alphabet, Amazon and Apple highlighted as Zacks Bull and Bear of the Day",0
2018-09-05,"Kovack Advisors, Inc. Buys Apple Inc, Alphabet Inc, Johnson & Johnson, Sells Vanguard ...",0
2018-06-02,"Stocks To Watch: Eyes On Apple's WWDC, SCOTUS And D.C.",0
2017-11-22,"The Zacks Analyst Blog Highlights: Apple, Adobe, Anheuser-Busch, Tesla and General Mills",0
2017-11-21,"Top Analyst Reports for Apple, Adobe & Anheuser-Busch",0
2016-12-21,17% Pop On Apple Supplier Deal,0
2016-10-25,Wall Street Breakfast: Apple Earnings Take Center Stage,0
2016-08-30,Apple CEO Tim Cook Slams 'Unprecedented' EU Tax Ruling,0
2016-08-30,EU: Apple Must Pay Ireland $14.5 Billion In Taxes,0
2016-08-23,Apple Wants You To Feel Better,1
2016-08-02,Apple-Backed Didi's Uber Deal,0
2016-07-29,"Apple, Facebook, Alphabet, Amazon, Ford, McDonald's Headlined Busy Week",0
2016-06-02,Apple Challenging Tesla,-1
2016-05-26,Apple's Next Moves? Hints From M&A Talks,0
2016-05-13,Apple Challenges Uber For The Future Of Driving,-1
2016-03-16,"This Bond's For You: AB InBev Joins Apple, IBM In Debt Sales",0
2015-09-21,"Apple PT Hiked; CyberArk, Lululemon Get Upgrades",0
2014-07-03,"Cider Is Trending Vs. Beer, And American As Apple Pie",0
2020-02-26,"The Zacks Analyst Blog Highlights: Burlington Stores, Chipotle Mexican Grill, Apple, Chevron and Deckers Outdoor",0
2019-12-30,"Dow Jones Futures: Stock Market Rally Pauses But Apple Keeps Climbing, These 4 Leaders Near Buy Points",1
2018-11-04,Dow Jones Futures: Apple's Dive Teaches These 3 Lessons About Buying Stocks,0
2017-03-23,Stocks Slightly Higher Ahead Of Vote; Apple Acquires Startup WorkFlow,1
2017-02-02,Apple Could Hit $134 - Cramer's Mad Money (2/1/17),1
2016-11-21,"Apple Is A Buy; Veeva, HPE, Urban Outfitters Near Breakouts With Earnings Due: Action Plan",1
2016-11-19,"Black Friday, Apple, Sina, Weibo In Focus For Investing Action Plan",0
2014-09-09,"Stock Futures Narrowly Mixed; Mobileye Jumps, Apple On Deck",0
2019-03-24,Apple Makes Its Video-Streaming Move (Stocks To Watch Podcast),0
2019-03-23,Stocks To Watch: Apple Makes Its Video-Streaming Move,0
2020-04-07,"CHICAGO TRUST Co NA Buys Apple Inc, Schlumberger, Canadian National Railway Co, Sells National ...",0
2019-07-28,"Headliners Include Apple, Beyond Meat And IBM (Stocks To Watch Podcast)",0
2019-07-27,"Stocks To Watch: Headliners Include Apple, Beyond Meat And IBM",0
2015-11-19,"Apple Upgraded, Qorvo Initiated, GoPro's PT Cut",0
2011-01-12,"Apple: New Targets, Estimates",0
2013-02-14,Einhorn Adores Apple in Latest 13F,0
2013-02-14,Einhorn Adores Apple in Latest 13F,0
2012-11-14,"David Einhorn Trims Apple, Microsoft, Adds GM and Yahoo!",0
2019-04-28,"Eyes On Apple, Uber, F8 And Avengers (Stocks To Watch Podcast)",0
2019-04-27,"Stocks To Watch: Eyes On Apple, Uber, F8 And Avengers",0
2019-04-27,"Stocks To Watch: Eyes On Apple, Uber, F8 And Avengers",0
2017-08-11,DineEquity (DIN) Announces Plan to Close 160 Applebee's and IHOP Restaurants,0
2017-02-06,"Stock Market Dips, Apple Extends Gains; Nvidia, Tesla Gearing Up For Breakout?",1
2017-01-04,Apple Should Buy Sirius XM - Cramer's Lightning Round (1/3/17),0
2016-10-28,"Week In Review: Apple, Amazon, Alphabet Are A-Listers On Crowded Earnings Stage",0
2016-10-26,"Stocks Open Lower; Apple, Edwards Dive; Akamai Surges",1
2016-09-15,Why The Next Apple Could Come From A Drone Wildcatter,0
2016-07-27,"Stocks Turn Mixed; Coke Fizzes, Apple Pops Ahead Of Fed",-1
2016-07-26,"Apple Earnings On Tap; Twitter, Edwards Lifesciences, Panera Bread Report",0
2016-04-26,"Apple, Twitter, Chipotle Fall As Big Earnings Reports Disappoint",-1
2016-04-25,"What To Expect From Apple, Lockheed, Chipotle, Reynolds And Twitter",0
2015-10-12,EMC Downgraded Amid Dell Buyout; Apple PT Hiked,-1
2014-04-28,Stocks Stage Late Comeback; Apple Bucks Weakness,1
2014-02-27,Dr Pepper Snapple Reaches 52-Week High - Analyst Blog,0
2014-02-25,Dr Pepper Snapple Group Rallies Despite Industry Woes,-1
2014-02-12,Dr Pepper Snapple Drinks at BWLD Outlets - Analyst Blog,0
2013-04-30,Stocks Rise In Higher Trade; Nasdaq Leads As Apple Leaps,1
2013-04-30,Techs Lead The Way Again; Apple Launches Huge Debt Offering,1
2013-04-30,"Apple Pulls Nasdaq Higher; Oil States Up, U.S. Silica Dives",1
2015-05-01,Apple Has Cursed The Market - Cramer's Mad Money (4/30/15),0
2012-08-28,"Stocks to Watch: Apple, Knight Capital",0
2020-01-31,"Gunderson Capital Management Inc. Buys Bristol-Myers Squibb Company, Apple Inc, NetEase Inc, ...",0
2019-11-04,Swapping Apple For Apple - October Dividend Portfolio Update,0
2019-07-19,"Focused Wealth Management, Inc Buys PIMCO Enhanced Short Maturity Active Exchange-Trad, Apple ...",0
2020-05-13,"AlphaCrest Capital Management LLC Buys AT&T Inc, Eli Lilly and Co, Apple Inc, Sells The ...",0
2020-05-08,"Community Bank of Raymore Buys The Kraft Heinz Co, Brookfield Renewable Partners LP, Apple ...",0
2020-02-06,"Welch Capital Partners Llc Buys Pluralsight Inc, Boston Properties Inc, Apple Inc, Sells ...",0
2019-09-08,"Apple, IPOs And German Auto (Stocks To Watch Podcast)",0
2019-09-07,"Stocks To Watch: Apple, IPOs And German Auto",0
2019-08-14,Grab A 4.5% Yield From The Big Apple With SL Green Realty,0
2019-07-28,"Headliners Include Apple, Beyond Meat And IBM (Stocks To Watch Podcast)",0
2019-07-27,"Stocks To Watch: Headliners Include Apple, Beyond Meat And IBM",0
2019-06-02,"Apple's WWDC, DuPont's Return And Tariff Anxiety (Stocks To Watch Podcast)",0
2019-06-01,"Stocks To Watch: Apple's WWDC, DuPont's Return And Tariff Anxiety",0
2018-04-28,"Stocks To Watch: Apple, FOMC And China On Tap",0
2015-05-27,Hormel Foods Acquires Applegate to Drive Inorganic Growth - Analyst Blog,0
2010-06-01,"Apple: Analysts' Upgrades, Downgrades",0
2012-11-12,"Stocks to Watch: Best Buy, Apple, Lockheed",0
2019-01-04,Apple Selloff Offers A Broadcom Opportunity,1
2017-05-12,"Stocks Open Mixed As Apple, GE Duke It Out On The Dow",0
2017-01-17,"Cornercap Investment Counsel Inc Buys Activision Blizzard Inc, Apple Inc, TJX Companies Inc, ...",0
2016-05-20,"Eye On Tech: Apple Grows Its Indian Presence, And Yahoo Bids Come In Light",1
2013-03-24,"Billionaire Paul Tudor Jones Shakeups: Apple (AAPL), eBay (EBAY) And More",0
2012-05-11,"CA, Nvidia, Apple: Premarket Movers",1
2012-05-11,"CA, Nvidia, Apple: Premarket Movers",1
2012-03-29,Apple Set For No. 6 Dividend Yield Among Top Stocks,0
2012-03-29,Apple Set For No. 6 Dividend Yield Among Top Stocks,0
2012-01-31,"Zacks Investment Ideas feature highlights: Arctic Cat, Caterpillar, Apple, United Rentals and CA Technologies - Press Releases",0
2012-01-24,Market Preview: Apple vs. The Fed,0
2012-01-24,Market Preview: Apple vs. The Fed,0
2012-01-24,"CA, Apple, Fusion-io: After-Hours Trading",0
2012-01-24,"CA, Apple, Fusion-io: After-Hours Trading",0
2019-03-24,Apple Makes Its Video-Streaming Move (Stocks To Watch Podcast),0
2019-03-23,Stocks To Watch: Apple Makes Its Video-Streaming Move,0
2015-12-18,Apple: Strategy Behind Retailers Discounting Apple Watch And iPad,0
2015-12-03,Apple Supplier Avago PT Raised; Square Starts At Buy,1
2015-12-03,"Apple Supplier Avago, Palo Alto Networks PTs Raised",1
2012-11-12,"Specialty Retailer (No, Not Apple) Stock Hit by Selloff: A Bargain Now?",1
2012-10-26,"Overlooked in Apple Noise, Good News From Smaller Names",1
2012-10-25,Stocks Waver To Modest Gains; Apple Sours After Hours,1
2012-10-25,Stocks Seesaw In Mixed Trade; Apple Earnings On Tap,0
2012-03-15,"The Zacks Analyst Blog Highlights: Apple, Amazon, Google, Barnes & Noble and Cabela's - Press Releases",0
2019-07-30,Apple & Other Tech Giants Set to Beat Earnings This Season,1
2018-05-07,Buffett's Bet on Apple Sparks Tech Rally: 5 Solid Buys,1
2018-03-19,"Markets Start Week Slowly, Apple Looks At Screens, Twitter And Mastercard Eye Crypto Cautiously (Wall Street Breakfast Podcast)",0
2020-05-06,"Eidelman Virant Capital Buys Conagra Brands Inc, Apple Inc, Box Inc, Sells Liberty SiriusXM ...",0
2019-09-23,"Nike, ConAgra, Micron, JPMorgan and Apple are part of Zacks Earnings Preview",0
2018-09-27,Stock Futures Paused Ahead Of GDP Data; Apple Gets Price Target Boost,1
2017-02-14,"Walleye Trading LLC Buys Apple, Plains All American Pipeline LP, Micron Technology, Sells ...",0
2015-11-19,"Stocks Scrape Out Early Gains; Apple, Vipshop, ConAgra Advance",-1
2015-07-22,"Apple Who? 3 Stocks Crushing iPhone Maker, Market",0
2012-09-24,Cramer's 'Mad Money' Recap: Expectations Jinxing Apple (Final),0
2012-04-26,"Apple Fuels Nasdaq, Women Fuel Harley",0
2015-09-14,GoPro: Apple acquisition target or possible rival?,0
2015-02-06,GoPro: Apple Is Not The Threat,-1
2019-07-28,"Headliners Include Apple, Beyond Meat And IBM (Stocks To Watch Podcast)",0
2019-07-27,"Stocks To Watch: Headliners Include Apple, Beyond Meat And IBM",0
2018-07-28,"Stocks To Watch: Apple, Harley And Tesla On The Marquee",0
2014-12-29,Apple's iPhone 6 Mini Set for 2015 Debut? - Analyst Blog,0
2016-02-08,"Facebook, Tesla Lead Market Sell-Off; Apple Stages Upside Reversal",1
2016-01-15,S&P 500 Takes Out August Low; Apple Hit By New iPhone Worries,-1
2012-08-29,"Tangoe, Ericsson, Apple, eBay: Tech Premarket",0
2012-08-29,"Tangoe, Ericsson, Apple, eBay: Tech Premarket",0
2012-08-28,"Ericsson, Zynga, Apple: Tech Premarket",0
2012-08-28,"Ericsson, Zynga, Apple: Tech Premarket",0
2015-10-05,M&A Daily: Paving Way For Apple Car?,0
2015-08-26,"Stocks Hold Most Of Day's Gains; Apple, Visa, Exxon, Amazon Up",1
2018-09-11,"Apple, Alaska Air, Ribbon Communications, Avid and Camtek highlighted as Zacks Bull and Bear of the Day",0
2019-06-26,CrossAmerica Partners enters into an agreement with Applegreen,0
2019-02-22,"Factors of Influence in —…–9, Key Indicators and Opportunity within Apple, United ...",0
2017-07-13,"Telecom Stock Roundup: Qualcomm - Apple Patent Dispute Intensifies, T-Mobile US Hikes Unlimited Data Price",-1
2018-01-18,Apple's Plan Will Have A Multiplier Effect - Cramer's Mad Money (1/17/18),0
2017-04-26,"Scott & Selber, Inc. Buys Apple, Boeing Co, United Technologies, Sells Constellation ...",0
2019-03-24,Apple Makes Its Video-Streaming Move (Stocks To Watch Podcast),0
2019-03-23,Stocks To Watch: Apple Makes Its Video-Streaming Move,0
2016-07-18,Nasdaq Leads Stocks As Apple Hits 100; Monster Beverage Fizzles,0
2016-05-13,"Week In Review: Apple, Macy's, Walt Disney Signal Consumer Slowdown",-1
2018-07-17,"Consumer, Tech Stocks Boost Nasdaq; 3 Reasons Why Apple Could Rise Another 25%",1
2018-07-28,"Stocks To Watch: Apple, Harley And Tesla On The Marquee",0
2018-05-15,"Glenview added Express Scripts, exited Apple in Q1",0
2017-07-25,Dr Pepper Snapple (DPS) Q2 Earnings: A Beat in the Cards?,1
2014-04-29,Dr Pepper Snapple Group Hits 52-Week High - Analyst Blog,0
2014-04-23,"Dr Pepper Snapple Beats on Q1 Earnings, Revs - Analyst Blog",1
2014-02-27,Dr Pepper Snapple Reaches 52-Week High - Analyst Blog,0
2014-02-10,Dr Pepper Snapple Ups Div by 7.9% - Analyst Blog,0
2013-05-22,"Enough Apple Pie, Alan Fournier Unloads Major American Companies",0
2011-10-26,"Snapple Profits Up, Outlook Same - Analyst Blog",1
2011-07-27,Snapple Profits from Price Hike - Analyst Blog,1
2011-04-27,"Snapple Beats Top, Bottom Lines - Analyst Blog",1
2011-04-27,Dr Pepper Snapple Pops on Profit Beat,1
2011-04-26,Earnings Preview: Dr Pepper Snapple - Analyst Blog,0
2010-06-01,"Apple: Analysts' Upgrades, Downgrades",0
2015-07-29,"Apple, Gilead and Hibbett Display Both Growth and Value",0
2020-04-23,"Pacer Advisors, Inc. Buys Microsoft Corp, Apple Inc, Amazon. ...",0
2019-06-02,"Apple's WWDC, DuPont's Return And Tariff Anxiety (Stocks To Watch Podcast)",0
2019-06-01,"Stocks To Watch: Apple's WWDC, DuPont's Return And Tariff Anxiety",0
2018-09-08,"Stocks To Watch: Apple Event, Chinese Auto IPO To Headline",0
2018-04-28,"Stocks To Watch: Apple, FOMC And China On Tap",0
2017-11-08,"Apertura Capital, LLC Buys Oracle Corp, Dr Pepper Snapple Group Inc, SBA Communications Corp, ...",0
2020-05-15,"Kemnay Advisory Services Inc. Buys Apple Inc, Netflix Inc, Alnylam Pharmaceuticals Inc, Sells ...",0
2020-03-02,"Dow Jones Today, Futures Rebound: Coronavirus Hits Global Growth; Twitter, Apple, JD.com Climb",1
2020-02-20,"Boston Beer Company, Spirit AeroSystems, Apple, Starbucks and Carnival highlighted as Zacks Bull and Bear of the Day",0
2019-04-29,"Cubic Asset Management, LLC Buys Carnival Corp, Apple Inc, AdvanSix Inc, Sells Cigna Corp, ...",0
2019-04-14,"Spotlight On Earnings, Pinterest And Apple-Qualcomm (Stocks To Watch Podcast)",0
2019-04-13,"Stocks To Watch: Spotlight On Earnings, Pinterest And Apple-Qualcomm",0
2019-03-24,Apple Makes Its Video-Streaming Move (Stocks To Watch Podcast),0
2019-03-23,Stocks To Watch: Apple Makes Its Video-Streaming Move,0
2017-09-13,"Top Analyst Reports for Apple, Pfizer & Carnival",0
2017-02-27,"Tesla Cut To Sell; Apple Gets Price-Target Hike, Buffett Boost",1
2019-11-18,Dow Jones Resilient Amid China Trade News; Apple Stock Hits Profit Zone,1
2019-04-08,"Nasdaq Erases Losses, Dow Jones Falls; Will These 3 Tech Stocks Outperform Apple?",1
2017-05-02,"White Bay Pt Llc Buys Apple Inc, Cabot Microelectronics Corp, Vanguard Intermediate-Term Bond, ...",0
2020-04-23,"Pacer Advisors, Inc. Buys Microsoft Corp, Apple Inc, Amazon. ...",0
2019-04-28,"Eyes On Apple, Uber, F8 And Avengers (Stocks To Watch Podcast)",0
2019-04-27,"Stocks To Watch: Eyes On Apple, Uber, F8 And Avengers",0
2019-04-27,"Stocks To Watch: Eyes On Apple, Uber, F8 And Avengers",0
2019-04-26,"Apple, IBM, Costco among those expected to raise payouts next week",0
2019-01-10,"Apple Roundup: Negative Preannouncement, Samsung Deal",-1
2018-10-28,Apple Looks To Recharge Tech Sector (Stocks To Watch Podcast),0
2018-10-27,Apple Looks To Recharge Tech Sector,0
2018-07-28,"Stocks To Watch: Apple, Harley And Tesla On The Marquee",0
2017-04-11,"Stocks Pare Losses As Apple Suppliers Sink, But Homebuilders Rally",-1
2020-04-19,"Dow Jones Futures: The Big Risk In This Coronavirus Stock Market Rally; Apple, Alibaba, AMD Eye Buy Points",-1
2019-07-31,Dow Jones Loses Early Lead But Apple Breakout Intact; Stock Market Awaits Fed Decision,-1
2019-07-31,"Dow Jones Leads Stock Market, As Apple Stock Breaks Out On Earnings",0
2019-06-05,"Apple has lots of upside from services growth, Evercore says",1
2016-12-23,"Apple, Broadcom, Nvidia Among RBC's Top Stock Picks For 2017",1
2015-08-11,"Alibaba, Apple Fall As Yuan Seen Hitting Earnings",-1
2016-11-28,Cellcom launches app for Apple TV service,0
2016-08-30,Wall Street Breakfast: Apple Slammed In EU Tax Crackdown,-1
2016-01-29,Trump: Apple Can't Produce Its 'Damn Computers And Things' In The U.S.,0
2016-09-21,Ceva: There Is More To The Story Than Just Apple,0
2018-03-13,Road To Financial Independence: My February 88-Stock Portfolio Review With Big Apple Purchase,0
2017-12-15,"My Journey To Financial Independence: 86-Stock November Portfolio Update - Buying Apple, AbbVie And BMW",0
2012-08-06,Stocks Rise To 3-Month Highs; Apple Breaks Out In Light Trade,0
2012-02-28,"Dow Just Under 13,000 As Stocks Give Up Some Gains; Apple Jumps",1
2012-02-28,Stocks Gain In Lower Volume; Apple Up 2% On iPad 3 Event,1
2011-12-05,"Zacks Investment Ideas feature highlights: Deere, Apple, National Oilwell Varco, Norfolk Southern and CF Industries - Press Releases",0
2011-01-12,"Apple: New Targets, Estimates",0
2019-11-18,"Ancora Advisors, LLC Buys Apple Inc, L'Harris Technologies Inc, Bank of America Corp, Sells ...",0
2019-11-15,"Ancora Advisors, LLC Buys Apple Inc, L'Harris Technologies Inc, Bank of America Corp, Sells ...",0
2019-11-07,"TDAM USA Inc. Buys Phillips 66, DuPont de Nemours Inc, Agilent Technologies Inc, Sells Apple ...",0
2019-09-08,"Apple, IPOs And German Auto (Stocks To Watch Podcast)",0
2019-09-07,"Stocks To Watch: Apple, IPOs And German Auto",0
2017-06-20,"Harbour Capital Advisors, LLC Buys iShares MSCI EAFE, Apple Inc, Exxon Mobil Corp, Sells ...",0
2017-05-17,"Dow Falls Hard On Weakness In Financials; FANG Stocks, Apple Sell Off",-1
2017-05-12,"Dow Stays Down, But Apple Rises; This Recent Issue Soars On A New Breakout",0
2017-02-14,Stock Market Hits New High As Yellen Lifts Banks; What's Next For Apple?,0
2017-02-14,Stock Indexes Hang Tough: Apple Rises; Banks Up On Yellen Stance,1
2016-12-30,"Stocks End Down, But Up For 2016; Apple, Microsoft Drag On Dow, Nasdaq",0
2016-09-13,"Acacia, Ambarella, Apple, Facebook Lead Wednesday's Investing Plan",0
2015-11-27,"David Einhorn Buys Apple, Dillards and Sells Micron Technologies, Michael Kors",0
2011-05-25,'Fast Money' Recap: Apple 'Dirt Cheap',1
2010-11-15,"David Einhorn Buys Apple, Sells EMC",0
2016-12-12,Apple Supplier In Sale Talks,0
2019-04-01,"Double-Digit Increases From Apple, Costco, Xilinx Among 14 Dividend Increases From Companies In April",1
2017-03-02,What Does Warren Buffett See in Apple?,0
2019-01-04,"Zacks Value Trader Highlights: Apple, NVIDIA, Colfax, Greenbrier and KBR",0
2018-09-12,Wall Street Breakfast: Big Display At Apple Product Event,0
2017-01-04,Apple Should Buy Sirius XM - Cramer's Lightning Round (1/3/17),0
2020-02-10,"Essex Investment Management Co Llc Buys Apple Inc, Biogen Inc, Vivint Solar Inc, Sells The Home ...",0
2018-12-04,Apple (And China) Taking Another Bite Out Of Cognex,0
2018-10-28,Apple Looks To Recharge Tech Sector (Stocks To Watch Podcast),0
2018-10-27,Apple Looks To Recharge Tech Sector,0
2018-07-28,"Stocks To Watch: Apple, Harley And Tesla On The Marquee",0
2019-03-24,Bitter Apple Puts,0
2016-09-19,"Best Apple iPhone 7 Deals: China Unicom Joins T-Mobile, Sprint",0
2016-07-05,Why I Remain Bullish On Apple In China,1
2015-05-14,"Apple's Cook Visits Vice Premier, China Telecom",0
2015-05-01,China Mobile Is A Game Changer For Apple,1
2015-02-19,Three Factors That Will Fuel Apple's Success Run In 2015,1
2015-01-26,"Asia Smartphone Growth Seen Slowing, Affecting Apple",-1
2014-10-03,"Apple, Samsung Rivalry Heat Up China Smartphone War - Analyst Blog",0
2014-09-30,Apple (AAPL) Set to Launch iPhones in China on Oct 17 - Analyst Blog,0
2014-09-29,China Gov't OKs Apple iPhone 6 Sale In China,1
2014-01-17,"With no more carriers to conquer, Apple's Tim Cook wept",0
2014-01-11,Apple Sees Good Times Ahead In China,1
2013-12-30,Initial Apple iPhone orders on China Mobile underwhelming,-1
2013-12-05,"Apple rises on China Mobile talk, Icahn proposal",0
2013-12-05,Finally Apple & China Mobile Join Forces - Analyst Blog,0
2013-12-04,Apple Signs iPhone Deal With China Mobile: Report,0
2013-11-11,China Mobile Impact On Apple Seen Delayed Until 2014,-1
2013-08-15,China Mobile Stock Slips Amid More Apple Talk,-1
2013-01-10,Apple CEO Tim Cook,0
2013-01-10,Apple and China Mobile: A Match Made in Heaven?,0
2013-01-10,Apple and China Mobile: A Match Made in Heaven?,0
2013-01-03,Apple's China Syndrome,0
2013-01-03,Apple's China Syndrome,0
2012-11-30,"Apple iPhone 5, New iPads Set For China Debut",0
2012-11-30,Apple: Bull in a China Shop (Update 1),0
2012-11-30,Apple: Bull in a China Shop (Update 1),0
2012-11-29,Apple: Bull in a China Shop,0
2012-11-29,Apple: Bull in a China Shop,0
2012-11-09,"Apple iPhone 5 Supply Ramping, Ready For China",1
2012-10-10,Apple IPhone 5 China Launch Expected This Month,0
2012-10-05,"Apple's iPhone Pricing Key For China Gains, Says RBC",0
2012-09-18,Apple Has 20% Upside,1
2012-09-18,Apple Has 20% Upside,1
2012-09-14,"Apple, China Mobile Not Near iPhone 5 Deal?",0
2012-05-24,"The Zacks Analyst Blog Highlights: China Unicom, Apple, China Telecom, China Mobile and Molson Coors Brewing - Press Releases",0
2012-05-18,"The Zacks Analyst Blog Highlights: Apple, China Mobile, China Unicom, China Telecom and Google - Press Releases",0
2012-04-26,10 Stocks Poised to Rise in Apple's Wake,1
2012-04-25,"Apple's Future, Like Its Products, Will Be Made in China (Update1)",0
2012-04-25,"Apple's Future, Like Its Products, Will Be Made in China",0
2012-04-03,"The Zacks Analyst Blog Highlights: Nokia, China Telecom, China Mobile, China Unicom and Apple - Press Releases",0
2012-04-02,"Apple: How It Could Hit $1,001 (Update 2)",0
2012-04-02,"1,001 Reasons to Like Apple",0
2012-03-14,Corporate iPad Demand Said Driving Apple Stock,1
2012-03-14,"How Apple's Stock Could Reach $1,000 (Update 1)",0
2012-03-14,"How Apple's Stock Could Reach $1,000",0
2012-02-27,"The Zacks Analyst Blog Highlights: China Unicom, Research In Motion, Apple, China Mobile and China Telecom - Press Releases",0
2012-02-21,How Many iPhones Can Apple Sell in China? (Update 1),0
2012-02-21,How Many iPhones Can Apple Sell in China?,0
2011-12-01,"Apple Should Get Lift In China With iPhone 4S, LTE",1
2011-11-22,Apple Lags in iPhone Carrier Support,-1
2018-04-25,Apple Makes Perfect Sense For Dividend Growth Investors,1
2011-08-30,'Fast Money' Recap: Can Amazon.com Take a Bite Out of Apple?,0
2019-07-28,"Headliners Include Apple, Beyond Meat And IBM (Stocks To Watch Podcast)",0
2019-07-27,"Stocks To Watch: Headliners Include Apple, Beyond Meat And IBM",0
2018-07-28,"Stocks To Watch: Apple, Harley And Tesla On The Marquee",0
2020-05-14,"Amtrust Financial Services, Inc. Buys Uber Technologies Inc, American Tower Corp, Apple Inc, ...",0
2020-05-05,"Dow Jones Jumps 400 Points; Microsoft, Apple In Buy Range As Coronavirus Stock Market Rally Strengthens",1
2020-05-04,"Dow Jones Futures Lower With Apple, Microsoft In Buy Range In Current Stock Market Rally; Chegg Soars 16% On Earnings",-1
2020-02-09,"Dow Jones Futures: Stock Market Rally Isn't 'Different This Time'; Alibaba, Nvidia Lead Key Earnings; Apple, Tesla In Focus",0
2019-07-29,Dow Jones Futures: Beyond Meat Leads 5 Key Movers Late; Apple Earnings Loom,0
2019-02-11,"Dow Jones Futures: Top Stocks Lead But Are Leashed By Sluggish Apple, Major Indexes",-1
2014-09-12,"Cool or not, Apple still popular with students",0
2014-09-11,Apple,0
2014-09-11,Video: Apple Losing Cool Factor Among Young People,-1
2010-03-25,"Apple: Analysts' Upgrades, Downgrades",0
2020-04-14,Apple is Most Imitated Brand for Phishing Attempts: Check Point Research's Q– —…—… ...,0
2020-02-12,"TAM Capital Management Inc. Buys Check Point Software Technologies, Sells Williams Inc, Apple ...",0
2019-05-02,"Flossbach von Storch AG Zurich Buys Apple Inc, Sells Berkshire Hathaway Inc, Worldpay Inc, ...",0
2020-05-04,"Congress Park Capital LLC Buys Blackrock Muniyield Fund Inc, Apple Inc, EnerSys, Sells The Walt ...",0
2019-01-18,Dow Jones Rises 600 Points For The Week; Will These 4 China Stocks Beat Apple In 2019?,1
2018-05-23,Appleseed Fund Q1 2018 Quarterly Commentary,0
2016-09-19,"Best Apple iPhone 7 Deals: China Unicom Joins T-Mobile, Sprint",0
2016-07-29,Apple Hits Great Wall Of Competition In China Smartphone Market,-1
2016-07-05,Why I Remain Bullish On Apple In China,1
2016-05-03,Apple CEO Tim Cook Ends Stock Slide With Reassuring TV Appearance,0
2016-02-22,Can China Mobile's 4G Platform Deliver For Apple?,0
2015-12-22,Apple iPhone sales concerns now pushing into June quarter,-1
2015-08-11,Apple: Are iPhone Margins Sustainable?,0
2015-05-01,China Mobile Is A Game Changer For Apple,1
2015-02-19,Three Factors That Will Fuel Apple's Success Run In 2015,1
2015-01-28,3 Apple ETFs for Juicy Returns on Record Earnings - ETF News And Commentary,1
2015-01-26,"Asia Smartphone Growth Seen Slowing, Affecting Apple",-1
2014-12-24,Analysts are Bullish on Apple Heading into 2015,1
2014-12-08,Apple (AAPL) Plans to Launch iPhone 6 Mini Version in 2015 - Analyst Blog,0
2014-11-26,Two Reasons Why Apple Will Continue Improving,1
2014-10-03,"Apple, Samsung Rivalry Heat Up China Smartphone War - Analyst Blog",0
2014-09-30,Apple (AAPL) Set to Launch iPhones in China on Oct 17 - Analyst Blog,0
2014-09-29,China Gov't OKs Apple iPhone 6 Sale In China,1
2014-09-24,Will Samsung Note 4 Early Release Hurt Apple China Sales? - Analyst Blog,-1
2014-09-16,Apple falls on China iPhone 6 launch delay,-1
2014-09-05,Apple has few carriers to add,0
2014-09-05,Video: Apple Has Few More Big Wireless Carriers To Add,0
2014-09-03,Apple Falls On Profit-Taking,-1
2014-08-21,Apple Hits 52-Week High on Rising Anticipation for iPhone 6 - Analyst Blog,1
2014-07-23,Apple Beats Q3 Earnings; View Cautious; All Eyes on iPhone 6 - Analyst Blog,1
2014-07-22,"Apple iPhone, iPad Sales Light But Focus On iPhone 6",-1
2014-07-21,Apple Earnings A Prelude Before iPhone 6 Launch,0
2014-07-15,China's Xiaomi Called Apple's 'True Threat',-1
2014-07-08,China smartphone subsidy cuts likely to impact Apple,-1
2014-05-30,"Apple, Facebook, Valeant Among 5 Top IBD 50 Big Caps",0
2014-05-30,China government action could hurt Apple iPhone sales,-1
2014-05-23,Apple And Harley Among Revolutionary American Brands,1
2014-05-20,Apple Among IBD's 5 'A-List' Big Cap Leaders,0
2014-05-12,Why Apple Can Take Broadcom To New Highs,1
2014-05-12,Will Apple Ever Benefit From The China Mobile Deal?,1
2014-05-06,"Tesla, Apple Among 4 Top 'It' Big-Cap Stocks",1
2014-04-24,Apple Beats on Q2 Earnings; Splits Shares - Analyst Blog,1
2014-04-23,"Apple Rockets On Q2 Beat, Stock Split, Share Buybacks",1
2014-04-21,What Could Drive Apple's Second Quarter?,0
2014-04-21,Is Apple (AAPL) Poised to Beat Earnings Estimates? - Analyst Blog,1
2014-04-16,Apple likely to increase stock buyback plan next week,0
2014-04-15,"Google app store tops Apple's in downloads, not sales",0
2014-03-20,Apple iPhone sales on China Mobile slower than expected,-1
2014-03-16,What to Watch Out For in Apple,0
2014-03-07,Pixelworks Soars on Apple Relationship - Analyst Blog,0
2014-02-19,Apple ekes out market share gain in slowing China phone market,1
2014-02-14,"Apple, Samsung Face Slowing Smartphone Sales",-1
2014-02-11,Icahn Backtracks on Apple Share Buyback - Analyst Blog,0
2014-02-10,Will Apple Raise Share Buyback? - Analyst Blog,0
2014-01-27,"Apple iPhone Sales Disappoint, Supply Issues Blamed",-1
2014-01-27,"Apple Misses Key Estimates, Beats Earnings - Analyst Blog",-1
2014-01-24,"Apple Q1 Earnings Seen Boosted By New iPhones, iPads",1
2014-01-24,Will Apple Launch Large Screen iPhones? - Analyst Blog,0
2014-01-23,Will Apple (AAPL) Miss Earnings Estimates? - Analyst Blog,-1
2014-01-17,"With no more carriers to conquer, Apple's Tim Cook wept",0
2014-01-15,Apple could be overcompensating with China Mobile PR push,1
2014-01-14,Apple's momentum continues,1
2014-01-14,Apple iPhone To Gain From Lack of Android Innovation,-1
2014-01-11,Apple Sees Good Times Ahead In China,1
2014-01-08,Apple's App Store Sales Surge in 2013 - Analyst Blog,1
2014-01-07,Apple Takes Over SnappyCam Photo App - Analyst Blog,0
2013-12-30,Initial Apple iPhone orders on China Mobile underwhelming,-1
2013-12-27,Apple Fined by Taiwan Fair Trade Commission - Analyst Blog,0
2013-12-24,"Apple needs big new product to drive stock price, analyst says",0
2013-12-23,"Apple, China Mobile ink deal",0
2013-12-23,Apple finally reaches China Mobile iPhone deal,1
2013-12-23,"Apple, China Mobile Deal Boon For iPhone Parts Makers",-1
2013-12-23,iPhones Coming to China Mobile: Time to Buy Apple Stock? - Real Time Insight,1
2013-12-23,Apple finally reaches China Mobile iPhone deal,1
2013-12-23,Stocks Poised For Opening Pop; Apple Rallies,0
2013-12-19,Apple iPhone 5S demand hasn't fallen off since launch,-1
2013-12-18,"Apple, China Mobile: Not yet",0
2013-12-12,Apple Wins Lawsuit in South Korea - Analyst Blog,0
2013-12-05,"Apple rises on China Mobile talk, Icahn proposal",0
2013-12-05,Finally Apple & China Mobile Join Forces - Analyst Blog,0
2013-12-05,Stock Futures Mixed After Data; Apple Up On China Mobile Deal,0
2013-12-04,Apple Signs iPhone Deal With China Mobile: Report,0
2013-12-03,China Mobile-Apple deal near?,0
2013-12-03,"Apple acquisition, possible China Mobile deal excite investors",0
2013-11-11,China Mobile-Apple in '14?,0
2013-11-11,China Mobile Impact On Apple Seen Delayed Until 2014,-1
2013-10-04,Apple iPhone to debut on China Mobile in November: analyst,0
2013-09-30,Apple's iOS 7 Faces Customer Complains - Analyst Blog,-1
2013-09-30,Apple's new iPhone sales more front-end loaded than usual,-1
2013-09-17,Apple Trails Chinese Firms In China Smartphone Market,-1
2013-09-12,Apple Shares Fall After iPhone Event - Analyst Blog,0
2013-09-11,Apple Stock Loses Its Luster,-1
2013-09-11,Apple Stock Sinks On iPhone Disappointments,-1
2013-09-11,Apple Unveils Two iPhones - Analyst Blog,0
2013-09-10,"Apple iPhone 5C, 5S Fail To Surprise; Stock Drops",-1
2013-09-10,Apple's new iPhones don't wow Wall Street,0
2013-09-05,Is Apple about to get a big boost in China?,1
2013-09-05,Apple iPhone launch event may lack wow factor,-1
2013-09-04,Apple stock rises on China Mobile speculation,0
2013-09-04,"Smartphone Market Brightens, Lifting Apple, Microsoft",1
2013-08-15,China Mobile Stock Slips Amid More Apple Talk,-1
2013-07-31,"Apple leads in smartphone profit, but Samsung gaining",1
2013-07-11,"Verizon, Apple iPhone Contract Conundrum Flares",0
2013-07-08,"Cheap iPhone could boost Apple sales, but damage reputation",1
2013-05-21,"Apple's stock is slipping, but its brand value isn't",-1
2013-04-22,Apple Gets Boost From Analysts' Buy Recommendations,1
2013-04-18,Apple stock faces heavy selling for second straight day,-1
2013-01-25,Apple vs. Samsung: More Than Meets the Eye,0
2013-01-25,Apple vs. Samsung: More Than Meets the Eye,0
2013-01-24,"Apple Joins Microsoft, Cisco In Slow-Growth Club",0
2013-01-23,Apple iPhone Sales Miss; 1st Earnings Dip In 10 Years,-1
2013-01-22,Apple Q1 Earnings To Settle iPhone Demand Rumors,0
2013-01-15,"Apple Stock Has More Room To Fall, Nomura Says",0
2013-01-14,China to Become Apple's Top Market - Analyst Blog,0
2013-01-11,Apple Investors Eye Profit Impact Of Cheaper iPhones,0
2013-01-10,Apple CEO Tim Cook,0
2013-01-10,Apple and China Mobile: A Match Made in Heaven?,0
2013-01-10,Apple and China Mobile: A Match Made in Heaven?,0
2013-01-09,Apple Needs to Step on the Gas in China: Opinion,0
2013-01-09,Apple Needs to Step on the Gas in China: Opinion,0
2013-01-08,Apple Mines China; Big Customer Gains Hit AT&T Stock,1
2013-01-03,Apple's China Syndrome,0
2013-01-03,Apple's China Syndrome,0
2012-12-17,"Apple iPhone 5 China Launch Strong, Company Insists",1
2012-12-17,"Apple iPhone 5 China Launch Strong, Company Insists",1
2012-12-05,"Apple Falls On Margin Worries, Technical Trading",-1
2012-11-30,"Apple iPhone 5, New iPads Set For China Debut",0
2012-11-30,Apple: Bull in a China Shop (Update 1),0
2012-11-30,Apple: Bull in a China Shop (Update 1),0
2012-11-29,Apple: Bull in a China Shop,0
2012-11-29,Apple: Bull in a China Shop,0
2012-11-09,"Apple iPhone 5 Supply Ramping, Ready For China",1
2012-10-10,Apple IPhone 5 China Launch Expected This Month,0
2012-10-05,"Apple's iPhone Pricing Key For China Gains, Says RBC",0
2012-09-18,Apple Has 20% Upside,1
2012-09-18,Apple Has 20% Upside,1
2012-09-17,Stocks Lower In Early Afternoon; Apple Nears 700,-1
2012-09-14,"Apple, China Mobile Not Near iPhone 5 Deal?",0
2012-09-13,Apple Shares Hit Record On iPhone 5 Rollout Plans,1
2012-08-30,"Bull Vs. Bear - Apple's New Products Will Bring It To $1,000 Per Share (AAPL, CHL, MSFT, TWC)",0
2012-07-25,Why Apple's Earnings Miss Doesn't Matter,-1
2012-07-25,Why Apple's Earnings Miss Doesn't Matter,-1
2012-06-21,"Apple Roundup: Apple TV, iPhone 5, China Mobile",0
2012-06-21,"Apple Roundup: Apple TV, iPhone 5, China Mobile",0
2012-05-29,Baidu: Apple Gaining On Rising Web Use In China,1
2012-05-24,"The Zacks Analyst Blog Highlights: China Unicom, Apple, China Telecom, China Mobile and Molson Coors Brewing - Press Releases",0
2012-05-18,"The Zacks Analyst Blog Highlights: Apple, China Mobile, China Unicom, China Telecom and Google - Press Releases",0
2012-05-17,Apple to Choose China Mobile - Analyst Blog,0
2012-04-26,10 Stocks Poised to Rise in Apple's Wake,1
2012-04-25,"Apple's Future, Like Its Products, Will Be Made in China (Update1)",0
2012-04-25,"Apple's Future, Like Its Products, Will Be Made in China",0
2012-04-06,The Case for a Trillion-Dollar Apple,0
2012-04-03,"The Zacks Analyst Blog Highlights: Nokia, China Telecom, China Mobile, China Unicom and Apple - Press Releases",0
2012-04-02,"Apple: How It Could Hit $1,001 (Update 2)",0
2012-04-02,"1,001 Reasons to Like Apple",0
2012-03-28,Apple hits high on China deals,-1
2012-03-28,Apple iPhone Deal With China Mobile Speculated,0
2012-03-14,Corporate iPad Demand Said Driving Apple Stock,1
2012-03-14,"How Apple's Stock Could Reach $1,000 (Update 1)",0
2012-03-14,"How Apple's Stock Could Reach $1,000",0
2012-02-27,"The Zacks Analyst Blog Highlights: China Unicom, Research In Motion, Apple, China Mobile and China Telecom - Press Releases",0
2012-02-24,How High Can Apple Go,0
2012-02-21,How Many iPhones Can Apple Sell in China? (Update 1),0
2012-02-21,How Many iPhones Can Apple Sell in China?,0
2011-12-01,"Apple Should Get Lift In China With iPhone 4S, LTE",1
2011-11-22,Apple Lags in iPhone Carrier Support,-1
2012-03-08,"Zacks Releases Four Powerful ''Buy'' Stocks: Voxx, Tim Hortons, Apple and Chemtura - Press Releases",0
2019-01-24,Markets Grapple With Government Dysfunction,0
2019-01-09,Apple Didn't Tell Us Anything New About China,0
2018-08-06,Apple's $1 Trillion Lesson And Benefits - Weekly Blog # 536,0
2016-01-26,"Tricky Tuesday - China, Apple And The Fed",0
2010-06-29,Stock Offerings: Maui Land & Pineapple,0
2020-05-05,"Legacy Capital Partners, Inc. Buys Apple Inc, Colgate-Palmolive Co, Albemarle Corp, Sells ...",0
2017-11-14,"Quinn Opportunity Partners LLC Buys Time Warner Inc, Apple Inc, T-Mobile US Inc, Sells Whole ...",0
2015-10-05,M&A Daily: Paving Way For Apple Car?,0
2013-09-17,"Stocks Climb In Mixed Trade; Microsoft, Apple Move Higher",1
2012-08-28,"Kors, Apple Among High Tech, High Fashion Highfliers",0
2012-03-19,"Zacks' Voice of the People highlights opportunities with Apple, Home Depot, Pacific Sunwear and Chico's FAS - Press Releases",1
2010-06-22,Cramer's 'Mad Money' Recap: Apple's So Deliciously Cheap (Final),1
2010-06-22,Cramer's 'Mad Money' Recap: Apple's So Deliciously Cheap (Update 2),1
2019-09-08,"Apple, IPOs And German Auto (Stocks To Watch Podcast)",0
2019-09-07,"Stocks To Watch: Apple, IPOs And German Auto",0
2018-10-09,How Do You Like Them Apples?,0
2020-05-04,"David Carlson's Elfun Trusts Cuts Visa, Apple, Microsoft",0
2020-05-04,"Elfun Trust Cuts Visa, Apple, Microsoft",0
2019-07-28,"Headliners Include Apple, Beyond Meat And IBM (Stocks To Watch Podcast)",0
2019-07-27,"Stocks To Watch: Headliners Include Apple, Beyond Meat And IBM",0
2019-06-13,"Apple deal forces Comcast, Charter to sell thousands of devices - CNBC",0
2016-11-18,"Apple iPhone 7 In Short Supply In U.S., China; Plus Models Scarce",0
2016-09-19,"Best Apple iPhone 7 Deals: China Unicom Joins T-Mobile, Sprint",0
2016-07-05,Why I Remain Bullish On Apple In China,1
2015-05-01,China Mobile Is A Game Changer For Apple,1
2015-02-19,Three Factors That Will Fuel Apple's Success Run In 2015,1
2015-01-26,"Asia Smartphone Growth Seen Slowing, Affecting Apple",-1
2014-12-24,Analysts are Bullish on Apple Heading into 2015,1
2014-10-03,"Apple, Samsung Rivalry Heat Up China Smartphone War - Analyst Blog",0
2014-09-30,Apple (AAPL) Set to Launch iPhones in China on Oct 17 - Analyst Blog,0
2014-09-29,China Gov't OKs Apple iPhone 6 Sale In China,1
2014-01-17,"With no more carriers to conquer, Apple's Tim Cook wept",0
2014-01-11,Apple Sees Good Times Ahead In China,1
2013-12-30,Initial Apple iPhone orders on China Mobile underwhelming,-1
2013-12-05,"Apple rises on China Mobile talk, Icahn proposal",0
2013-12-04,Apple Signs iPhone Deal With China Mobile: Report,0
2013-11-11,China Mobile Impact On Apple Seen Delayed Until 2014,-1
2013-08-15,China Mobile Stock Slips Amid More Apple Talk,-1
2013-01-10,Apple CEO Tim Cook,0
2013-01-10,Apple and China Mobile: A Match Made in Heaven?,0
2013-01-10,Apple and China Mobile: A Match Made in Heaven?,0
2013-01-09,Apple Needs to Step on the Gas in China: Opinion,0
2013-01-03,Apple's China Syndrome,0
2013-01-03,Apple's China Syndrome,0
2012-12-11,"Apple Stock Rises On iPhone 5, iTV Speculation",1
2012-12-04,"Facebook, Qualcomm, Apple: Tech Premarket",0
2012-12-04,"Facebook, Qualcomm, Apple: Tech Premarket",0
2012-11-30,"Apple iPhone 5, New iPads Set For China Debut",0
2012-11-30,Apple: Bull in a China Shop (Update 1),0
2012-11-30,Apple: Bull in a China Shop (Update 1),0
2012-11-29,Apple: Bull in a China Shop,0
2012-11-29,Apple: Bull in a China Shop,0
2012-11-09,"Apple iPhone 5 Supply Ramping, Ready For China",1
2012-10-10,Apple IPhone 5 China Launch Expected This Month,0
2012-10-05,"Apple's iPhone Pricing Key For China Gains, Says RBC",0
2012-09-14,"Apple, China Mobile Not Near iPhone 5 Deal?",0
2012-06-20,"Apple Roundup: Liquidmetal, Lawsuits, China",0
2012-06-20,"Apple Roundup: Liquidmetal, Lawsuits, China",0
2012-06-11,"Stocks to Watch: Apple, GE (Update 1)",0
2012-05-24,"The Zacks Analyst Blog Highlights: China Unicom, Apple, China Telecom, China Mobile and Molson Coors Brewing - Press Releases",0
2012-05-18,"The Zacks Analyst Blog Highlights: Apple, China Mobile, China Unicom, China Telecom and Google - Press Releases",0
2012-04-03,"The Zacks Analyst Blog Highlights: Nokia, China Telecom, China Mobile, China Unicom and Apple - Press Releases",0
2012-03-21,"The Zacks Analyst Blog Highlights: Citigroup, HDFC Bank, China Unicom, Research In Motion and Apple - Press Releases",0
2012-03-14,Corporate iPad Demand Said Driving Apple Stock,1
2012-02-27,"The Zacks Analyst Blog Highlights: China Unicom, Research In Motion, Apple, China Mobile and China Telecom - Press Releases",0
2012-02-21,How Many iPhones Can Apple Sell in China? (Update 1),0
2012-02-21,How Many iPhones Can Apple Sell in China?,0
2011-12-01,"Apple Should Get Lift In China With iPhone 4S, LTE",1
2010-03-25,"Must-See Charts: Apple, GE, China Unicom",0
2020-05-14,"Crake Asset Management LLP Buys Cigna Corp, Facebook Inc, Apple Inc, Sells United Airlines ...",0
2020-02-17,"Lumina Fund Management LLC Buys Boeing Co, McDonald's Corp, ViacomCBS Inc, Sells Apple Inc, ...",0
2020-02-13,"Thinking about trading options or stock in Apple, Ambarella, Alibaba, Cigna, or Microsoft?",0
2019-07-30,"Bnp Paribas Arbitrage, Sa Buys SPDR S&P 5……, Apple Inc, Alibaba Group Holding, Sells ...",0
2019-07-28,"Headliners Include Apple, Beyond Meat And IBM (Stocks To Watch Podcast)",0
2019-07-27,"Stocks To Watch: Headliners Include Apple, Beyond Meat And IBM",0
2018-11-04,Dow Jones Futures: Apple's Dive Teaches These 3 Lessons About Buying Stocks,0
2018-10-12,"Centene: This Fortune 500 Insurer Beats Apple, Amazon In Key Metric",1
2018-05-15,"Glenview added Express Scripts, exited Apple in Q1",0
2017-11-09,"Top Stock Reports for Apple, Facebook & MetLife",0
2017-08-03,"Apple, Suppliers, Jobs Report Headline Investing Action Plan For Friday",0
2017-03-15,"If Apple Is Serious About The Car, It Should Buy GM (And A Health Insurance Company Too)",0
2017-02-17,"Week In Review: Dow Keeps Rising As Apple Hits High, Verizon Unlimited, Kraft Eyes Unilever",0
2017-02-16,"Partner Investment Management, L.P. Buys Anthem, Cigna, AbbVie, Sells Apple, Baxter ...",0
2017-02-15,"Warren Buffett Reveals New Picks - Apple, Airlines, And Arb",0
2017-01-12,Wall Street Breakfast: Apple Sets Its Sights On Hollywood,0
2016-10-25,Wall Street Breakfast: Apple Earnings Take Center Stage,0
2016-05-26,Apple's Next Moves? Hints From M&A Talks,0
2016-05-13,"Week In Review: Apple, Macy's, Walt Disney Signal Consumer Slowdown",-1
2015-09-22,"Apple Gets Bullish Call; Nike, Amgen PTs Raised",1
2015-05-22,"Yellen: Fed On Track To Raise Rates; Apple, Brocade Approach Buy Points",1
2013-09-17,"Nasdaq Holds High Ground As Safeway, Apple, U.S. Steel Jump",1
2011-08-05,"AIG, Kraft, GM, Apple: New Targets, Estimates",0
2010-08-26,'Mad Money Lightning Round': Apple Tastes Good,1
2020-01-23,"Executive Wealth Management, LLC Buys iShares Core S&P Small-Cap ETF, Apple Inc, Vanguard ...",0
2012-02-10,Stocks Fall But Apple Climbs Despite Weak U.S. Data,1
2012-02-10,Stocks Down At Midday But Apple Hits Another High,-1
2019-09-10,"Bonds, Apple Event, Uber and Lyft Bill & Buy Ciena Stock - Free Lunch",0
2019-09-03,"Trading The Analysts' Color - View From The Quant Corner And Case For Johnson & Johnson, Apple, And Ciena Corporation",0
2019-07-30,Apple & Other Tech Giants Set to Beat Earnings This Season,1
2019-03-24,Apple Makes Its Video-Streaming Move (Stocks To Watch Podcast),0
2019-03-23,Stocks To Watch: Apple Makes Its Video-Streaming Move,0
2019-01-10,"Dow Jones, Nasdaq Erase Early Losses; 4 Clues Hint At Apple Stock Bottoming",-1
2019-01-04,Dow Jones Rips More Than 700 Points Higher; These Stocks May Beat Apple In 2019,1
2018-12-13,"Dow Jones, Stock Futures Strengthen; Apple Prepares To Expand",1
2018-11-20,"Dow Jones Futures: From Apple To Tesla, Five Reasons To Be In Cash Right Now",0
2018-11-05,"Apple Down, Fights To Keep This Key Level As These Sectors Attract Wall Street Money",0
2018-05-02,"Apple iPhone Demand Isn't Great, But iPhone Strategy Is",1
2017-08-31,Stocks Look To End Month On High Note; Apple Hits Another Record High,1
2017-03-22,"Futures: After Tepid Rally, Apple Is In Buy Range, This Top Group Is Hot",1
2016-09-03,"Investing Action Plan: Apple, iPhone 7 On Tap, Is Among Top Techs Near Buys",1
2016-09-02,"Week In Review: Apple Vs. EU, Hiring So-So, Auto Sales Fall, Salesforce Guides Low",-1
2016-01-14,"Apple, Facebook Data Center Capital Spending Eyed",0
2015-12-21,Apple Supplier Avago A Top Pick; BlackBerry PT Hiked,1
2015-02-18,"Soros Dumps Apple, Buys China",0
2012-12-13,"Clearwire, Ciena, RIM, Apple: Tech Premarket",0
2012-12-13,"Clearwire, Ciena, RIM, Apple: Tech Premarket",0
2012-11-08,Apple Economy's 'Fiscal Cliff' Saved by AT&T's Checkbook,0
2012-11-08,Apple Economy's 'Fiscal Cliff' Saved by AT&T's Checkbook,0
2012-03-07,"Stocks to Watch: Apple, GE, Children's Place (Update 1)",0
2012-03-07,"Stocks to Watch: Apple, Netflix, Pandora",0
2010-03-05,"Apple: Analysts' Upgrades, Downgrades",0
2010-03-04,"Cramer's 'Stop Trading': Apple, Wal-Mart",0
2012-04-05,"Apple, Visa, Other Stocks Hit 52-Week Highs Thursday",0
2020-02-06,"9—58 Wealth Management, LLC Buys Procter & Gamble Co, Cincinnati Financial Corp, Apple ...",0
2016-12-21,17% Pop On Apple Supplier Deal,0
2020-05-05,"Legacy Capital Partners, Inc. Buys Apple Inc, Colgate-Palmolive Co, Albemarle Corp, Sells ...",0
2020-02-01,Markets Grapple With GDP Impacts Of Coronavirus,0
2019-11-04,Swapping Apple For Apple - October Dividend Portfolio Update,0
2019-04-28,"Eyes On Apple, Uber, F8 And Avengers (Stocks To Watch Podcast)",0
2019-04-27,"Stocks To Watch: Eyes On Apple, Uber, F8 And Avengers",0
2019-04-27,"Stocks To Watch: Eyes On Apple, Uber, F8 And Avengers",0
2019-04-01,"Double-Digit Increases From Apple, Costco, Xilinx Among 14 Dividend Increases From Companies In April",1
2018-03-13,Road To Financial Independence: My February 88-Stock Portfolio Review With Big Apple Purchase,0
2017-12-15,"My Journey To Financial Independence: 86-Stock November Portfolio Update - Buying Apple, AbbVie And BMW",0
2017-07-25,"Lgt Capital Partners Ltd. Buys Dr Pepper Snapple Group Inc, UnitedHealth Group Inc, Starbucks ...",0
2016-08-21,"My Portfolio Update And Review Of 83 Stocks: Up 2 With Reynolds And Exelon, Down 1 With Apple",0
2019-11-04,Swapping Apple For Apple - October Dividend Portfolio Update,0
2018-10-09,How Do You Like Them Apples?,0
2017-12-15,"My Journey To Financial Independence: 86-Stock November Portfolio Update - Buying Apple, AbbVie And BMW",0
2016-09-28,2 New Equity REITs In My 85 Stock Portfolio: Apple Hospitality And Simon Property Group,0
2016-08-21,"My Portfolio Update And Review Of 83 Stocks: Up 2 With Reynolds And Exelon, Down 1 With Apple",0
2014-09-17,Should Dr. Pepper Snapple (DPS) & Chatham Lodging Trust (CLDT) Be in Your Growth & Income Portfolio - Video Blog,0
2016-12-22,Nokia Sues Apple for Patent Infringement in Europe & US,-1
2017-02-06,"Insiders Week: Microsoft, Apple, Trinet Group",0
2012-08-27,"Nasdaq Rises Slightly On Apple; S&P 500, Dow Fall Modestly",0
2016-12-21,17% Pop On Apple Supplier Deal,0
2016-09-21,Presenting Apple's First Car,0
2018-06-27,IBD Stock Of The Day: 'Apple Of Oil' Nears New Buy Point In Bullish Pattern,1
2018-05-04,The 'Apple Of Oil' Sees Bigger Dividend Lasting Through Oil Swings,1
2016-11-30,Stocks Near Lows As Oil Surges; Goldman Leads Dow But Apple Weighs,0
2016-11-01,"Watch Facebook, Alibaba, Apple, Fed: Wednesday Investing Action Plan",0
2016-09-13,"Acacia, Ambarella, Apple, Facebook Lead Wednesday's Investing Plan",0
2016-06-10,"Tesla, Schlumberger, Apple Supplier Skyworks Lead Insider Trades",0
2016-06-10,"Week In Review: Yellen Hits Brakes, Apple App-nomics, Tesla Safety Fears",0
2016-05-06,"Week In Review: Stocks Tested As Apple, Tesla, Under Armour Sell Off",0
2016-05-05,"Tesla, Apple Supplier PTs Hiked; Priceline PT Cut",1
2016-04-29,The Week In Review: Is Apple Still A Growth Enterprise? Is America?,0
2014-07-31,"Your Weekly Review: HDFC, Apple Face Selling Pressure",-1
2013-11-27,"Stocks Step Quietly Higher; Apple, Green Mountain Rising",1
2013-10-15,"Selling Picks Up The Pace; Synaptics, Apple Buck The Trend",1
2013-01-10,"Gamco's Howard Ward Discusses Investment Strategy, Talks About Apple, Amazon and Boeing",0
2012-02-29,"IBD Screen: Apple, Alexion Lead Top 5 Big Cap Leaders",1
2017-06-19,Technology Stocks Surge; Apple Leads Broad-Based Advance,1
2016-12-30,Top 10 Trends To Watch For 2017: From Trump To Apple's iPhone 8,0
2020-04-21,"Cordatus Wealth Management LLC Buys Apple Inc, Eli Lilly and Co, Netflix Inc, Sells Danaher ...",0
2020-03-18,"Thinking about trading options or stock in Apple, Clorox, Electronic Arts, Ligand ...",0
2019-04-26,"Old Point Trust & Financial Services N A Buys The Walt Disney Co, Apple Inc, CenturyLink ...",0
2019-02-04,"Dow Jones Today: Apple, Microsoft Lead Technology Rally; Adobe Breaks Out",0
2019-01-08,John And Jane's Taxable Account Dividend Increases And Income Tracker - The Apple Effect,0
2017-04-12,"Oakmont Partners LLC Buys Johnson & Johnson, Illinois Tool Works, Apple, Sells Spirit ...",0
2017-02-02,"Wellington Shields & Co., LLC Buys General Motors Co, Apple, CVS Health, Sells Philip ...",0
2016-08-21,"My Portfolio Update And Review Of 83 Stocks: Up 2 With Reynolds And Exelon, Down 1 With Apple",0
2016-05-03,"Stocks Deep In Red, But Apple, Pfizer Defy Sell-Off",-1
2012-03-29,RC Cola or Bleach With a 3.5% Dividend Yield? Dr. Pepper Snapple vs. Clorox,0
2011-08-30,'Fast Money' Recap: Can Amazon.com Take a Bite Out of Apple?,0
2019-11-04,Swapping Apple For Apple - October Dividend Portfolio Update,0
2019-09-08,"Apple, IPOs And German Auto (Stocks To Watch Podcast)",0
2019-09-07,"Stocks To Watch: Apple, IPOs And German Auto",0
2018-03-13,Road To Financial Independence: My February 88-Stock Portfolio Review With Big Apple Purchase,0
2017-12-15,"My Journey To Financial Independence: 86-Stock November Portfolio Update - Buying Apple, AbbVie And BMW",0
2017-03-06,Apple Chip Deal?,0
2016-10-31,Will Apple Take The Bite?,0
2019-09-08,"Apple, IPOs And German Auto (Stocks To Watch Podcast)",0
2019-09-07,"Stocks To Watch: Apple, IPOs And German Auto",0
2018-04-17,"Nasdaq Steps Up Gains, But Goldman, Apple Stocks Send Separate Signals",1
2017-05-17,"Dow Falls Hard On Weakness In Financials; FANG Stocks, Apple Sell Off",-1
2017-05-04,"Oil Stocks Plunge, Snap Looks Snappier; Time To Sell Apple? Or Hold Longer?",-1
2017-02-14,Stock Market Hits New High As Yellen Lifts Banks; What's Next For Apple?,0
2017-02-14,Stock Indexes Hang Tough: Apple Rises; Banks Up On Yellen Stance,1
2016-12-14,"Comerica, Casey's General Stores, Apple, Facebook and Twitter highlighted as Zacks Bull and Bear of the Day",0
2016-03-01,"From Apple Pay To Chip Cards, Vantiv Rides Changing Landscape",0
2013-01-16,Stocks Mixed on Earnings Caution; Apple Rebounds,-1
2012-04-26,JPMorgan: Apple of the Banking Sector,0
2012-04-26,JPMorgan: Apple of the Banking Sector,0
2011-07-20,"Apple, Goldman: New Targets, Estimates",0
2018-02-06,"Alpha Omega Wealth Management LLC Buys Capital One Financial Corp, Apple Hospitality REIT Inc, ...",0
2011-12-06,'Fast Money' Recap: Apple's Big iPhone Boost,1
2020-05-27,"Gotham Asset Management Trims Apple, Bristol-Meyers",0
2018-10-28,Apple Looks To Recharge Tech Sector (Stocks To Watch Podcast),0
2018-10-27,Apple Looks To Recharge Tech Sector,0
2019-11-08,"Pinnacle Associates Ltd Buys Apple Inc, Facebook Inc, CME Group Inc, Sells Array BioPharma Inc, ...",0
2019-09-15,"Houthis Cut Saudi Oil Supply, Who Wins? Hint: Not E&P Oil Names. Fintech Firesale, And Goldman Spoils Apple",0
2019-09-11,"China Bends, Bonds Bomb, Apple Shines, And We Are Going Back To Highs. Also, Let's Look At Inadvertent Upgrades",1
2019-05-14,"Renaissance Technologies LLC Buys Starbucks Corp, Celgene Corp, Vale SA, Sells Apple Inc, ...",0
2019-04-12,"Bach Investment Advisors Ltd Buys iShares Russell —………, Apple Inc, Bristol-Myers Squibb ...",0
2018-07-19,Apple Leads 5 Stocks Setting Up Breakouts From This Bullish Base,1
2018-01-18,Apple's Plan Will Have A Multiplier Effect - Cramer's Mad Money (1/17/18),0
2017-02-17,"Laffer Investments Buys Schlumberger, Medtronic PLC, Union Pacific, Sells Apple, Exxon Mobil, ...",0
2017-01-24,"First National Bank Of Omaha Buys Zoetis Inc, CME Group Inc, Dr Pepper Snapple Group Inc, Sells ...",0
2012-06-26,Apple Meets All Dow Criteria -- Except This Big One,1
2011-10-19,Apple Bull Call Strategy - Tactical Trading,0
2011-10-19,Apple Bull Call Strategy - Tactical Trading,0
2020-04-07,"CHICAGO TRUST Co NA Buys Apple Inc, Schlumberger, Canadian National Railway Co, Sells National ...",0
2019-09-08,"Apple, IPOs And German Auto (Stocks To Watch Podcast)",0
2019-09-07,"Stocks To Watch: Apple, IPOs And German Auto",0
2019-05-13,"Schwerin Boyle Capital Management Inc Buys Alphabet Inc, CarMax Inc, Apple Inc, Sells Coca-Cola ...",0
2019-01-08,John And Jane's Taxable Account Dividend Increases And Income Tracker - The Apple Effect,0
2016-11-27,"Apple, Amazon, Best Buy, Ulta Beauty: Stocks To Watch As Holidays Kick Off",0
2019-04-24,"Pwmco Llc Buys Apple Inc, Berkshire Hathaway Inc, OceanFirst Financial Corp, Sells Prosperity ...",0
2018-10-12,"Lawson Kroeker Investment Management Inc Buys CenturyLink Inc, Crimson Wine Group, Apple Inc, ...",0
2010-09-20,"52-Week Highs: Apple, Qwest, Baidu",0
2019-02-12,"The Zacks Analyst Blog Highlights: Ericsson, Cisco, Comtech, Verizon and Apple",0
2017-06-08,"Stocks Mixed; Can Apple Break Out Again, And Will Snap Hit New Lows?",-1
2017-07-31,Q2 Earnings From Apple,0
2017-07-31,"Q2 Earnings Continue, Apple Tomorrow",0
2019-10-30,"Dow Jones Today: Chips, Biotechs Boost Nasdaq Ahead Of Fed Rate News, Apple Earnings",1
2019-06-02,"Apple's WWDC, DuPont's Return And Tariff Anxiety (Stocks To Watch Podcast)",0
2019-06-01,"Stocks To Watch: Apple's WWDC, DuPont's Return And Tariff Anxiety",0
2019-03-29,"Stocks Find Footing: Lyft IPO, Apple Streaming, Boeing 737 Max, Lululemon Earnings Highlight Week",0
2019-03-26,Dow Jones Futures: Don't Catch A Falling Apple; These 4 Stocks Are Moving Late,0
2018-10-12,"Centene: This Fortune 500 Insurer Beats Apple, Amazon In Key Metric",1
2018-10-08,"Apple, Indexes Cut Losses As This Wall Street Gauge Expands Its Correction",-1
2018-07-31,Can Apple Save Us From this Tech Wreck?,-1
2018-04-06,"Centene, QIWI, Apple, Amazon and Alphabet highlighted as Zacks Bull and Bear of the Day",0
2017-09-13,"Stocks Open Mixed, Apple, Western Dive After Toshiba Agreement",0
2017-09-12,S&P 500 Futures: Apple Leads 5 Stocks Active In Late Trading,0
2017-07-26,"Eidelman Virant Capital Buys Ally Financial Inc, Apple Inc, Atento S. ...",0
2017-02-15,"Soros Goes For Facebook, Appaloosa Cuts Apple; Airlines Popular",0
2017-01-12,Wall Street Breakfast: Apple Sets Its Sights On Hollywood,0
2016-10-25,Wall Street Breakfast: Apple Earnings Take Center Stage,0
2016-01-22,Stocks Cap Week With Big Gains; Apple Rallies Ahead Of Earnings,1
2015-02-23,Nasdaq Climbs As Apple Stock Hits New High,1
2020-04-07,"CHICAGO TRUST Co NA Buys Apple Inc, Schlumberger, Canadian National Railway Co, Sells National ...",0
2019-08-01,"Top Research Reports for Apple, BP & Canadian National",0
2019-06-02,"Apple's WWDC, DuPont's Return And Tariff Anxiety (Stocks To Watch Podcast)",0
2019-06-01,"Stocks To Watch: Apple's WWDC, DuPont's Return And Tariff Anxiety",0
2018-03-20,"The Zacks Analyst Blog Highlights: Apple, Adobe, Canadian National, Kellogg and Delta Air Lines",0
2018-03-19,"Top Stock Reports for Apple, Adobe & Canadian National",0
2011-01-18,'Fast Money' Recap: Apple Roars,1
2010-11-17,'Mad Money Lightning Round': Stick With Apple,0
2019-09-08,"Apple, IPOs And German Auto (Stocks To Watch Podcast)",0
2019-09-07,"Stocks To Watch: Apple, IPOs And German Auto",0
2019-04-28,"Eyes On Apple, Uber, F8 And Avengers (Stocks To Watch Podcast)",0
2019-04-27,"Stocks To Watch: Eyes On Apple, Uber, F8 And Avengers",0
2019-04-27,"Stocks To Watch: Eyes On Apple, Uber, F8 And Avengers",0
2018-09-08,"Stocks To Watch: Apple Event, Chinese Auto IPO To Headline",0
2018-08-27,"Garmin, Cinemark, Netflix, Apple and Amazon highlighted as Zacks Bull and Bear of the Day",0
2018-04-28,"Stocks To Watch: Apple, FOMC And China On Tap",0
2017-08-18,Movie Studios Considering Rental Plan with Apple & Comcast,0
2015-03-10,Shorter Battery Life Is No Reason To Sell Apple - Cramer's Mad Money (3/9/15),0
2012-04-05,"Apple, Visa, Other Stocks Hit 52-Week Highs Thursday",0
2011-04-05,"BP, Apple, Intel: New Targets, Estimates",0
2019-09-08,"Apple, IPOs And German Auto (Stocks To Watch Podcast)",0
2019-09-07,"Stocks To Watch: Apple, IPOs And German Auto",0
2012-01-16,"Zacks Bull and Bear of the Day Highlights: Fastenal Company, CNO Financial Group, Apple, Google and Hewlett-Packard - Press Releases",0
2018-07-31,Can Apple Save Us From this Tech Wreck?,-1
2016-08-21,"My Portfolio Update And Review Of 83 Stocks: Up 2 With Reynolds And Exelon, Down 1 With Apple",0
2019-04-12,"Bristol John W & Co Inc Buys Canadian Natural Resources, Apple Inc, Schlumberger, Sells ...",0
2019-03-24,Apple Makes Its Video-Streaming Move (Stocks To Watch Podcast),0
2019-03-23,Stocks To Watch: Apple Makes Its Video-Streaming Move,0
2018-07-10,"Hexavest Inc. Buys Canadian Natural Resources, ConocoPhillips, Apple Inc, Sells iShares MSCI ...",0
2017-03-06,Apple Chip Deal?,0
2017-01-25,"Amazon, Apple, And Netflix Versus Liberty",0
2017-01-03,"Stocks Up, Apple Fine; Why Nvidia's Correction Looks Normal So Far",1
2016-01-06,"Stocks Falter In Weighty Trade; Smith & Wesson, Apple Slide",-1
2015-12-10,"Stocks: Weak Open, Thin Gains; LendingTree, Chipotle, Apple Up",-1
2015-02-18,"Soros Dumps Apple, Buys China",0
2019-09-09,The Apple Card: It 'Just Works',0
2019-09-05,"The Zacks Analyst Blog Highlights: Apple, Chevron, VMware, Capital One and Cooper",0
2019-09-04,"Top Research Reports for Apple, Chevron & VMware",0
2019-07-30,"Under Armour & BYND Sink, An Apple Earnings Preview & Why SAM Stock Looks Strong | Free Lunch",1
2019-04-30,"G.E. Profit Triples, Apple Earnings Next (Wall Street Breakfast Podcast)",1
2019-04-30,"Wall Street Breakfast: GE Profit Triples, Apple Earnings Up Next",1
2019-03-26,Mastercard sees banks following Apple with numberless cards,0
2018-11-01,Apple Q4 Rise In Revenue Expected (Wall Street Breakfast Podcast),1
2018-11-01,Wall Street Breakfast: What's In Store For Apple Earnings?,0
2018-02-06,"Alpha Omega Wealth Management LLC Buys Capital One Financial Corp, Apple Hospitality REIT Inc, ...",0
2016-06-17,"Week In Review: Fed Off The Table, Microsoft Buys LinkedIn, Apple WWDC, Net Neutrality, E3",0
2016-03-11,"Amazon Alexa Seen Topping Apple Siri, As Voice Commander",0
2016-03-01,"From Apple Pay To Chip Cards, Vantiv Rides Changing Landscape",0
2015-12-07,"Apple, Google, PayPal Well Suited For eWallet Growth",1
2015-08-17,"The Zacks Analyst Blog Highlights: Exxon Mobil, Chevron, Walt Disney, Apple, Caterpillar, Cisco Systems, General Electric, Capital One Financial, Verizon Communications, McDonald's, American Express and Intel",0
2015-06-26,Apple Pay Taps Rewards; Google A White Knight?,1
2014-09-09,'Apple Pay' Could Re-Energize Cool Factor,1
2014-03-21,"Apple, MCX: Mobile Wallet Friends, Foes Or Frenemies?",0
2013-05-07,"Savant Edward Lampert, Top Six Holdings - Great Gains Despite One Bad Apple",1
2017-08-15,"Stocks Slip, But Apple Up; Should You Sell These 4 Consumer Plays Now?",0
2017-08-15,Stocks Seek Direction: Apple Up As Retailers Routed,0
2017-08-08,Nasdaq Still Leads; 2 New Reasons Why It's Still Time To Buy Apple,1
2017-05-08,"Nasdaq, S&P 500 Fight To Positive Finish; Apple Seizes New High",1
2017-05-08,"S&P 500, Nasdaq Ease After All-Time Highs; Apple Leads Dow",1
2017-02-27,"Buffett Doubles Apple, Seeks Deals",0
2017-01-30,"Apple, MasterCard, Exxon, EA, AMD, Fed: Investing Action Plan",0
2016-08-11,"Apple, CyberArk PTs Hiked; Kors PT Cut; Shake Shack Upgraded",0
2016-07-18,"Apple Supplier ARM, 3D Stocks Downgraded; Intel, Chipotle PTs Raised",-1
2016-04-27,"Apple PTs Get Whipped; Twitter, Chipotle Served Downgrades",0
2016-01-26,Can Stocks Recover From Early Week Slide? Apple Could Set Tone,0
2014-05-22,Apple is tops per square foot,0
2014-05-22,"Apple Gets Most Sales Per Square Foot, Tiffany Third",0
2014-05-06,"Tesla, Apple Among 4 Top 'It' Big-Cap Stocks",1
2013-10-22,"Stocks Open On Positive Note; Whirlpool, Netflix, Apple Climb",1
2013-01-23,"Stock Futures Flat Ahead of Debt Ceiling Vote, Apple Earnings",0
2012-12-04,"Apple, Michael Kors, Visa, eBay: Larry Puglia's Bets",0
2012-04-27,"Apple, Caterpillar, Starbucks: 3 Different China Trends",0
2012-01-24,Stocks Still Down Modestly; Apple Dips Before Profit Report,-1
2011-08-03,"Ford, CBS, Apple: New Targets, Estimates",0
2010-06-10,"Cramer's Stop Trading!: Apple, Citi, Google",0
2010-03-04,'Mad Money' Recap: Apple Riding High With the iPad (Update 1),1
2019-05-14,Appleseed Fund 2019 Semi-Annual Letter,0
2018-10-29,"Turtle Beach, Coherent, Apple, Netflix and Disney highlighted as Zacks Bull and Bear of the Day",0
2018-05-29,Coherent +7% on Apple's potential move to all OLED,1
2018-01-17,"Bulls Power Dow Past 26,000; Bitcoin Slammed While Apple Rallies",0
2017-09-19,"Facebook, Apple Supplier Lead 5 IBD 50 Stocks Near Buy Points; S&P 500 Futures",1
2017-08-02,"Apple Holds Dow Above 22,000; 2 Top Tech Names Break Down",0
2017-08-02,Apple Breakout Fading As Market Reverses Lower,-1
2017-06-21,Nasdaq Leads Again; Are These 3 Stocks The Next Apple In Biotech Land?,0
2017-05-09,"Apple Up, Nasdaq Leads Stocks; Will Nvidia, Coherent Jam On Q1 Results?",0
2017-05-08,Can Apple Keep Driving Dow By Itself? Two '99' Stocks With Earnings Due,0
2017-02-15,Possible OLED Use In Apple Phones Seen Boosting Two Screen Tech Firms,0
2016-05-26,Apple's Next Moves? Hints From M&A Talks,0
2016-05-20,"Eye On Tech: Apple Grows Its Indian Presence, And Yahoo Bids Come In Light",1
2016-03-08,Apple Making The Perfect Smartphone For Donald Trump,1
2013-05-21,"Apple's stock is slipping, but its brand value isn't",-1
2017-08-07,"Stocks Edge Higher, Apple Retakes Buy Point While China Name Breaks Out",1
2017-08-07,"Stock Futures Flat; Apple, Marriott Rise Toward Buy Points",1
2017-03-10,Apple Goes Hollywood,0
2017-02-27,"Buffett Doubles Apple, Seeks Deals",0
2016-10-25,Wall Street Breakfast: Apple Earnings Take Center Stage,0
2011-06-06,"Short Apple, Google, Intel Signals Pay Out",0
2016-12-15,Columbia Sportswear Grapples with Headwinds: Time to Sell?,-1
2020-01-22,"Goodwin Daniel L Buys Medifast Inc, CyrusOne Inc, Uber Technologies Inc, Sells Apple Inc, ...",0
2019-03-24,Apple Makes Its Video-Streaming Move (Stocks To Watch Podcast),0
2019-03-23,Stocks To Watch: Apple Makes Its Video-Streaming Move,0
2019-09-05,"The Zacks Analyst Blog Highlights: Apple, Chevron, VMware, Capital One and Cooper",0
2019-09-04,"Top Research Reports for Apple, Chevron & VMware",0
2019-08-06,"David Carlson Exits Medtronic, Trims Apple Holding",0
2018-07-28,"Stocks To Watch: Apple, Harley And Tesla On The Marquee",0
2017-06-02,"Stocks Turn Mixed As Oil Falls, Payrolls Disappoint; Apple Supplier Surges",-1
2017-04-07,"Insiders Roundup: Apollo Global Management, Apple",0
2019-11-04,Swapping Apple For Apple - October Dividend Portfolio Update,0
2018-03-13,Road To Financial Independence: My February 88-Stock Portfolio Review With Big Apple Purchase,0
2017-12-15,"My Journey To Financial Independence: 86-Stock November Portfolio Update - Buying Apple, AbbVie And BMW",0
2016-04-01,"How Apple, Amazon, Microsoft Figure Into Fast-Changing REIT Markets",0
2020-04-28,"Amazon Apple GE Earnings, FOMC & GDP Ahead. The Corn & Ethanol Report",0
2019-06-02,"Apple's WWDC, DuPont's Return And Tariff Anxiety (Stocks To Watch Podcast)",0
2019-06-01,"Stocks To Watch: Apple's WWDC, DuPont's Return And Tariff Anxiety",0
2017-04-14,"Community Bank of Raymore Buys General Electric Co, AT&T, Apple Hospitality REIT, Sells ...",0
2018-11-30,"New Research Coverage Highlights Omeros, Apple, Bio-Rad Laboratories, Cott, Darling ...",0
2016-08-05,Why Does Dr Pepper Snapple Keep Going Up?,0
2019-12-02,"Dow Jones Futures: Apple, AMD, DexCom Stand Tall As Stock Market Stumbles; Coupa Earnings Top",-1
2019-09-04,"Dow Jones Today: Futures, Apple Rise; Coupa Software, Wynn Resorts Spike",0
2019-06-02,"Dow Jones Futures Sell Off On Trade War Fears; Apple, Google In Focus",-1
2019-03-25,"Dow Jones Falls, Small Caps Rebound; Can Apple Conquer This New Chart Test?",1
2018-12-03,"Dow Jones Futures: Apple Supplier, RH Lead 5 Notable Movers Late",1
2015-04-09,Coupons.com among NYSE's key losers; launching Apple Watch app,-1
2011-01-03,"Rocket Stocks: Apple, Freeport, Covidien",0
2015-01-30,Is Apple Currently One Of The Best Stocks To Have In The Investment Kitty?,1
2016-09-07,Wall Street Breakfast: Apple Event On Deck,0
2015-12-22,"Agilent, Apple and Canadian Pacific Are Among Larry Robbins' New Buys",0
2015-11-19,"Stocks Scrape Out Early Gains; Apple, Vipshop, ConAgra Advance",-1
2014-10-20,"Nasdaq Extends Gains; Apple, Chipotle Rise Pre-Earnings",1
2018-08-16,Copa Holdings (CPA) Grapples With Cost Woes: Time To Dump?,-1
2016-09-09,"Week In Review: Apple iPhone 7 Doesn't Wow, Cheap Food Slams Grocers",0
2013-11-26,Stocks Close Mixed; Apple Helps Nasdaq To New High,1
2020-05-13,"AlphaCrest Capital Management LLC Buys AT&T Inc, Eli Lilly and Co, Apple Inc, Sells The ...",0
2019-07-28,"Headliners Include Apple, Beyond Meat And IBM (Stocks To Watch Podcast)",0
2019-07-27,"Stocks To Watch: Headliners Include Apple, Beyond Meat And IBM",0
2019-06-02,"Apple's WWDC, DuPont's Return And Tariff Anxiety (Stocks To Watch Podcast)",0
2019-06-01,"Stocks To Watch: Apple's WWDC, DuPont's Return And Tariff Anxiety",0
2017-01-17,"Market Rebounds Off Lows; Financials Sell Off, Apple Strengthens",1
2016-12-20,"Dow Nears 20K: Apple Closer To Breakout, Cat Up Big, Callon Petroleum Tightens",0
2016-12-13,Nasdaq At All-Time High; FANG Leads As Apple Builds Base,1
2016-11-28,Stocks Drift Lower As Crude Oil Jumps; Apple Shows Resilience In Dow,1
2016-09-08,"Stocks Down As Apple Backtracks, But These Energy Shares Are Rallying",-1
2018-07-28,"Stocks To Watch: Apple, Harley And Tesla On The Marquee",0
2020-02-19,"Dow Jones Futures: Apple, Tesla, AMD, Nvidia Lead Hot Stock Market Rally; Six Big Earnings Movers Late",1
2020-01-20,"The Zacks Analyst Blog Highlights: Apple, Applied Materials, Synopsys, Copart and State Street",0
2019-12-30,"Dow Jones Futures: Stock Market Rally Pauses But Apple Keeps Climbing, These 4 Leaders Near Buy Points",1
2019-09-13,"Dow Jones Win Streak Set To Continue, But Apple Slides Below Entry On Price Cut",1
2017-02-16,"Alkeon Capital Management Llc Buys Exxon Mobil, PayPal Holdings, Northrop Grumman, Sells Apple, ...",0
2019-04-26,"Zacks Value Trader Highlights: Apple, Crane, H&E Equipment Services, Macquarie Infrastructure and Norwegian Cruise Line",0
2017-04-28,"Apple, Tesla, Facebook, Fed Will Grab Spotlight: Investing Action Plan",0
2016-02-16,"Stocks Hit Session Highs; Apple, Boeing Lift Dow",1
2014-12-03,"GoPro, Apple Drive Leading Chip Stocks To New Highs",1
2012-07-23,"While the Smart work at Apple and Microsoft, the Brilliant work for Cray (CRAY, MSFT, AAPL)",0
2017-03-14,Apple: Antifragile It Is Not,0
2019-04-12,"The Zacks Analyst Blog Highlights: Apple, KLA-Tencor, Intel, Cree and Xilinx",0
2019-03-18,"Stocks Quiet, But Apple Up Again; These 3 Stock Market Leaders Keep Rising",1
2012-02-13,"Stocks to Watch: Apple, GE (Update 1)",0
2012-02-13,"Stocks to Watch: Apple, Vodafone, Diebold",0
2019-12-20,"America's Car Mart, Medifast, Microsoft, Apple and Amazon highlighted as Zacks Bull and Bear of the Day",0
2020-01-19,Our Risk Perception on Apple,-1
2019-10-29,"Apple, Facebook Earnings, Fed Rate Cut On Tap: Investing Action Plan",0
2015-03-18,Year-To-Date Winners: We Have Found The Market And It's Apple,0
2018-10-17,"Apple launches privacy portal, initiatives",1
2018-09-08,"Stocks To Watch: Apple Event, Chinese Auto IPO To Headline",0
2017-12-15,Criteo -2.3% as analysts process Apple feature news impact,0
2017-12-14,Criteo -12.4% on expected impact from Apple change,0
2017-08-02,"Stocks Open Higher: Apple Breaks Out, Dow Clears 22,000",0
2017-08-02,"Stock Futures Mixed: Apple Soars, 2 Leaders Suffer Hard Hits",-1
2017-06-20,"Harbour Capital Advisors, LLC Buys iShares MSCI EAFE, Apple Inc, Exxon Mobil Corp, Sells ...",0
2017-06-07,"How Apple Anti-Cookie Tools Could Impact Facebook, Amazon, Snap",0
2017-03-28,"Stocks Rally Higher Into Final Hour; Apple, Tesla, Financials Surge",1
2016-05-26,"Eye On Tech: Alibaba Gets Probed By The SEC, And Apple Reportedly Explores EV Charging",0
2016-03-04,"Ad-Blocking Jumps To 38% Globally After Apple iOS Move, Report Says",1
2016-02-10,Apple Ad Block Doesn't Stop Criteo From Crushing Q4 Earnings,-1
2016-02-08,"Will Apple Ad-Blocking, China Expansion Worries Curb Criteo?",-1
2015-09-17,Is Apple Ad-Blocking A Mobile Ad-pocalpyse?,0
2015-09-16,Apple's ad blocker no worry?,-1
2015-09-16,Apple Ad Blocker No Worry For Ad Firms? Criteo Jumps,0
2015-08-04,Criteo Craters On Possible Apple Ad-Block Impact,0
2015-08-03,"Will Criteo Post Q2 Beat, Avoid Apple?",1
2015-07-09,"Apple 'Killing It,' But Google Gains In Mobile Sales",1
2015-07-07,Apple: A Top Fidelity Manager Sticks By The Stock,0
2015-06-12,Ad-techs settle down from Apple content-blocking OS news,-1
2015-06-11,Criteo -5.6%; Apple plans to support ad-blockers on Mobile Safari,0
2015-05-14,"Stock Indexes Show Some Strength; Apple, Facebook Retake 50-Day Line",1
2015-03-06,Stocks Stumble In Firm Trade; Apple To Take AT&T's Dow Seat,-1
2020-04-09,Apple Ecosystem Awaits iPhone Maker's Next Moves In Covid-19 Crisis,-1
2020-03-12,Apple Closes All Italy Stores Due to Coronavirus Pandemic,0
2020-02-18,Will Apple's Coronavirus Woes Affect Supplier Stocks As Well?,-1
2020-01-28,"Dow Jones Futures: Apple, AMD, Xilinx, Maxim Earnings Fuel Big Chip Moves After Stock Market Rebounds From Coronavirus Sell-Off",1
2019-12-02,Apple (AAPL) to Review Policy After Mapping Crimea in Russia,0
2019-10-31,"Dow Jones Today: Apple, Facebook, Starbucks Prop Futures; China Distances Itself From Trade Deal",0
2019-10-11,"The Zacks Analyst Blog Highlights: Apple, Microsoft, Garmin, Cirrus Logic and Synopsys",0
2019-10-07,Cirrus' Apple ASP Increase Certainty; Its Meaning Plus More,1
2019-09-10,Apple fall event kicking off (live updates),0
2019-07-28,"Headliners Include Apple, Beyond Meat And IBM (Stocks To Watch Podcast)",0
2019-07-27,"Stocks To Watch: Headliners Include Apple, Beyond Meat And IBM",0
2019-05-06,Rationalizing Apple's March iPhone Unit Sales Quandary With Cirrus Logic's Recent Report,0
2019-04-30,"Strong Apple results lifts futures, related names",1
2019-01-30,"Semis, suppliers gain on Apple, AMD reports",0
2019-01-17,"Chips, Apple suppliers slip on TSMC guidance",-1
2019-01-16,"Semis, Apple suppliers face tough reports - KeyBanc",-1
2019-01-11,Apple (AAPL) Likely to Release Three iPhone Models in 2019,0
2019-01-07,"Apple: Regrets, I Had A Few, And Did It My Way",0
2019-01-07,Apple's Warning And The Effects On Other Suppliers,-1
2019-01-04,Cirrus Logic Hits a New 52-Week Low on Apple's Guidance Cut,-1
2019-01-03,"The Zacks Analyst Blog Highlights: Apple, Sony, Lumentum and Cirrus",0
2019-01-02,Apple to Collaborate With Sony for 3D Camera on iPhone XI,0
2018-12-31,Cirrus Logic Investors: Navigating Through Apple's iPhone Uncertainties,-1
2018-12-21,Apple: Key iPhone Suppliers Don't Seem To Be Cutting Back,-1
2018-12-20,Rosenblatt: Apple could cut 4M iPhone units,-1
2018-12-20,What Are The Recent Apple Supplier Warnings Telling Us About Apple,0
2018-12-10,Apple suppliers dip on China's iPhone ban,-1
2018-12-06,Will Apple's (AAPL) New Marketing Strategy Drive Sales?,1
2018-12-05,Is Apple a Value Pick at Current Levels?,0
2018-12-04,Apple: Don't Buy The Bounce,-1
2018-12-03,"Dow Jones Futures: Apple Supplier, RH Lead 5 Notable Movers Late",1
2018-11-27,Apple suppliers mull higher iPhone tariffs,-1
2018-11-27,Apple suppliers mull higher iPhone tariffs,-1
2018-11-13,Apple suppliers recover despite Qorvo guide cut,1
2018-11-12,"Apple suppliers drop on Lumentum guide, iPhone target cuts",-1
2018-11-05,Apple suppliers drop on production expansion halt,-1
2018-09-12,Apple suppliers to watch during the fall event,0
2018-09-11,What to expect during Apple's iPhone launch event,0
2018-09-07,"Apple, suppliers drop on talks of tariff impact",0
2018-07-31,What to watch in Apple's Q3 report today,0
2018-07-19,"Qorvo, Apple suppliers tick up after Skyworks beat",1
2018-07-02,Can Cirrus Logic Turn Around on Apple AirPod Contract Win?,0
2018-06-08,Apple iPhone Production Pullback Hits Chip Suppliers,-1
2018-06-08,"Tech sector under pressure from Apple suppliers, semi equipment stocks",-1
2018-06-08,NAR: Apple drops iPhone parts orders by 20%; supplier stocks dip,-1
2018-06-01,Apple's Self-Reliance Strategy Hurts Chip Suppliers Most,-1
2018-05-17,Stay Away From Apple Component Players - Cramer's Lightning Round (5/16/18),-1
2018-05-01,Apple suppliers pop after Q2 beats,1
2018-04-20,BofA: Some 4-7% more downside in chips into Apple earnings,-1
2018-04-10,"The Zacks Analyst Blog Highlights: Cirrus, Qorvo, Infineon and Apple",0
2018-04-09,3 Tech Suppliers in Murky Waters for Heavily Relying on Apple,0
2018-04-04,Apple's Vertical Integration Policy To Hurt These 3 Suppliers,-1
2018-04-02,"Chips, Apple suppliers drop on Intel news",-1
2018-03-22,Apple's new iPhones could enter trial production in Q2,0
2018-02-12,Apple Designing Out Cirrus Logic: Is It Worth It? Is It Possible?,0
2018-01-31,Will Relying on Apple Hurt Cirrus Logic (CRUS) Q3 Earnings?,-1
2018-01-23,"Apple, suppliers move after JPMorgan says iPhone X build will weaken",-1
2018-01-19,"Apple, suppliers drop as key analyst lowers iPhone X lifetime sales forecast",-1
2018-01-12,Cirrus Logic: The Apple Problem,-1
2018-01-08,Apple Watch control coming to Whirlpool appliances; KeyBanc sees poor iPhone X sales,-1
2017-12-26,"Apple, suppliers drop on iPhone X sales report",-1
2017-12-11,Cirrus Logic: Apple Reliance Does Not Create A Logical Buying Opportunity,-1
2017-12-08,"Digitimes: Apple suppliers shipments down on month, expect weak Dec.",-1
2017-12-07,Apple suppliers recover after Broadcom sales comments,1
2017-12-06,Apple suppliers drop after Largan warns of lower Dec. revenue,-1
2017-11-06,Chip Winners Identified In Apple iPhone X Teardowns,1
2017-07-28,"Apple, Tesla, Shale, Jobs To Dominate The Week: Investing Action Plan",1
2017-07-05,Futures: These 5 Apple iPhone Suppliers Are Still Ailing,-1
2017-05-02,"Stocks Set To Fall On Apple; How To Play Facebook, Tesla Earnings",0
2017-04-28,"Apple, Tesla, Facebook, Fed Will Grab Spotlight: Investing Action Plan",0
2017-04-11,Apple Leads Dow Lower; Chip Stocks Falter; Cirrus Logic Drops,-1
2017-04-11,"Dow, S&P 500 Test Key Support As Caterpillar, Apple Weigh; Chip Stocks Sell Off",-1
2017-04-04,"Apple, Boeing, Caterpillar Lead Dow Higher; What Are Expectations For iPhone 8?",1
2017-02-03,"Weekly Review: Apple, Facebook, Amazon, UPS, Schwab, Dow, Trump",0
2017-02-02,Apple Supplier Cirrus Logic Hammered; Nvidia Gets Price-Target Hike,1
2017-02-02,"Stocks Turn Up As Chips Crash; Will Amazon Follow Apple, Facebook's Lead?",0
2017-02-01,"Stocks Salvage Gains In Session Stirred By Apple, AMD, Facebook, Fed",1
2017-02-01,"Nasdaq, Helped By Apple, Leads Mixed Session; Fed Stands Pat",0
2017-02-01,"Stock ETFs Mixed; Financials, Techs Lead After Cheery Apple Report",-1
2017-02-01,Apple 's post-earnings advance brings along suppliers,1
2017-01-28,"Facebook, Apple, Amazon, Fed, Jobs Report: Investing Action Plan",0
2016-12-30,Apple Falls On Production Cut; Will Make iPhones In India,0
2016-12-30,Report on Apple production cut ripples through tech sector,0
2016-11-27,"Apple, Amazon, Best Buy, Ulta Beauty: Stocks To Watch As Holidays Kick Off",0
2016-11-07,Apple iPhone Shipments Likely To Drop In First Half 2017,-1
2016-10-06,Chipmaker's Strong Sales Seen As Positive For Apple,1
2016-09-23,Apple Stock Rocked By Report Of Weak European iPhone 7 Sales,-1
2016-09-20,Apple: Investor Takeaways From iPhone 7 Teardowns,0
2016-09-16,Apple Supplier Cirrus Logic: Perfect Example Of An Upside Reversal,1
2016-09-16,Intel Inside iPhone 7; Chipmaker Wins Apple Business,1
2016-09-08,"Apple News Positive For Broadcom, Negative For Qualcomm",1
2016-08-27,Broadcom Likely Gained 20% Apple iPhone 7 Content Despite 'Muted' Ramp,1
2016-08-26,These Three Chipmakers Will Survive Apple's Rumored 15%-20% iPhone 7 Order Cut,-1
2016-08-18,Analog Devices Expected To Add $100 Million-Plus In Apple iPhone 7 Sales,1
2016-08-09,Apple Pressuring iPhone Component Suppliers For Price Cuts,-1
2016-07-29,Apple: Cirrus Earnings Bullish For iPhone 7,1
2016-07-28,These 6 Big-Name Apple Chip Suppliers Are Also Making Notable Moves,1
2016-07-28,Cirrus Logic Rockets To 21-Year High On Estimated 40% Apple iPhone 7 Gain,1
2016-07-27,Apple Supplier Cirrus Logic Trounces Estimates Amid iPhone 7 Ramp,0
2016-07-12,'Stronger' Apple iPhone 8 Boosts Cirrus Logic On Noise-Canceling Earbuds,1
2016-07-05,Stocks Sink To Session Lows; Will Brexit Take Bite Out Of Apple Sales?,-1
2016-07-05,"Apple iPhone 7 Shipments Could Disappoint; Skyworks, Cirrus Logic Dive",-1
2016-07-05,"Apple Chip Suppliers, Netflix Downgraded; Mobileye, CyberArk Buys",-1
2016-06-24,Analog Devices Gains 30% Content In Apple iPhone 7: Credit Suisse,1
2016-06-21,"Stocks Edge Higher; Apple, Microsoft Lead Dow, Adobe Sinks Late",1
2016-06-21,Apple iPhone 7: Cirrus Logic Gains 50 Cents On External Speaker,1
2016-05-23,"Apple Chip Suppliers Broadcom, NXP, Skyworks Up On iPhone 7 Hopes",0
2016-05-23,"Apple, suppliers gain following report of strong iPhone 7 production orders",1
2016-05-12,"Apple Falls Anew Amid iPhone 7 Worries, Chip Stocks Follow",-1
2016-05-11,Apple Suppliers Blame 'Tepid' iPhone 7 Demand On Lack Of Innovation,-1
2016-05-09,InvenSense Sales Expected To Topple After Apple iPhone Shortfall,1
2016-05-06,Huawei P9 Imitates Apple: 'New Dog With Old iPhone Tricks',0
2016-05-05,Cirrus Logic slumps as Barclays downgrades on Apple-related concerns,-1
2016-04-29,Skyworks Guidance Lags By $50 Mil On Petering Apple iPhone Demand,-1
2016-04-28,Texas Instruments Beats Q1 Views Despite Apple iPhone 'Shortfall',1
2016-04-27,"Cirrus Logic Beats, But Apple iPhone Slump Dings Skyworks, Qorvo",1
2016-04-27,Why Apple's Stock Chart Action Is So Significant,1
2016-04-17,4 Reasons Why Apple Could Be Keeping iPhone Orders Low,-1
2016-04-15,Apple Slices Below 200-Day On iPhone Production Cuts Report,0
2016-03-31,"Apple iPhone SE Teardown: Qualcomm, Qorvo Lead But Skyworks Gains",1
2016-03-22,"Apple reportedly in ""advanced talks"" to buy GPU core developer Imagination",0
2016-03-14,Chip ETFs Get Their Mojo On: Inside 4 As Apple To Reveal New iDevices,0
2016-03-11,"5 Chip Stocks To Watch, Moving Up, With Apple's Big Event March 21",0
2016-03-04,Apple Chip Supplier Broadcom Nixes Further M&A After Avago Merger,0
2016-02-22,"Apple Suppliers Cirrus Logic, Analog Devices Begin iPhone 7 Prep",0
2016-02-11,"Qorvo: With Less Apple, Life May Still Be Healthy",1
2016-02-08,"LinkedIn, Tableau Specter Haunts Apple Chips, Security Stocks",0
2016-02-05,"Apple Chipmakers Skyworks, NXP, Avago Plunge On Qorvo Sales Outlook",-1
2016-02-03,"Apple Suppliers NXP, Qorvo Fall On iPhone 6S Weakness",-1
2016-02-03,Tesla Initiated At Sell; Apple Chipmakers Get Mixed Reviews,0
2016-02-03,Cirrus Logic And The Challenges And Opportunities Of An Apple Relationship,-1
2016-01-29,Apple suppliers up strongly following Skyworks/Synaptics' earnings,1
2016-01-27,Apple suppliers slide following Apple's results/guidance,0
2016-01-22,"Netflix, Apple Supplier Avago Lead New Insider Trades",0
2016-01-21,Move Over Apple: 5 Chipmakers With Earnings Due,0
2016-01-19,Even upbeat Apple reports have a negative slant,-1
2016-01-19,Apple Supplier Skyworks Poised For Q1 'Relief Rally',1
2016-01-17,Apple: TSMC Partnership A Path To Even Greater Smartphone Dominance,1
2016-01-14,"Apple suppliers Cirrus Logic, Multi-Fineline post big gains",1
2016-01-12,Apple's March-quarter iPhone guidance an overhang for stock,-1
2016-01-12,"Apple iPhone Hit Bruises Avago, Texas Instruments",-1
2016-01-08,"Report: Apple working on wireless Beats headphones, removing 3.5mm iPhone headphone jack",0
2016-01-08,"Apple Supplier Avago, Guns, Gilead Top Insider Trades",0
2016-01-08,More data points on Apple show iPhone sales slowdown,-1
2016-01-08,"Apple, Cirrus Logic Gain; Qorvo Sent To 'Penalty Box'",0
2016-01-08,Apple: The Silver Lining In The Cirrus Cloud,0
2016-01-08,"Apple, Netflix, GoPro, Qorvo Get Price Target Cuts",0
2016-01-07,2 Apple Chip Suppliers Warn,0
2016-01-07,"Apple Chips Implode; Qorvo, Cirrus Logic Lower Views",-1
2016-01-07,"Broadcom 'Story Played Out,' NXP To Lead Apple Sphere",1
2016-01-05,Apple reportedly expected to cut iPhone 6S/6S+ orders; shares lower,-1
2015-12-31,Apple Supplier Avago Dwarfs Hustling Qualcomm In 2015,0
2015-12-11,Apple iPhone 7 Win Leapfrogs Taiwan Semiconductor,1
2015-11-27,"Apple Chip Suppliers NXP, Cirrus Retake Key Level",0
2015-11-27,IPhone Demand Fears Might Bruise Apple Supplier Avago,-1
2015-09-28,Apple iPhone 6S component costs up 7% over prior model,1
2015-09-25,"Apple iPhone 6S Teardown: Skyworks, Avago Still In",0
2015-09-22,Apple Chipmakers Brace For Chill In China's Economy,-1
2015-09-16,"Apple iPhone 6S Costs $234 In Chips, Other Components",0
2015-09-09,"Apple Chipmakers Slip; Who Wins In IPhone, IPad, TV?",0
2015-09-09,Stocks Close Sharply Lower; Apple Off Despite Product News,1
2015-08-24,"Apple, Netflix, Fitbit, Other Techs Go Bungee Jumping",0
2015-08-10,"Apple up 3.7% as markets rally, analysts defend",1
2015-08-07,Apple Suppliers Hit But Funds Add These Chip Stocks,0
2015-08-04,IPhone Chip Suppliers Feel Burn As Apple Implodes,-1
2015-08-04,"Apple suppliers SWKS, QRVO, AVGO, INVN, CRUS, NXPI, SYNA sell off",0
2015-07-24,Skyworks' Apple Potential Spurs Price Target Hikes,1
2015-07-23,Apple Supplier Skyworks Q3 Earnings Top Expectations,1
2015-07-23,Apple Supplier Skyworks Q3 Earnings Top Expectations,1
2015-07-22,"Apple Supplier, 4 Other Tech Stocks Abuzz After Hours",0
2015-07-22,"Apple, Microsoft Pull Nasdaq Lower; Cirrus Up Late",0
2015-07-22,4 Chip Suppliers Plunging After Apple's Earnings,-1
2015-07-22,"Apple, Vendors Drag Stocks Lower: Chipotle, Intuitive Surgical Soar",-1
2015-07-22,"Stock Futures Down, Action Mixed; Apple, Vasco, Illumina Tumble",-1
2015-07-21,Apple suppliers sell off following Apple's results/guidance,-1
2015-07-08,WSJ: Apple wants suppliers to produce 85M-90M iPhone 6S units,0
2015-07-07,Apple: A Top Fidelity Manager Sticks By The Stock,0
2015-06-12,Top Chip Stock Cirrus Logic Rebounds On Apple Demand,1
2015-05-26,Stock Indexes Suffer Hard Hits; Apple And Visa Among Big Losers,-1
2015-05-07,Stocks Hang On To Solid Gains; Apple Suppliers Ramp Higher,1
2015-04-28,Cirrus issues strong FQ1 guidance; Apple 65% of FQ4 revenue,1
2015-04-28,Apple Suppliers Gain Focus Post-Apple's Solid Q2 Earnings - Analyst Blog,1
2015-04-28,"Apple (AAPL) Tops Q2 Earnings on Solid iPhone, Mac Sales - Analyst Blog",1
2015-04-07,Cantor's March Apple checks strong; over 1K Watch apps submitted,1
2015-04-02,"The Zacks Analyst Blog Highlights: 3D Systems, Apple, Amkor Technology and Cirrus Logic - Press Releases",0
2015-02-19,"The 4 Biggest Questions, Concerns about the Apple Watch - Stocks in the News",-1
2015-01-27,"CRUS, NXPI, SWKS, QRVO, AVGO rise on Apple's earnings",0
2015-01-05,Apple Powers Chip-Heavy IBD Top 10,0
2014-12-09,Apple iPhone 6 Plus now 50% of iPhone production,0
2014-11-05,Skyworks Seen With Apple iPhone Boost In Fiscal Q4,1
2014-09-19,Apple iPhone 6 Plus Teardown: 5 Key Suppliers Inside,0
2014-07-24,Sell Cirrus Logic to Buy this Apple Supplier,0
2014-06-09,Cirrus Logic may have lost Apple business to Maxim,-1
2014-04-29,Apple-only diet proved unwise for Cirrus Logic,0
2014-01-28,"Cirrus Logic Falls on Weak Forecast, Apple Earnings - Analyst Blog",-1
2013-12-23,"Apple, China Mobile Deal Boon For iPhone Parts Makers",-1
2013-11-19,Window Onto Apple Sales Trend: Shades Drawn,0
2013-11-13,"Apple iPad Mini 2 winners include Cirrus Logic, STMicro",0
2013-11-12,Cirrus Logic Drops on Apple Exit - Analyst Blog,0
2013-11-01,Apple iPad Air teardown reveals the usual suspects inside,0
2013-08-29,"Apple iPhone refresh could lift Qualcomm, Cirrus Logic, others",1
2013-07-23,Apple 3Q EPS Tops Views,1
2013-07-15,Supplier Reveals Things Apple Keeps Secret,1
2013-04-22,"Apple facing delays for next iPhones, iPad mini",-1
2013-04-18,Apple's new reality: Stock tied to product cycles,0
2013-04-18,Apple stock faces heavy selling for second straight day,-1
2013-04-17,Apple falls on supplier results,-1
2013-04-17,Indexes Notch Sharp Declines; New 52-Week Low For Apple,-1
2013-04-17,"Cirrus Logic Tumbles, Brings Apple Down With It",0
2013-04-17,Apple briefly falls below $400,-1
2013-01-31,"Apple Stock Slide Has Hurt Some Suppliers, Not Others",-1
2013-01-31,"Apple Stock Slide Has Hurt Some Suppliers, Not Others",-1
2013-01-30,"Apple Shrinks Broadcom Sales View, Samsung Looms",-1
2013-01-25,Apple Supplier Cirrus Logic Sees Stock Rebound,1
2013-01-24,Apple suppliers feel the pain,-1
2013-01-24,"Apple Joins Microsoft, Cisco In Slow-Growth Club",0
2013-01-24,Apple Supplier Stocks Hurt By Apple's Weak Outlook,-1
2013-01-23,Apple iPhone Sales Miss; 1st Earnings Dip In 10 Years,-1
2013-01-22,Apple Q1 Earnings To Settle iPhone Demand Rumors,0
2013-01-22,Apple Ecosystem: Verizon Misses On iPhone Subsidies,-1
2013-01-22,"Apple, McDonald's Headline Earnings Wednesday",0
2013-01-16,5 Suppliers To Watch In Light Of Apple Stock Decline,-1
2013-01-14,"Stocks Open Lower; Ixia Rockets, Apple Stumbles",-1
2013-01-14,Apple Stock Falls On iPhone 5 Demand Concerns,-1
2013-01-14,"Apple's Stock Falls, Pulling Down Component Makers (Update1)",-1
2013-01-14,"Apple's Stock Falls, Pulling Down Component Makers",-1
2013-01-14,Report: Apple Axes iPhone Part Orders,0
2013-01-08,"As Goes Apple, So Goes Qualcomm? Think Again",0
2012-12-14,Apple Stock Falls; Weak China iPhone 5 Debut Seen,-1
2012-12-14,Apple Falls On Demand Fears,-1
2012-12-14,Apple Stock Falls; Weak China iPhone 5 Debut Seen,-1
2012-12-14,Apple Stock Falls; Weak China iPhone 5 Debut Seen,-1
2012-12-14,Wall Street Lower At Midday; Apple Sinks On Downgrade,0
2012-11-08,Apple Breakdown Strips Tech Stocks From Leadership,1
2012-10-31,Cirrus Logic Q2 Results Beat Views On Sales To Apple,1
2012-10-30,Cirrus Logic Earnings Expectations Buoyed By Apple,1
2012-10-23,"Stocks Mixed In Early Trade; Apple, Priceline.com Rebound",0
2012-10-18,"Apple, Kors Among Long-, Short-Term Earnings Champs",0
2012-10-17,"Apple, Kors Among Long-, Short-Term Earnings Champs",0
2012-10-12,"Google, DaVita Balance Leaders Against Apple's Dive",0
2012-09-25,Apple iPhone 5 Hampered By Component Shortages,-1
2012-09-25,"Apple iPhone 5 Business Won By SanDisk, Elpida, Sony",0
2012-09-19,Update on Apple Suppliers: 'Mind Your Stops!',0
2012-09-19,Update on Apple Suppliers: 'Mind Your Stops!',0
2012-09-14,Cirrus rises on Apple effect,0
2012-09-14,Cirrus Logic Stock Rises 7% On Apple Effect,1
2012-09-14,"Apple, NXP Semiconductor, Cirrus Logic: Tech Premarket",0
2012-09-14,"Apple, NXP Semiconductor, Cirrus Logic: Tech Premarket",0
2012-09-13,Apple iPhone 5 Suppliers See Rise In Shares,1
2012-09-13,Stocks Post Narrow Early Gains; Apple Climbs,1
2012-09-10,"Apple Throws Everything Into Question For Audience (AAPL, ADNC, QCOM, CRUS)",0
2012-09-05,"The Best Way to Invest in the iPhone 5 May Not be Apple: QCOM, AAPL, ARMH, CRUS in Focus",0
2012-08-15,Apple iPhone 5 'Tsunami' To Impact Chip Suppliers,-1
2012-08-04,Apple Rumors; LinkedIn Leaps: Tech Weekly,0
2012-08-04,"Apple Rumors, LinkedIn Leaps: Tech Weekly",0
2012-08-03,"Apple, Other Leaders Shaping Bases In Wild Market",0
2012-07-31,Apple iPhone 5: Reading the Tea Leaves,0
2012-07-31,Apple iPhone 5: Reading the Tea Leaves,0
2012-07-25,Futures Wildly Mixed Ahead Of Open; Apple Hit Hard,-1
2012-07-02,Apple Supplier Cirrus Falls On Analyst Downgrade,-1
2012-06-05,"Cirrus, Other Apple Chip Suppliers Seen Bucking Blues",-1
2012-05-21,Audio Chipmaker Cirrus Logic Joined At Hip To Apple,0
2012-05-17,"Apple, LinkedIn Lead IBD's Top 5 'Fundamentals' Techs",1
2012-04-26,10 Stocks Poised to Rise in Apple's Wake,1
2012-04-25,Apple Earnings Bring Joy To Tech-Land,1
2012-04-25,Apple Supplier Shares Up On iPad Maker's Q2 Report,1
2012-04-12,6 Tech Stocks That Rate Better Than Apple,1
2012-04-12,6 Tech Stocks That Rate Better Than Apple,1
2012-03-29,"Look Under the Hood of Apple (AAPL) For the Best Apple-Mania Investments: FIO, CRUS, BRCM",0
2012-03-16,"Green for St. Patrick, Stocks and Apple",0
2012-01-24,'Fast Money' Recap: Apple's Very High Bar,1
2012-01-24,'Fast Money' Recap: Apple's Very High Bar,1
2012-01-24,"CA, Apple, Fusion-io: After-Hours Trading",0
2012-01-24,"CA, Apple, Fusion-io: After-Hours Trading",0
2011-03-14,Apple iPad 2 Sellouts Stoke Suppliers,0
2011-03-01,3 Stocks at Apple's iPhone Core,0
2010-07-27,Tapping Apple With 3 Cheaper Stocks,1
2019-03-24,Apple Makes Its Video-Streaming Move (Stocks To Watch Podcast),0
2019-03-23,Stocks To Watch: Apple Makes Its Video-Streaming Move,0
2016-06-17,Apple Gets Price Target Cut And China Setback; Nvidia PT Raised; Smith & Wesson Upgraded,1
2016-05-06,"Week In Review: Stocks Tested As Apple, Tesla, Under Armour Sell Off",0
2016-04-29,The Week In Review: Is Apple Still A Growth Enterprise? Is America?,0
2011-03-16,"Apple, BB&T: Analysts' New Ratings",0
2018-11-01,Apple Q4 Rise In Revenue Expected (Wall Street Breakfast Podcast),1
2018-11-01,Wall Street Breakfast: What's In Store For Apple Earnings?,0
2018-10-04,Credit Suisse Adopts Apple Business Chat for Asian Clients,0
2016-10-25,Wall Street Breakfast: Apple Earnings Take Center Stage,0
2016-06-17,"Stocks Open Lower; Apple Falls, Elizabeth Arden Soars",0
2016-09-09,"Week In Review: Apple iPhone 7 Doesn't Wow, Cheap Food Slams Grocers",0
2016-08-02,Apple-Backed Didi's Uber Deal,0
2016-05-27,Week In Review: Apple-Led Stocks Rise Above Fed; Autos Hitch Ride; Oil Hits $50,1
2016-05-26,Apple's Next Moves? Hints From M&A Talks,0
2016-05-25,"Stocks Rally Again; Apple, Goldman Sachs Boost Dow To Big Gains",1
2016-05-25,"Eye On Tech: Twitter Redefines 140 Characters, And Apple Reportedly Works On An Echo Rival",0
2011-10-20,'Fast Money' Recap: Apple Anxiety,1
2011-06-01,"Apple, Starbucks: New Targets, Estimates",0
2020-05-28,"The Zacks Analyst Blog Highlights: Apple, Exxon Mobil, Cisco System and Chevron",0
2020-05-15,"CMT Capital Markets Trading GmbH Buys Apple Inc, Ford Motor Co, The Kraft Heinz Co, Sells Wells ...",0
2020-05-13,"Mayo Investment Advisers Llc Buys The Mosaic Co, Sells Apple Inc, United Airlines Holdings Inc, ...",0
2020-04-21,"Dow Jones Gets Slammed As Apple, Microsoft Weigh, But Nasdaq Fares Worse",-1
2020-04-03,"Cisco, Apple And Oracle: Strong Cash Positions Indicate Safe Long-Term Returns",1
2020-03-30,"The Zacks Analyst Blog Highlights: Apple, Cisco, PepsiCo, AstraZeneca and NextEra",0
2020-03-27,"Top Stock Reports for Apple, Cisco & PepsiCo",0
2020-02-12,"Oakmont Corp Buys Apple Inc, D.R. Horton Inc, Liberty Oilfield Services Inc, Sells Cisco ...",0
2020-02-11,"Cowen And Company, Llc Buys PowerShares QQQ Trust Ser –, Apple Inc, SPDR S&P 5…… ETF ...",0
2020-02-03,"Railway Pension Investments Ltd Buys iShares iBoxx $ High Yield Corporate Bond ETF, Apple Inc, ...",0
2020-01-22,"Goodwin Daniel L Buys Medifast Inc, CyrusOne Inc, Uber Technologies Inc, Sells Apple Inc, ...",0
2020-01-03,"Stock Market Trims Losses After U.S. Airstrike Sends Stocks Tumbling; Apple, Incyte, Tesla Key Movers",-1
2019-12-18,"The Zacks Analyst Blog Highlights: Apple, Cisco Systems, Oracle, HSBC and Amgen",0
2019-12-17,"Top Analyst Reports for Apple, Cisco & Oracle",0
2019-11-14,"Dow Jones Lower Amid Cisco, Walmart Earnings; Apple Downgraded To Sell",-1
2019-11-13,Apple Trading At Statistically Insane Levels?,0
2019-11-13,"CIBC World Markets Inc. Buys Microsoft Corp, Apple Inc, Facebook Inc, Sells Alphabet Inc, ...",0
2019-11-11,Dow Jones Today: Futures Drop On China Turmoil; Apple Algorithm Probed,-1
2016-09-28,Stocks Modestly Lower Near Midday; Apple Rises On iPhone 7 Report,0
2016-08-02,Apple-Backed Didi's Uber Deal,0
2018-07-28,"Stocks To Watch: Apple, Harley And Tesla On The Marquee",0
2017-08-18,"WFG Advisors, LP Buys PowerShares S&P 5…… Low Volatility Portfolio, Apple Inc, iShares ...",0
2017-07-18,"Nasdaq Leads, Apple Firm; Is This Industry Group Set To Recover?",1
2016-02-01,"Through M&A, China Is After The Smartphone / Apple Supply Chain",0
2011-12-15,"Zacks Bull and Bear of the Day Highlights: Estee Lauder Companies, Canadian Solar, Adobe Systems, Apple and Microsoft - Press Releases",0
2019-08-02,"Chicago Equity Partners Llc Buys Carlisle Inc, Integer Holdings Corp, Southern Co, Sells Apple ...",0
2016-05-12,Apple And Disney Have Staying Power - Cramer's Mad Money (5/11/16),1
2012-07-24,Stocks Lose More Ground; Apple Reports After Close,0
2016-12-12,Apple Supplier In Sale Talks,0
2016-08-23,Apple Wants You To Feel Better,1
2020-02-10,"Aldebaran Financial Inc. Buys AbbVie Inc, Sells Apple Inc, Waste Management Inc, Albemarle Corp",0
2020-01-16,"Dow Jones Futures: Stock Market Rally Keeps Testing Limits; Google Joins Apple, Microsoft In $1 Trillion Club",0
2019-07-16,"Dow Jones Futures: Stock Market Rally Stalls; Apple, Facebook, United Airlines, CSX Active Late",-1
2018-09-14,Apple's Innovation - Cramer's Mad Money (9/13/18),0
2018-08-05,"Should You Buy Apple Now? Plus, A Look At 4 Other Bullish Charts",0
2017-12-18,Nasdaq Hits A Record; Apple And This Leading Defense Stock Break Out,1
2017-11-30,"Dow Hits 24,000; Goldman And CSX Break Out; Why Apple Could Win Big In 2018",0
2017-04-20,"Indexes End Solidly Higher; AmEx Leads Dow, Apple Also Up",1
2017-04-20,Stocks Rally On Earnings; Starbucks Breaks Out; Why Apple Is On The Move,1
2017-02-02,"Wellington Shields & Co., LLC Buys General Motors Co, Apple, CVS Health, Sells Philip ...",0
2017-02-02,Apple Could Hit $134 - Cramer's Mad Money (2/1/17),1
2016-07-09,"Investing Action Plan: Bank Earnings, Apple, Amazon Prime Day, Facebook, Line IPO",0
2016-06-11,"Investing Action Plan: Apple WWDC, Fed, Disney, Oracle, E3",0
2016-05-04,"Einhorn Discusses SunEdison, Apple, Bullish Investment Themes in Conference Call",1
2016-01-14,"Apple Supplier Avago A Buy; GoPro, Qualcomm PTs Cut",0
2015-04-15,"Stock Futures Grapple Higher; Biogen, Akorn Lead IBD 50 List",1
2015-01-13,"Stocks Rumble Ahead Despite Oil; Alaska Air, Celgene, Apple Jump",0
2014-10-20,"Nasdaq Extends Gains; Apple, Chipotle Rise Pre-Earnings",1
2013-10-15,"Selling Picks Up The Pace; Synaptics, Apple Buck The Trend",1
2013-10-15,"Nasdaq Fades Early Gains; Apple Bases, Sets Oct. 22 Event",0
2013-04-24,Why Apple's $60 Billion Buyback Isn't a Buy Signal,-1
2012-02-15,Dow Logged Worst Decline of the Year; Apple Sharp Reversal,-1
2010-11-17,'Mad Money Lightning Round': Stick With Apple,0
2018-10-28,Apple Looks To Recharge Tech Sector (Stocks To Watch Podcast),0
2018-10-27,Apple Looks To Recharge Tech Sector,0
2016-12-23,"Stocks Edge Lower Before Christmas; Apple, Alphabet Work On Bases",0
2016-12-23,"Stocks Quiet Ahead of Christmas Holiday; Apple, Microsoft Slip On Dow",0
2016-09-28,Stocks Modestly Lower Near Midday; Apple Rises On iPhone 7 Report,0
2012-01-17,"The Zacks Analyst Blog Highlights: Target, J. C. Penney Company, Apple, Best Buy and Cintas - Press Releases",0
2019-11-04,Swapping Apple For Apple - October Dividend Portfolio Update,0
2019-04-26,"Old Point Trust & Financial Services N A Buys The Walt Disney Co, Apple Inc, CenturyLink ...",0
2018-10-12,"Lawson Kroeker Investment Management Inc Buys CenturyLink Inc, Crimson Wine Group, Apple Inc, ...",0
2018-03-13,Road To Financial Independence: My February 88-Stock Portfolio Review With Big Apple Purchase,0
2017-12-15,"My Journey To Financial Independence: 86-Stock November Portfolio Update - Buying Apple, AbbVie And BMW",0
2019-06-02,"Apple's WWDC, DuPont's Return And Tariff Anxiety (Stocks To Watch Podcast)",0
2019-06-01,"Stocks To Watch: Apple's WWDC, DuPont's Return And Tariff Anxiety",0
2019-06-02,"Apple's WWDC, DuPont's Return And Tariff Anxiety (Stocks To Watch Podcast)",0
2019-06-01,"Stocks To Watch: Apple's WWDC, DuPont's Return And Tariff Anxiety",0
2017-12-18,"Bulls Charge Higher; Apple, Financial Stock Try For Breakouts",1
2017-10-19,"Apple Weighs On Nasdaq, But Dow Nearly Flat; Time To Sell These 2 Leaders?",-1
2017-06-19,Technology Stocks Surge; Apple Leads Broad-Based Advance,1
2015-10-15,"The Zacks Analyst Blog Highlights: Control4, Alphabet, Apple, IBM and Amazon.com",0
2014-01-17,"Two Hot Stocks Face Competition From Google, Apple",0
2015-03-30,"China Hopes, News Propel Apple, Dow Stocks Higher",1
2015-03-30,"Stocks Roll Out Healthy Start; JPMorgan, Apple, Gentherm Climb",1
2012-08-27,"Nasdaq Rises Slightly On Apple; S&P 500, Dow Fall Modestly",0
2019-05-16,"Cumberland Partners Ltd Buys Apple Inc, TJX Inc, Cognizant Technology Solutions Corp, Sells CGI ...",0
2019-05-02,"Flossbach von Storch AG Zurich Buys Apple Inc, Sells Berkshire Hathaway Inc, Worldpay Inc, ...",0
2018-10-29,"Bell Asset Management Ltd Buys The Hershey Co, Avery Dennison Corp, Raytheon Co, Sells Apple ...",0
2018-07-19,Apple Leads 5 Stocks Setting Up Breakouts From This Bullish Base,1
2018-05-24,"The No. 1 Stock In The World (Revisited) - Visa And Apple Up, Kinder Morgan And Gilead Down",0
2017-05-02,"Mitsubishi UFJ Securities International PLC Buys Microsoft Corp, Apple Inc, Mondelez ...",0
2017-04-19,"DnB Asset Management AS Buys Intel, Baidu, Facebook, Sells Oracle, Apple, Pfizer",0
2014-01-02,"Stocks Slump In Rising Trade; Garmin, Apple, Cognizant Drop",-1
2011-08-03,"Ford, CBS, Apple: New Targets, Estimates",0
2010-06-04,Forget Apple: Five Tech Stocks Analysts Favor,0
2019-06-02,"Apple's WWDC, DuPont's Return And Tariff Anxiety (Stocks To Watch Podcast)",0
2019-06-01,"Stocks To Watch: Apple's WWDC, DuPont's Return And Tariff Anxiety",0
2016-03-21,"The Monday Morning Kickoff - Apple's Monday Event, Nike's Earnings, More Fed Head Jawboning And Good Friday",0
2020-04-22,"Dow Jones Futures: Coronavirus Stock Market Rally Powers Back; Apple, AMD, Tesla, Intel, Microsoft Near Buy Points, But Watch Out For This",-1
2017-12-27,Citrix Systems (CTXS) Grapples With Cost Woes: Time to Dump?,-1
2017-05-02,"Mitsubishi UFJ Securities International PLC Buys Microsoft Corp, Apple Inc, Mondelez ...",0
2016-11-09,"Apple, Microsoft, Cisco Eye Trump Overseas Cash Tax Plan",0
2016-07-29,"Apple, Facebook, Alphabet, Amazon, Ford, McDonald's Headlined Busy Week",0
2016-07-27,Apple Upgraded; Twitter A 'Loser'; Caterpillar Price Target Hiked,1
2016-07-27,Stocks Rise At Open As Apple Hauls Techs Higher,1
2016-06-09,"Eye On Tech: Apple And Google Bet On App Subscriptions, And Qualcomm Targets Connected Cars",0
2016-05-25,"Eye On Tech: Twitter Redefines 140 Characters, And Apple Reportedly Works On An Echo Rival",0
2016-04-20,"After Hours: Apple, United Air, Citrix, Qualcomm, Las Vegas Sands",0
2016-03-01,Stocks Extend Rally; Apple Retakes Key Support,1
2015-11-19,"Stocks Scrape Out Early Gains; Apple, Vipshop, ConAgra Advance",-1
2015-04-10,Stocks Finish Near Highs; Apple Reverses Higher,1
2015-02-18,"Soros Dumps Apple, Buys China",0
2014-08-25,IPO Stock Watch: MobileIron Up On Apple Speculation,0
2014-07-08,Apple Hits 52-Week High on Growing Anticipation for iWatch - Analyst Blog,1
2013-04-24,Stocks Open Lower In Higher Trade; Apple Down After Earnings,-1
2012-07-25,"Apple, Priceline.com Among Stocks Down on High Volume Wednesday",-1
2019-11-08,"Pinnacle Associates Ltd Buys Apple Inc, Facebook Inc, CME Group Inc, Sells Array BioPharma Inc, ...",0
2019-06-02,"Apple's WWDC, DuPont's Return And Tariff Anxiety (Stocks To Watch Podcast)",0
2019-06-01,"Stocks To Watch: Apple's WWDC, DuPont's Return And Tariff Anxiety",0
2019-06-02,"Apple's WWDC, DuPont's Return And Tariff Anxiety (Stocks To Watch Podcast)",0
2019-06-01,"Stocks To Watch: Apple's WWDC, DuPont's Return And Tariff Anxiety",0
2016-08-23,Apple Wants You To Feel Better,1
2016-07-20,A New Apple Partnership?,0
2016-07-01,Jay Z Sells Out To Apple,0
2016-06-06,3-Way Apple V. Google V. Amazon Voice Assistant Battle Will Drive M&A,0
2016-06-06,"Can Netflix Sway Comcast, Charter With Apple-Type Deal?",0
2015-12-23,Apple Tax Charges 'Total Political Crap',0
2015-12-11,"Apple Gets Bullish Call; GoPro Downgraded, Adobe Hiked",1
2015-10-05,M&A Daily: Paving Way For Apple Car?,0
2015-07-14,Apple Risk Not Cable TV Stock Killer: Analyst,0
2015-04-30,HBO Streaming Good Start With Apple; Overseas Next?,1
2015-04-10,"Tech Rewind: HBONow, Apple Watch Make Debut",0
2015-04-07,HBO Now rolls out via Apple and Cablevision,0
2015-03-20,Tech Rewind: Apple TV Talk Weighs on Cable,-1
2015-03-16,Apple Plans 25-Channel TV Streaming Service: Report,0
2015-03-09,HBO-Apple deal a year in the making; cable partners still a challenge,-1
2014-09-10,"Apple iPhone 6 Bridges 4G, Wi-Fi Calling In Surprise",1
2013-08-22,Apple still working on a script for Apple TV,0
2011-05-18,"Tiger Global Grows Bullish on Netflix, Apple",1
2019-04-24,"Pwmco Llc Buys Apple Inc, Berkshire Hathaway Inc, OceanFirst Financial Corp, Sells Prosperity ...",0
2019-12-02,Apple (AAPL) to Review Policy After Mapping Crimea in Russia,0
2013-10-15,"Selling Picks Up The Pace; Synaptics, Apple Buck The Trend",1
2013-01-24,"Futures A Wide Mix On Earnings; Apple Crumbles, Netflix Streams",0
2012-09-12,Stocks Inch Up In Higher Trade; Apple Up Modestly On iPhone 5,1
2018-07-26,"Nasdaq Pounded But Apple Firm, Blue Chips Strong; These 3 Growth Stocks Hit Sell Signals",1
2019-09-08,"Apple, IPOs And German Auto (Stocks To Watch Podcast)",0
2019-09-07,"Stocks To Watch: Apple, IPOs And German Auto",0
2019-04-18,Apple Has Announced Apple Card Credit Card and More,0
2020-02-06,"Beach Investment Counsel Inc Buys Facebook Inc, Apple Inc, Alphabet Inc, Sells Ameren Corp, ...",0
2019-06-02,"Apple's WWDC, DuPont's Return And Tariff Anxiety (Stocks To Watch Podcast)",0
2019-06-01,"Stocks To Watch: Apple's WWDC, DuPont's Return And Tariff Anxiety",0
2020-05-06,"Appleton Group Wealth Management Llc Buys ProShares UltraShort Dow'…, Sells Schwab U.S. ...",0
2017-04-19,"Kessler Investment Group, LLC Buys Apple, Freeport-McMoRan, Aircastle, Sells Exxon Mobil, ...",0
2017-02-01,"Appleton Group Wealth Management Llc Buys Schwab U.S. REIT, Schwab U.S. ...",0
2017-03-06,Apple Chip Deal?,0
2016-08-30,Stocks Drop Mildly; Investors Yawn At Apple's $14.5 Billion Tax Bill,-1
2020-01-29,"Up-Coming Trends and Demand for Chatbots Market —…—…| Apple, Baidu, Applied Voice & ...",0
2019-05-10,"Rockefeller Capital Management L.P. Buys Apple Inc, TE Connectivity, Covetrus Inc, Sells ...",0
2019-01-03,New Age Beverages and China XD Plastics among consumer gainers; Apple and Fabrinet among losers,0
2019-12-06,"Oakmark Fund Buys Humana Inc, DXC Technology Co, Concho Resources Inc, Sells Apple Inc, Texas ...",0
2019-04-14,"Spotlight On Earnings, Pinterest And Apple-Qualcomm (Stocks To Watch Podcast)",0
2019-04-13,"Stocks To Watch: Spotlight On Earnings, Pinterest And Apple-Qualcomm",0
2019-03-24,Apple Makes Its Video-Streaming Move (Stocks To Watch Podcast),0
2019-03-23,Stocks To Watch: Apple Makes Its Video-Streaming Move,0
2019-01-22,"Top Stock Reports for Apple, PNC Financial & Twitter",0
2018-06-27,IBD Stock Of The Day: 'Apple Of Oil' Nears New Buy Point In Bullish Pattern,1
2017-12-20,This Stock Leads Oil Plays Up; Apple Fine; How Far Will This Bitcoin ETF Fall?,1
2017-10-30,Here's What To Look For In Shale Earnings; 'Apple Of Oil' In Buy Zone,0
2017-07-28,"Apple, Tesla, Shale, Jobs To Dominate The Week: Investing Action Plan",1
2017-04-28,"Apple, Tesla, Facebook, Fed Will Grab Spotlight: Investing Action Plan",0
2016-05-06,"Week In Review: Stocks Tested As Apple, Tesla, Under Armour Sell Off",0
2015-10-06,Illumina Downgraded; Apple Supplier Skyworks PT Cut,-1
2014-07-31,"Your Weekly Review: HDFC, Apple Face Selling Pressure",-1
2012-01-26,"Apple, Baidu, Celgene Boast Top Profit, Sales Growth",1
2012-01-26,"Apple, Baidu, Celgene Boast Top Profit, Sales Growth",1
2019-06-02,"Apple's WWDC, DuPont's Return And Tariff Anxiety (Stocks To Watch Podcast)",0
2019-06-01,"Stocks To Watch: Apple's WWDC, DuPont's Return And Tariff Anxiety",0
2019-06-02,"Apple's WWDC, DuPont's Return And Tariff Anxiety (Stocks To Watch Podcast)",0
2019-06-01,"Stocks To Watch: Apple's WWDC, DuPont's Return And Tariff Anxiety",0
2018-05-09,"Alpine Woods Capital Investors, Llc Buys Franklin Resources Inc, Dr Pepper Snapple Group Inc, ...",0
2019-05-13,"With Apple No Longer An Overhang, Dialog Needs To Build Its Future Business",0
2019-01-16,"Semis, Apple suppliers face tough reports - KeyBanc",-1
2019-01-15,"Dialog Has Managed The Apple Situation Well, But Considerable Uncertainty Remains For What's Next",-1
2019-01-07,"Apple: Regrets, I Had A Few, And Did It My Way",0
2018-11-13,Apple suppliers recover despite Qorvo guide cut,1
2018-11-12,"Apple suppliers drop on Lumentum guide, iPhone target cuts",-1
2018-09-14,"Cypress, Alibaba and Apple highlighted as Zacks Bull and Bear of the Day",0
2018-09-13,"Semi stocks rebound after Apple event, analyst actions, morning news",1
2018-08-22,"Apple Roundup: Berkshire, $2 Trillion, Teen Hacks, FaceTime",0
2018-08-14,"The Zacks Analyst Blog Highlights: Microsoft, Apple, Mellanox, Vishay and Cypress",0
2018-08-01,"Own Apple, Don't Trade It - Cramer's Mad Money (7/31/18)",0
2018-05-02,"Apple iPhone Demand Isn't Great, But iPhone Strategy Is",1
2018-04-02,"Chips, Apple suppliers drop on Intel news",-1
2017-11-06,Chip Winners Identified In Apple iPhone X Teardowns,1
2017-09-29,"Nasdaq Leads Stocks Up; Will Alphabet, Apple, Cypress, Nvidia Rally Big In Q4?",1
2017-09-13,These Chip Stocks Seen Benefiting From New Apple iPhones,1
2017-07-26,Will Apple (AAPL) Set Up Manufacturing Plants in the U.S.?,0
2017-07-19,Apple Appoints Isabel Ge Mahe as MD of China Operations,0
2017-07-13,Will Apple iPhone 8 Launch be Delayed Due to Tech Issues?,-1
2017-07-06,Apple's (AAPL) iPhone to Unlock with Facial Recognition?,1
2017-03-03,Apple iPhone 8 To Feature 'Lightning'-Fast Charging,1
2016-07-18,"Apple Suppliers Intel, Broadcom, Qualcomm ARM Up With 'Hoard Of Cash'",0
2016-06-09,"Eye On Tech: Apple And Google Bet On App Subscriptions, And Qualcomm Targets Connected Cars",0
2016-06-06,MaxLinear Deal With Apple Supplier Broadcom Advances $1 Bil Quest,0
2016-06-06,Apple Supplier Broadcom 'Pooling' M&A Capital; Stock Hits Buy Zone,1
2016-06-03,Apple Recovery 'Imminent' As Broadcom Guides iPhone 7 Content Up,1
2016-05-28,Apple iPhone Supplier Broadcom Opens Its M&A Maw; Is Xilinx Next?,0
2016-05-28,Apple Chipmakers As iPhone Slows: Will Tesla CEO Musk Save Them?,-1
2015-12-30,Bold Bets For 2016 - From Apple To Icahn,0
2015-12-11,Tsinghua Has $47B To Crush Apple Supplier Qualcomm,0
2015-07-22,Chip stocks down sharply following Apple/ARM/Linear's Q2 reports,-1
2015-05-27,"Avago Soars On Apple iPhone, But Storage May Hurt Q2",-1
2018-04-02,"Chips, Apple suppliers drop on Intel news",-1
2019-07-15,"Dow Jones, Nasdaq Mark Record Highs As Apple Stock Gains",1
2018-09-27,"Tech Stocks Advance On Amazon, Apple Price-Target Hikes",0
2018-07-11,"Intel Roundup: Downgraded, CEO Search, Baidu Win, Apple Loss",-1
2016-09-15,"Apple, Aerie PTs Hiked; Broadcom, Ford Targets Trimmed",1
2016-09-13,"Acacia, Ambarella, Apple, Facebook Lead Wednesday's Investing Plan",0
2016-09-11,"Stocks To Watch: Facebook Tests Buy Zone, Apple Action Is Notable",1
2016-09-08,"Stocks Stay In Red As Sharp Apple Drop Weighs On Dow, Nasdaq",-1
2016-09-02,"Chevron, Exxon, Apple Lead Dow As Stock Indexes Hold Moderate Gains",1
2016-08-11,"Apple, CyberArk PTs Hiked; Kors PT Cut; Shake Shack Upgraded",0
2016-07-05,"Apple Chip Suppliers, Netflix Downgraded; Mobileye, CyberArk Buys",-1
2016-05-27,"Eye On Tech: Apple M&A Speculation Grows, And Google Triumphs Against Oracle",0
2016-02-08,"LinkedIn, Tableau Specter Haunts Apple Chips, Security Stocks",0
2015-12-03,Apple Supplier Avago PT Raised; Square Starts At Buy,1
2015-12-03,"Apple Supplier Avago, Palo Alto Networks PTs Raised",1
2015-09-25,Apple Chip Supplier ARM Started At Buy; Nike PT Upped,1
2015-09-23,3 Cybersecurity Stock Picks on Apple Breach,0
2015-09-21,"Apple Gains On Electric Car News; Hillary Sinks Biotech, Drug Stocks",1
2015-09-21,"Apple PT Hiked; CyberArk, Lululemon Get Upgrades",0
2015-09-16,"Pentagon Calls For Tech Focus, Touts Apple Siri Role",0
2015-08-20,Apple Falls On China Woes; Ross Sinks After Hours,0
2015-08-11,Stocks Slump In Higher Volume; China Devaluation Bad News For Apple,-1
2015-08-10,"Stocks End With Solid Gains; Apple, Caterpillar Pump Up The Dow",1
2015-08-10,"Stocks Open Up In Mixed Trade; Apple, Boeing, CyberArk Climb",0
2015-08-07,Apple Suppliers Hit But Funds Add These Chip Stocks,0
2015-06-29,"Greece Sends Stock Futures Lower; Apple, Google, Boeing, Macy's Slide",0
2015-05-29,Stock Indexes Take A Step Back; Is Apple About To Offer Entry?,0
2015-05-07,Stocks Hang On To Solid Gains; Apple Suppliers Ramp Higher,1
2015-02-12,"Apple At New High, Nasdaq Poised To Test Bubble Peak",1
2016-07-07,"First Eagle Investment Is Acquiring Apple, Amazon",0
2017-01-12,Wall Street Breakfast: Apple Sets Its Sights On Hollywood,0
2015-02-05,Major hospitals evaluating Apple's HealthKit service,0
2011-04-12,"Apple, Endo Pharma: New Targets, Estimates",0
2015-07-27,Apple Back to School Offer: Free Beats Headphones with Mac - Analyst Blog,0
2012-08-27,"Apple, Dollar Thrifty Automotive Group Among Stocks Setting 52-Week Highs Monday",0
2011-06-28,"Apple, DuPont: New Targets, Estimates",0
2011-01-03,"Apple: Analysts' New Targets, Estimates",0
2012-12-14,Stocks Socked Despite Upbeat China Numbers; Apple Falls,-1
2018-03-13,Road To Financial Independence: My February 88-Stock Portfolio Review With Big Apple Purchase,0
2017-12-15,"My Journey To Financial Independence: 86-Stock November Portfolio Update - Buying Apple, AbbVie And BMW",0
2020-05-12,"Farr Miller & Washington Llc Buys Mondelez International Inc, Apple Inc, Starbucks Corp, ...",0
2020-02-11,"Taylor Hoffman Wealth Management Buys Apple Inc, Dominion Energy Inc, The Walt Disney Co",0
2019-11-04,Swapping Apple For Apple - October Dividend Portfolio Update,0
2019-10-09,"Old North State Trust, LLC Buys iShares Core –-5 Year USD Bond ETF, BB&T Corp, Apple Inc, ...",0
2019-03-24,Apple Makes Its Video-Streaming Move (Stocks To Watch Podcast),0
2019-03-23,Stocks To Watch: Apple Makes Its Video-Streaming Move,0
2018-12-26,"The Zacks Analyst Blog Highlights: Apple, Microsoft, Mastercard, Sanofi and Dominion Energy",0
2018-09-12,Wall Street Breakfast: Big Display At Apple Product Event,0
2018-03-13,Road To Financial Independence: My February 88-Stock Portfolio Review With Big Apple Purchase,0
2018-01-10,"Stocks Cut Losses, Bitcoin ETF Down Again; Will Apple Break Out?",-1
2018-01-03,"Nasdaq Leads, This Bitcoin ETF Holds Firm; Can Apple Stock Double Again?",1
2017-12-15,"My Journey To Financial Independence: 86-Stock November Portfolio Update - Buying Apple, AbbVie And BMW",0
2016-08-21,"My Portfolio Update And Review Of 83 Stocks: Up 2 With Reynolds And Exelon, Down 1 With Apple",0
2015-06-04,Apple Will Not Dominate Car Infotainment - Cramer's Mad Money (6/3/15),0
2020-02-14,"RBF Capital, LLC Buys Danaos Corp, Apple Inc, Acuity Brands Inc, Sells PG&E Corp, Capital ...",0
2019-04-28,"Eyes On Apple, Uber, F8 And Avengers (Stocks To Watch Podcast)",0
2019-04-27,"Stocks To Watch: Eyes On Apple, Uber, F8 And Avengers",0
2019-04-27,"Stocks To Watch: Eyes On Apple, Uber, F8 And Avengers",0
2019-07-28,"Headliners Include Apple, Beyond Meat And IBM (Stocks To Watch Podcast)",0
2019-07-27,"Stocks To Watch: Headliners Include Apple, Beyond Meat And IBM",0
2018-03-24,Stocks To Watch: Back To School For Apple,0
2015-10-02,Apple: Unbundling To Drive Ecosystem Penetration,0
2012-04-09,Can the Bears Get to Apple?,0
2012-04-09,Can the Bears Get to Apple?,0
2018-11-30,"New Research Coverage Highlights Omeros, Apple, Bio-Rad Laboratories, Cott, Darling ...",0
2019-02-01,"Apple: Together We Fell, Together We'll Rise",0
2018-05-02,"Dow Jones Futures: Tesla, Apple Rival Spotify, Square Fall, But Tableau Set For Breakout",0
2018-03-13,Road To Financial Independence: My February 88-Stock Portfolio Review With Big Apple Purchase,0
2017-12-15,"My Journey To Financial Independence: 86-Stock November Portfolio Update - Buying Apple, AbbVie And BMW",0
2017-05-03,Stocks Point Up: Facebook Falls; Musk's 'Delusional' Tesla-Apple Vision,0
2017-02-02,"Stanford Investment Group, Inc. Buys iShares Core MSCI EAFE, Apple, Facebook, Sells Cepheid, ...",0
2016-11-16,Apple Nears Buy Point As Most FANG Stocks Rise Modestly,1
2016-08-23,Peak Pokémon; Apple iPhone Pro?; Tesla's Surprise Announcement - Eye On Tech,1
2016-08-03,Shopify Stock Rises On Q2 Beat; Apple Pay Support Set,1
2016-06-24,"Apple, Facebook, Palo Alto: Tech Stocks To Buy After Brexit Deluge",1
2016-02-08,"LinkedIn, Tableau Specter Haunts Apple Chips, Security Stocks",0
2016-01-12,"Apple Future Bright In Enterprise, Says Goldman Sachs",1
2015-12-30,Apple Tops List As Best Technology Stock For 2016,0
2015-05-07,Stocks Hang On To Solid Gains; Apple Suppliers Ramp Higher,1
2015-01-21,Apple Snaps Up Big Data Startup In Music Push,1
2016-05-13,Apple Challenges Uber For The Future Of Driving,-1
2018-10-15,"Tech lunch break: Netflix, Apple lead back down",-1
2012-02-13,"Stocks Finish Higher on Apple Gains, Greek Optimism",1
2012-02-13,"Stocks to Watch: Apple, GE (Update 1)",0
2012-02-13,"Stocks to Watch: Apple, Vodafone, Diebold",0
2019-06-02,"Apple's WWDC, DuPont's Return And Tariff Anxiety (Stocks To Watch Podcast)",0
2019-06-01,"Stocks To Watch: Apple's WWDC, DuPont's Return And Tariff Anxiety",0
2013-09-30,Apple's new iPhone sales more front-end loaded than usual,-1
2013-09-23,"Apple Jumps On iPhone Sales, Upbeat Revenue Outlook",1
2013-09-11,Apple Stock Sinks On iPhone Disappointments,-1
2017-02-17,"Laffer Investments Buys Schlumberger, Medtronic PLC, Union Pacific, Sells Apple, Exxon Mobil, ...",0
2020-05-13,"Mayo Investment Advisers Llc Buys The Mosaic Co, Sells Apple Inc, United Airlines Holdings Inc, ...",0
2020-05-12,"Mrj Capital Inc Buys Eaton Corp PLC, Sells Apple Inc, JPMorgan Chase, Aon PLC",0
2020-05-08,"BRYN MAWR TRUST Co Buys JPMorgan Ultra-Short Income, Apple Inc, Truist Financial Corp, Sells ...",0
2020-05-07,"Klingenstein Fields & Co Llc Buys Fortive Corp, Apple Inc, Intuitive Surgical Inc, Sells ...",0
2020-04-07,"CHICAGO TRUST Co NA Buys Apple Inc, Schlumberger, Canadian National Railway Co, Sells National ...",0
2019-11-07,"TDAM USA Inc. Buys Phillips 66, DuPont de Nemours Inc, Agilent Technologies Inc, Sells Apple ...",0
2017-11-03,Apple's Earnings Help Stocks Gain on Friday,1
2017-07-18,"Community Bank of Raymore Buys General Electric Co, Apple Hospitality REIT Inc, E.I. ...",0
2017-06-19,Technology Stocks Surge; Apple Leads Broad-Based Advance,1
2017-05-08,"Nasdaq, S&P 500 Fight To Positive Finish; Apple Seizes New High",1
2017-05-08,Stocks Extend Losses But Apple Powers Ahead To Fresh High,1
2017-05-03,Apple Q2 Earnings Send Stocks Lower; Fed Rate Decision Looms,-1
2017-04-14,"Community Bank of Raymore Buys General Electric Co, AT&T, Apple Hospitality REIT, Sells ...",0
2017-03-15,"Stocks Up Ahead Of Fed As Apple, Nike Lift Dow; Will Apple Form New Base?",1
2017-02-13,Stocks Open Higher; Goldman Likes Apple; Allergan Buys Zeltiq,1
2017-01-24,Apple Making America Great Again?,1
2017-01-09,"Nasdaq Reaches New High; Apple Breaks Out, Nvidia Soars",0
2016-10-26,Don't Trade Apple - Cramer's Mad Money (10/25/16),0
2016-07-29,"Apple, Facebook, Alphabet, Amazon, Ford, McDonald's Headlined Busy Week",0
2016-07-26,Dow Drags As McDonald's Misses; Apple Earnings After The Close,-1
2016-07-20,A New Apple Partnership?,0
2016-04-26,Stocks Mixed Ahead Of Fed; Apple Gets Whacked,-1
2016-04-26,Stocks Quiet Ahead Of Fed; Apple Tests Support,1
2016-02-17,"Top Funds Reshuffle Apple, Facebook, Northrop Stock In Q4 Moves",0
2016-01-26,Can Stocks Recover From Early Week Slide? Apple Could Set Tone,0
2015-12-14,"Stock Futures Dig Moderate Losses; Apple Stumbles, Jarden Leaps",-1
2015-12-11,"Stocks Routed As Oil Prices Sink; Apple Falls, But Adobe Rallies",-1
2015-12-10,"Stocks: Weak Open, Thin Gains; LendingTree, Chipotle, Apple Up",-1
2015-12-09,Apple Falls On TV Delay Reports; Stocks Sell Off For 3rd Session,0
2015-10-08,"Stocks Slip Before Fed Minutes; Domino's, eBay, Apple Slide",0
2019-09-18,Is Apple's Latest Corning Funding Related to Foldable Glass?,0
2018-08-01,"Wall Street Breakfast: Fed, Apple, Tariffs",0
2016-05-13,"Week In Review: Apple, Macy's, Walt Disney Signal Consumer Slowdown",-1
2013-05-06,"Stocks Start The Week Mixed; Apple, Nationstar Rising",0
2012-10-31,"RadioShack (RSH) and SUPERVALU (SVU) Beat Apple (AAPL) In This Important Metric (TSCO, DG, DDS, AAP & AZO)",1
2020-02-26,"The Zacks Analyst Blog Highlights: Burlington Stores, Chipotle Mexican Grill, Apple, Chevron and Deckers Outdoor",0
2019-03-27,"Decker, Halliburton, Netflix, Amazon and Apple highlighted as Zacks Bull and Bear of the Day",0
2014-11-17,Apple iPhone 6 could be Grinch for apparel retailers,-1
2012-03-07,"Zacks Bull and Bear of the Day Highlights: Apple, AGL Resources, Skechers USA, Deckers Outdoor and Nike - Press Releases",0
2010-06-10,"Cramer's Stop Trading!: Apple, Citi, Google",0
2019-09-08,"Apple, IPOs And German Auto (Stocks To Watch Podcast)",0
2019-09-07,"Stocks To Watch: Apple, IPOs And German Auto",0
2012-05-31,DineEquity to Divest 33 Applebee's - Analyst Blog,0
2011-06-02,DineEquity to Offload 66 Applebee's - Analyst Blog,0
2020-02-13,Crown Royal Regal Apple Partners with Joe Freshgoods as Creative Director to Curate The Royal ...,0
2019-12-06,Crown Royal Regal Apple Unveils The Royal Court At Miami Art Week,0
2016-08-21,"My Portfolio Update And Review Of 83 Stocks: Up 2 With Reynolds And Exelon, Down 1 With Apple",0
2012-09-13,"Appleton Rum Gets New Owner With Big Plans (DVDCY, BEAM, DEO, PDRDY)",0
2012-04-27,Life Without Apple Is Still Peachy for Some Fund Managers,-1
2016-09-21,Presenting Apple's First Car,0
2016-08-23,Apple Wants You To Feel Better,1
2016-05-26,Apple's Next Moves? Hints From M&A Talks,0
2016-05-13,Apple Challenges Uber For The Future Of Driving,-1
2016-04-14,"After Hours: Apple App Store Changes, Valeant Mulls Options, BATS IPO",0
2017-06-06,"Radiant Logistics, Dean Foods, Microsoft, Apple and Amazon highlighted as Zacks Bull and Bear of the Day",0
2016-05-26,Apple's Next Moves? Hints From M&A Talks,0
2012-10-26,"Stocks to Watch: Apple, Amazon, Merck",0
2012-10-26,"Stocks to Watch: Apple, Amazon, Merck",0
2012-02-15,Dow Logged Worst Decline of the Year; Apple Sharp Reversal,-1
2012-02-15,"Apple Rumors, Greece Halt Rally: Dave's Daily",0
2011-08-05,"AIG, Kraft, GM, Apple: New Targets, Estimates",0
2017-07-25,"Stocks Mixed; Apple, Top Techs Still In Reach With These 2 Plays",0
2019-09-15,"Houthis Cut Saudi Oil Supply, Who Wins? Hint: Not E&P Oil Names. Fintech Firesale, And Goldman Spoils Apple",0
2019-09-09,The Apple Card: It 'Just Works',0
2019-08-23,A Valuation Analysis Of Apple Card,0
2019-03-29,What Does The New Services Mean For Apple?,0
2019-03-26,Mastercard sees banks following Apple with numberless cards,0
2018-05-09,"Alpine Woods Capital Investors, Llc Buys Franklin Resources Inc, Dr Pepper Snapple Group Inc, ...",0
2017-02-07,"M&r Capital Management Inc Buys Broadcom, Apple, SPDR S&P Regional Banking, Sells Time ...",0
2016-07-15,"Visa, MasterCard -- Like Apple, Google -- Scuttle Digital Crooks",0
2016-06-17,"Week In Review: Fed Off The Table, Microsoft Buys LinkedIn, Apple WWDC, Net Neutrality, E3",0
2016-02-11,Why Apple Pay Is Not a Threat to PayPal,0
2016-01-11,Apple Upgraded To Buy; Under Armour Downgraded,1
2015-06-26,Apple Pay Taps Rewards; Google A White Knight?,1
2015-06-25,"Apple Watch Cost, Lack Of Apps, Hinder Adoption",-1
2015-04-29,Best Buy Adopts Apple Pay: A Setback for MCX CurrentC? - Analyst Blog,0
2015-04-27,Apple Pay coming to Discover card,0
2014-11-21,"The Electronic Payment Wave: Apple Pay, PayPal, Alipay",0
2014-09-10,Will Apple Pay Brighten Outlook for Credit Card Processors? - Analyst Blog,1
2012-11-15,"Stocks Down, Volume Rises; Apple Falls To 6-Month Low",1
2012-08-27,"Apple, Dollar Thrifty Automotive Group Among Stocks Setting 52-Week Highs Monday",0
2016-04-01,"How Apple, Amazon, Microsoft Figure Into Fast-Changing REIT Markets",0
2018-07-13,Energy Recap: Apple Launches Clean Energy Fund In China,0
2018-04-13,Energy Recap: Apple Comes Clean?,1
2016-10-26,Stocks Pare Losses; Apple Weighs On Nasdaq As Medical Sector Tumbles,-1
2014-11-03,"Apple, Alibaba Lead 5 Stocks Bolting To New Highs",0
2020-05-01,"Robertson Stephens Wealth Management, LLC Buys Adaptive Biotechnologies Corp, Apple Inc, ...",0
2018-02-05,"Apple, Microsoft Among Leading Dividend Stock Plays",1
2017-12-22,"Like Apple, Microsoft, Big Dividends? Try These Smart Beta ETFs",0
2017-09-12,"Like Apple, This Market-Beating Dividend Play Is In Buy Range",1
2015-07-22,ETFs in Spotlight after Apple and Microsoft Earnings - ETF News And Commentary,0
2015-05-19,What Do Dividend Hikes By Apple And Exxon Mean For The Market?,0
2014-07-23,ETFs to Watch on Apple Earnings Beat and Microsoft Miss - ETF News And Commentary,-1
2019-09-08,"Apple, IPOs And German Auto (Stocks To Watch Podcast)",0
2019-09-07,"Stocks To Watch: Apple, IPOs And German Auto",0
2015-10-20,"Zacks Investment Ideas feature highlights: Accenture, Quest Diagnostics, Dr Pepper Snapple, Gentex and Target",0
2012-03-12,"The Zacks Analyst Blog Highlights: Google, Apple, eBay, Laboratory Corporation of America Holdings, Quest Diagnostics - Press Releases",0
2020-02-12,"Cypress Funds Llc Buys Mastercard Inc, Apple Inc, D.R. ...",0
2020-02-12,"Oakmont Corp Buys Apple Inc, D.R. Horton Inc, Liberty Oilfield Services Inc, Sells Cisco ...",0
2020-01-28,"Thinking about trading options or stock in Apple, Ball Corp, D. R. Horton, Microsoft, or Tesla?",0
2019-11-12,"HAP Trading, LLC Buys Humana Inc, VanEck Vectors Gold Miners ETF, Anthem Inc, Sells Apple Inc, ...",0
2019-09-08,"Apple, IPOs And German Auto (Stocks To Watch Podcast)",0
2019-09-07,"Stocks To Watch: Apple, IPOs And German Auto",0
2019-07-31,Dow Jones Loses Early Lead But Apple Breakout Intact; Stock Market Awaits Fed Decision,-1
2017-09-12,Indexes Pare Gains As Apple Shares Reverse Lower After Product Announcements,1
2017-07-25,2 Positives As Apple Nears Buy Point; Facebook Earnings On Tap,1
2017-07-17,Tech Stocks Up As Russell 2000 Leads; Apple Flashed This Bullish Buy Signal,1
2017-06-14,"Stocks Fall On Rate Hike, Apple Down; Can This Group Supply New Buy Points?",-1
2017-04-20,Stocks Rally On Earnings; Starbucks Breaks Out; Why Apple Is On The Move,1
2017-04-11,"Stocks Pare Losses As Apple Suppliers Sink, But Homebuilders Rally",-1
2017-01-24,"Stocks Up Again, Growth Stocks Shine; Apple Shrugs Off Downgrade",1
2016-09-29,"Apple Loses Top Pick Status; Fitbit, Intra-Cellular Downgraded",-1
2020-05-04,"Appleton Partners Inc Buys Danaher Corp, Brookfield Asset Management Inc, Americold Realty ...",0
2020-05-01,"Bull Street Advisors, LLC Buys Microsoft Corp, Apple Inc, Danaher Corp, Sells Dow Inc, Bank of ...",0
2018-04-12,"The Zacks Analyst Blog Highlights: NextEra, Danaher, Biogen, Facebook and Apple",0
2016-09-09,"Week In Review: Apple iPhone 7 Doesn't Wow, Cheap Food Slams Grocers",0
2016-09-06,Indexes Nearly Flat; China Names Rise; Apple Up Ahead Of iPhone Event,1
2016-05-02,Dr Pepper Snapple Group: Is The Past Growth And Total Return Overpriced ?,0
2011-07-06,"Apple, Citigroup: New Targets, Estimates",0
2010-12-13,"Fund Tops Charts Without Apple, Salesforce",0
2019-11-04,Swapping Apple For Apple - October Dividend Portfolio Update,0
2018-03-13,Road To Financial Independence: My February 88-Stock Portfolio Review With Big Apple Purchase,0
2017-12-15,"My Journey To Financial Independence: 86-Stock November Portfolio Update - Buying Apple, AbbVie And BMW",0
2015-02-21,"S&P 500 Weekly Earnings Update: Ex-Apple And Energy, Q4 2014 Earnings Grow 4%-4.5%",1
2019-10-31,Postmates adds Applebee's and IHOP to the menu,0
2019-08-27,"GRUB deepens Applebee's, IHOP partnership",0
2019-08-14,Applebee's goes national with delivery,0
2019-02-26,IBD 50 Stocks To Watch: Applebee's Parent Is In Buy Range,1
2018-05-25,Applebee's franchisee to close stores,0
2018-03-08,Portfolio Sale: Applebee's Owner Dine Brands,0
2017-12-12,DineEquity opens first Applebee's in Panama,0
2017-08-11,It's not just Applebee's; other restaurants are closing shop too,0
2017-08-11,DineEquity (DIN) Announces Plan to Close 160 Applebee's and IHOP Restaurants,0
2016-12-17,Pressure at Applebee's seen sending DineEquity lower,-1
2016-11-01,DineEquity calls Applebee's improvement a 'top priority',1
2016-05-20,DineEquity's Applebee's Turnaround Is Too Costly,-1
2016-05-05,DineEquity lower after Applebee's underwhelms,-1
2015-11-29,"Post Q3 Earnings, Can Julia Stewart Successfully Turn Around Applebee's Fading Fortunes?",-1
2015-08-20,DineEquity's Applebee's Launches All-Day Brunch Burger,0
2015-07-21,Applebee's to Offer Free Food Today for its 35-year Anniversary - Stocks in the News,0
2015-02-23,Global growth to be stepped up at IHOP and Applebee's,0
2014-12-17,Dr. Pepper Snapple (DPS) & DineEquity (DIN): This Week's Growth & Income Stocks - Video Blog,0
2012-05-31,DineEquity to Divest 33 Applebee's - Analyst Blog,0
2011-10-14,Applebee's franchisee Scoops up 40 Restaurants,0
2011-06-02,DineEquity to Offload 66 Applebee's - Analyst Blog,0
2010-11-11,"Applebee's, Activision Blizzard: Hot Trends",0
2019-12-12,Top Stocks Breaking Out To New Highs Include Key Apple Supplier,0
2018-12-04,"Apple suppliers, chips drop on Cirrus cut",0
2018-11-14,"The Zacks Analyst Blog Highlights: Apple, Diodes, Himax, ACM and Park City",0
2018-11-13,Apple suppliers recover despite Qorvo guide cut,1
2018-11-12,"Apple suppliers drop on Lumentum guide, iPhone target cuts",-1
2018-09-19,"Apple Roundup: iPhones, Watch, China",0
2011-07-13,"Apple, Electronic Arts: New Targets, Estimates",0
2010-06-04,Forget Apple: Five Tech Stocks Analysts Favor,0
2020-05-13,"Berkshire Asset Management Llc Buys Southwest Airlines Co, Apple Inc, The Walt Disney Co, Sells ...",0
2020-05-12,"Nelson Roberts Investment Advisors, LLC Buys Apple Inc, GlaxoSmithKline PLC, DocuSign Inc, ...",0
2020-05-11,"Cadence Bank Na Buys Apple Inc, Truist Financial Corp, Costco Wholesale Corp, Sells Johnson ...",0
2020-05-06,"Dow Jones Lower As Payroll Drop Weighs; Are Apple, Microsoft Still In Buy Zone?",-1
2020-05-05,"Dow Jones Gets A Boost From Apple, Microsoft, Chevron As Economies Reopen",1
2020-05-05,"Dow Jones Jumps 400 Points; Microsoft, Apple In Buy Range As Coronavirus Stock Market Rally Strengthens",1
2020-05-04,"Dow Jones Futures Lower With Apple, Microsoft In Buy Range In Current Stock Market Rally; Chegg Soars 16% On Earnings",-1
2020-05-04,"Dow Jones Falls 350 Points On Rising U.S.-China Tensions; Disney, Boeing Tumble, While Apple Tests New Buy Point",-1
2020-04-30,"Dow Jones Down 400 Points As Jobless Claims Top 30 Million, Is Apple A Buy?",-1
2020-04-29,"The Zacks Analyst Blog Highlights: AT&T, Apple, Netflix, Walt Disney and Amazon.com",0
2020-04-27,"Big Tech's First Coronavirus Earnings Test: Buy Apple, Amazon or Microsoft Stock?",1
2020-04-27,"Thinking about trading stocks or options in Apple, Axsome Therapeutics, Walt Disney, Royal ...",0
2020-04-22,"Ingalls & Snyder Llc Buys Apple Inc, Berkshire Hathaway Inc, Abbott Laboratories, Sells ...",0
2020-04-17,"The Zacks Analyst Blog Highlights: Apple, Intel, Walt Disney, Alphabet and QUALCOMM",0
2020-04-09,Apple At A 'Fork In The Road' As Disney+ Reports 50M Subscribers,0
2020-02-17,"Westwood Holdings Group Inc Buys L'Harris Technologies Inc, Apple Inc, The Walt Disney Co, ...",0
2020-02-17,"H—o Am Llp Buys The Walt Disney Co, Tiffany, Uber Technologies Inc, Sells Apple Inc, ...",0
2020-02-13,"Bank Of Hawaii Buys Apple Inc, Akamai Technologies Inc, Lam Research Corp, Sells iShares Core ...",0
2020-02-13,"WASHINGTON TRUST Co Buys Apple Inc, Visa Inc, ResMed Inc, Sells S&P Global Inc, Berkshire ...",0
2020-02-11,"Taylor Hoffman Wealth Management Buys Apple Inc, Dominion Energy Inc, The Walt Disney Co",0
2020-02-04,"Dow Jones Soars 450 Points, Led By Microsoft, Nike, Apple; Disney Rallies Ahead Of Earnings",1
2020-02-03,"The Zacks Analyst Blog Highlights: Walt Disney Company, NIKE, Yum China and Apple",0
2020-01-28,"Cornerstone Wealth Group, LLC Buys Apple Inc, VanEck Vectors ETF Trust - VanEck Vectors ...",0
2020-01-22,"Buy Apple Stock Before Q1 Earnings on Services, AirPods & iPhone Growth?",1
2020-01-21,"Inphi, iRobot, Netflix, Disney and Apple highlighted as Zacks Bull and Bear of the Day",0
2020-01-20,Apple Welcomes Julia Louis-Dreyfus to TV+ Streaming Projects,0
2020-01-14,Tech Daily Roundup: Apple Protection & More,0
2020-01-06,"Dow Jones Under Pressure But Trims Losses As Apple, McDonald's Stocks Rise",-1
2020-01-05,"Bulls And Bears Of The Week: Apple, Disney, Starbucks, Tiffany And More",0
2019-12-30,"Dow Jones Industrial Average Drops, As Apple, Disney Weigh; Tesla Skids More Than 4%",-1
2019-12-18,"The Zacks Analyst Blog Highlights: Apple, Spotify, Netflix, Disney and Comcast",0
2019-12-13,"The Zacks Analyst Blog Highlights: Netflix, Disney, Apple and Amazon",0
2019-12-12,Netflix's Streaming Dominance Challenged by Disney & Apple,-1
2019-12-11,"The Zacks Analyst Blog Highlights: Netflix, Apple, Amazon and Disney",0
2019-12-11,"The Zacks Analyst Blog Highlights: Apple, Netflix, AT&T, Disney and Amazon",0
2019-12-09,"Dow Jones, Apple Stock Fall Ahead Of China Tariff Deadline",0
2019-12-05,"Dow Jones Led By Gains From Nike, Apple; Stocks Defy Trump Impeachment News",1
2019-12-04,"Thinking about trading options or stock in Apple, Alibaba, Bank of America, Walt Disney, or NVIDIA?",0
2019-11-29,"Zacks Value Trader Highlights: Apple, Disney, Home Depot, UnitedHealth and Union Pacific",0
2020-05-08,"Sustainable Insight Capital Management, LLC Buys Apple Inc, Eli Lilly and Co, Truist Financial ...",0
2018-09-08,"Stocks To Watch: Apple Event, Chinese Auto IPO To Headline",0
2017-07-31,"Dow Gets Another Lift, But Amazon, Tesla, Apple Weigh On Nasdaq",1
2017-05-05,"Tesco Pension Investment Ltd Buys American Express Co, Apple Inc, PPG Industries Inc, Sells ...",0
2016-11-10,"John Malone Talks Up Apple Buy Of Disney, Likes AT&T Strategy",0
2015-11-30,"Apple TV service has odds stacked against it, UBS says",0
2015-10-16,"Comcast, Maybe Apple, Aim To Get Skinny TV Right",0
2015-09-17,"Apple May Replace Cable, Won't Be Regulated Like It",0
2015-09-10,"CBS Stock Upgraded, 'Must Have' For Apple Web TV?",1
2015-08-18,What channels on Apple TV?,0
2015-08-18,Apple Web TV: How many cable channels will make the cut?,0
2015-02-05,Apple in talks with TV programmers for Internet service,0
2015-01-12,"Apple, Google Could Be Hurt By Weaker Euro, Yen",-1
2014-01-13,"Stocks Mixed As Nasdaq Reverses; Apple, Netflix, Juniper Rising",0
2013-12-24,"Apple needs big new product to drive stock price, analyst says",0
2013-08-02,Apple makes a big fat target for comedians,0
2012-04-05,"Apple, Visa, Other Stocks Hit 52-Week Highs Thursday",0
2010-10-01,Dumbest of This Week's 5 Dumbest: Apple's iPad Destruction Double Standard,0
2018-11-09,"Robert Olstein Sells Stericycle, Trims Apple",0
2014-11-14,"Wallace Weitz Buys Discovery Communications, Sells Apple in Q3",0
2012-04-27,Life Without Apple Is Still Peachy for Some Fund Managers,-1
2012-04-27,Life Without Apple Is Still Peachy for Some Fund Managers,-1
2020-05-12,"Key Square Capital Management LLC Buys Microsoft Corp, Facebook Inc, Apple Inc, Sells XP Inc, ...",0
2019-07-28,"Headliners Include Apple, Beyond Meat And IBM (Stocks To Watch Podcast)",0
2019-07-27,"Stocks To Watch: Headliners Include Apple, Beyond Meat And IBM",0
2019-04-28,"Eyes On Apple, Uber, F8 And Avengers (Stocks To Watch Podcast)",0
2019-04-27,"Stocks To Watch: Eyes On Apple, Uber, F8 And Avengers",0
2019-04-27,"Stocks To Watch: Eyes On Apple, Uber, F8 And Avengers",0
2017-12-08,"The Zacks Analyst Blog Highlights: Alphabet, Amazon.com, Apple, Netflix and DISH Network",0
2017-07-13,"Telecom Stock Roundup: Qualcomm - Apple Patent Dispute Intensifies, T-Mobile US Hikes Unlimited Data Price",-1
2017-01-23,Qualcomm Downgraded After Apple Suit; Verizon Downgraded; Dish Upgraded,-1
2017-01-17,AT&T Streaming Foray Hits Snag; Did Apple Avoid Black Eye?,-1
2016-12-22,Apple's Secret Weapon In The Streaming TV Race,0
2016-11-28,AT&T Taps Apple TV In Launching DirecTV Now Streaming-Video Service,0
2016-09-14,Apple's New Hire Signals Tech Giant Serious About Streaming TV Service,-1
2016-06-15,Did Apple Just Tip Its Streaming Media Hand?,0
2016-06-06,"Can Netflix Sway Comcast, Charter With Apple-Type Deal?",0
2016-05-19,Apple Rival Xiaomi Coming To U.S. With Android Set-Top TV Box,0
2016-05-06,"Week In Review: Stocks Tested As Apple, Tesla, Under Armour Sell Off",0
2016-03-09,"Verizon Go90 Off To 'Slow Start,' Says UBS, Based On Apple Store",0
2016-02-19,What Dr. Dre's Apple Series Means For The Streaming Industry,0
2016-02-18,"Don't Expect Stand-Alone ESPN; Skipper Coy About Apple, Amazon",0
2016-01-14,Dish Web TV May Hit 2 Million Mark As Apple Stands By,0
2015-11-30,"Apple TV service has odds stacked against it, UBS says",0
2015-10-16,"Comcast, Maybe Apple, Aim To Get Skinny TV Right",0
2015-10-08,"Dish Spectrum Strategy May Click, But Apple Looms",0
2015-09-17,"Apple May Replace Cable, Won't Be Regulated Like It",0
2015-08-31,Akamai Apple Opportunity? Bulls And Bears Have At It,1
2015-08-18,What channels on Apple TV?,0
2015-08-18,Apple Web TV: How many cable channels will make the cut?,0
2015-06-16,"Apple, AT&T iPhone Shift Seen Ending Subsidized Era",0
2015-05-27,CBS CEO reveals Apple's Internet TV ambitions,0
2015-05-22,Apple TV service faces delay?,-1
2015-05-22,"New Apple music service near, TV service delayed: reports",-1
2015-05-15,Apple TV: Cable Killer Or Premium-Priced Product?,0
2015-05-12,Apple TV Ad Technology Seen Boosting Network Revenue,1
2015-05-05,New Apple TV remote control to feature touch pad,0
2015-04-30,HBO Streaming Good Start With Apple; Overseas Next?,1
2015-04-29,Apple TV 'Best Bet' For Boosting Service Revenue,1
2015-04-28,Wall Street Breakfast: Apple Posts Another Record Quarter,1
2015-04-06,Roku 3 box gets voice search; new Roku 2 matches $69 Apple TV,0
2015-04-02,HBO Exclusive With Apple Showcases Tech-Media Era,0
2015-04-01,Cord-Cutters Don't Need Apple For 'Game of Thrones',0
2015-03-24,Apple TV And Online TV Service Will Be Released This Year,0
2015-03-24,Why Apple TV Is Fighting For Survival,-1
2015-03-24,"Zacks Investment Ideas feature highlights: Apple, Dish Network and Sony - Press Releases",0
2015-03-20,Apple building new set-top box for its Internet TV service,0
2015-03-20,Apple (AAPL) Plans Low-Cost Internet TV Service For This Fall - Stocks in the News,0
2015-03-20,"Will Apple, Sony And DISH's Cord-Cutting Plans Really Make An Impact?",-1
2015-03-19,"Apple, Sony And DISH All Making Big Plays By Targeting Cord-Cutters",0
2015-03-18,Will Apple Change the Way We Order Cable?,0
2015-03-18,Apple to Take on Cable Operators with Web TV Service Debut - Analyst Blog,0
2015-03-18,Apple: Uniquely Well Positioned For The Future Of TV,1
2015-03-18,Apple: Is Web-TV Addressing An Ecosystem Risk?,-1
2015-03-17,Apple streaming video service a steppingstone to TV set,0
2015-03-17,"Today's Market: Apple's Streaming Service, Comcast's Folly And A Cybersecurity Deal",0
2015-03-16,Apple Plans 25-Channel TV Streaming Service: Report,0
2015-03-16,"More on Apple's Web TV: What about NBC, basic pay TV channels?",0
2015-02-18,"Soros Dumps Apple, Buys China",0
2015-02-12,"Apple stock drives higher on Carl Icahn comments, car rumor",1
2015-02-05,"Apple, TV programmers talk",0
2015-02-05,Apple in talks with TV programmers for Internet service,0
2014-12-26,Will New Google Android Live TV Outfox Apple?,0
2014-11-21,"The Electronic Payment Wave: Apple Pay, PayPal, Alipay",0
2013-01-10,Stock Futures Up on Strong China Trade Data; Apple Gains,1
2012-08-13,Apple iPhone Holdout T-Mobile's Last Stand,1
2012-08-13,Apple iPhone Holdout T-Mobile's Last Stand,1
2012-05-07,"Zacks Earnings Preview: Apple, Dish Network, Disney, Cisco and Nordstrom - Press Releases",0
2012-03-29,"The Zacks Analyst Blog Highlights: Apple, Google, Sprint Nextel, Dish Network and Verizon Communications - Press Releases",0
2012-03-14,"The Zacks Analyst Blog Highlights: Intel, Sony, Dish Network, Google and Apple - Press Releases",0
2011-12-06,"Verizon Wireless Dance May Draw In Apple, Google",0
2019-05-02,"25 Upcoming Dividend Increases Including Apple, Exxon And One Dividend King",1
2019-12-09,"Dow Sinks, Apple Cools Off; But These Hot Retail Stocks Buck Trade War Fears",-1
2019-04-15,"Trading The Earnings And Analysts' Ratings - Case For Apple, Chipotle, And The Retailers",0
2019-06-02,"Apple's WWDC, DuPont's Return And Tariff Anxiety (Stocks To Watch Podcast)",0
2019-06-01,"Stocks To Watch: Apple's WWDC, DuPont's Return And Tariff Anxiety",0
2018-09-12,Apple suppliers to watch during the fall event,0
2016-07-29,"Dolby Laboratories Gets Lift From Apple, Amazon, Netflix",1
2015-09-17,"Amazon undercuts Apple with low-cost tablets, TV devices",0
2012-09-07,Amazon Fails to Take a Bite Out of Apple,-1
2012-09-07,Amazon Fails to Take a Bite Out of Apple,-1
2015-05-19,What Do Dividend Hikes By Apple And Exxon Mean For The Market?,0
2019-07-05,Dynagas LNG - A Trade That Returned 90% Gives Us A Second Bite Of The Apple,0
2019-07-28,"Headliners Include Apple, Beyond Meat And IBM (Stocks To Watch Podcast)",0
2019-07-27,"Stocks To Watch: Headliners Include Apple, Beyond Meat And IBM",0
2019-06-02,"Apple's WWDC, DuPont's Return And Tariff Anxiety (Stocks To Watch Podcast)",0
2019-06-01,"Stocks To Watch: Apple's WWDC, DuPont's Return And Tariff Anxiety",0
2017-08-07,"Welch Group, LLC Buys Servisfirst Bancshares Inc, Bank of America Corporation, Apple Inc, Sells ...",0
2016-12-30,Top 10 Trends To Watch For 2017: From Trump To Apple's iPhone 8,0
2016-12-04,"Apple Confirms Self-Driving Car Interest, 'Investing Heavily' In Automation",1
2016-09-10,Apple Car: Dozens Of Staff Exit Amid Strategy Shift,0
2012-05-18,"Daniel Loeb Buys Big Stakes in Delphi, Apple, Google",0
2012-03-02,"Loeb's Third Point, Alas, Does Own Apple",0
2012-03-02,"Loeb's Third Point, Alas, Does Own Apple",0
2012-02-15,"6 Stocks Purchased by Billionaire Tepper Include Oracle, Apple",0
2012-02-15,"6 Stocks Purchased by Billionaire Tepper Include Oracle, Apple",0
2019-03-17,Buy Apple For Great Total Return And Future 10% Growth,1
2018-01-18,Multiple Implications Of Apple's Move Back Toward The U.S.,0
2017-02-28,Buffett Sees Apple Differently - Cramer's Mad Money (2/27/17),0
2016-08-21,"My Portfolio Update And Review Of 83 Stocks: Up 2 With Reynolds And Exelon, Down 1 With Apple",0
2016-05-16,"Warren Buffett Buys Apple, One Of Two Things Buffett Is Doing That He Doesn't Do",0
2016-04-01,"How Apple, Amazon, Microsoft Figure Into Fast-Changing REIT Markets",0
2015-01-12,"Apple, Google Could Be Hurt By Weaker Euro, Yen",-1
2020-05-14,"Amtrust Financial Services, Inc. Buys Uber Technologies Inc, American Tower Corp, Apple Inc, ...",0
2019-04-15,"Trading The Earnings And Analysts' Ratings - Case For Apple, Chipotle, And The Retailers",0
2017-05-01,"Appleton Partners Inc Buys SPDR S&P 5……, iShares Core U.S. ...",0
2017-02-07,"Hexavest Inc. Buys Lennar, Bristol-Myers Squibb Company, Apple, Sells Procter & Gamble Co, ...",0
2017-01-17,"Wal-Mart, Best Buy, Apple Rally After Trump Pans GOP Border Adjustment Tax",1
2016-12-22,"Stock Indexes Lower; Apple Gaps Down, Retailers Slammed",-1
2016-11-21,"Apple Is A Buy; Veeva, HPE, Urban Outfitters Near Breakouts With Earnings Due: Action Plan",1
2016-09-02,"Week In Review: Apple Vs. EU, Hiring So-So, Auto Sales Fall, Salesforce Guides Low",-1
2016-08-24,"Apple, Ulta, Medtronic, Dollar Stores Lead Thursday's Action Plan",0
2012-06-25,"Old School is Better at Deluxe Products than Facebook or Apple (FB, DLX, AAPL)",1
2011-10-04,CoverItLive Blogs Crash Amid Apple Fever,0
2015-12-23,Apple Tax Charges 'Total Political Crap',0
2012-12-17,"Stocks to Watch: Clearwire, Apple (Update 1)",0
2012-02-15,"Stocks Mixed on China Pledge, Greek Delay; Apple Pulls Back",-1
2012-02-15,Apple Slide Helps Trigger Dow's Worst Day of 2012,-1
2012-02-15,"Wall Street Mixed, Apple Soars Again",0
2012-02-15,Stocks Search for Direction; Apple Stays Hot,0
2012-02-11,Apple of Investors' Eye: Stock Nears $500,0
2012-02-11,Apple of Investors' Eye: Stock Nears $500,0
2012-02-09,'Fast Money' Recap: Apple's Date With $500,0
2012-02-09,'Fast Money' Recap: Apple's Date With $500,0
2018-05-15,"Glenview added Express Scripts, exited Apple in Q1",0
2014-04-28,Technology Stock Roundup: Tech Stocks Tumble But Apple Bucks The Trend - Analyst Blog,-1
2019-02-19,"The Zacks Analyst Blog Highlights: Starbucks, Apple, Nestle, Dunkin' and Coca-Cola",0
2018-10-09,Tech Stocks Lead As Market Ends Mixed; Is Apple A Buy?,1
2016-09-13,Can Apple TV App Deliver New Breakout For Papa John's?,0
2016-04-29,The Week In Review: Is Apple Still A Growth Enterprise? Is America?,0
2015-06-26,Apple Pay Turns To Rewards,0
2015-06-26,Apple Pay Taps Rewards; Google A White Knight?,1
2011-01-18,'Fast Money' Recap: Apple Roars,1
2019-06-02,"Apple's WWDC, DuPont's Return And Tariff Anxiety (Stocks To Watch Podcast)",0
2019-06-01,"Stocks To Watch: Apple's WWDC, DuPont's Return And Tariff Anxiety",0
2019-07-28,"Headliners Include Apple, Beyond Meat And IBM (Stocks To Watch Podcast)",0
2019-07-27,"Stocks To Watch: Headliners Include Apple, Beyond Meat And IBM",0
2018-09-08,"Stocks To Watch: Apple Event, Chinese Auto IPO To Headline",0
2018-07-28,"Stocks To Watch: Apple, Harley And Tesla On The Marquee",0
2011-07-06,"Apple, Citigroup: New Targets, Estimates",0
2020-05-12,"Mrj Capital Inc Buys Eaton Corp PLC, Sells Apple Inc, JPMorgan Chase, Aon PLC",0
2020-05-06,"Dow Jones Lower As Payroll Drop Weighs; Are Apple, Microsoft Still In Buy Zone?",-1
2020-05-01,"Bull Street Advisors, LLC Buys Microsoft Corp, Apple Inc, Danaher Corp, Sells Dow Inc, Bank of ...",0
2020-02-18,US Indexes Mostly Lower After Apple's Coronavirus Warning,-1
2020-01-29,"Dow Jones Today Rises On Apple, Dow, Boeing; Chips Take A Hit, Fed Prepares To Vote",0
2020-01-29,"Up-Coming Trends and Demand for Chatbots Market —…—…| Apple, Baidu, Applied Voice & ...",0
2019-11-27,"Dow, Up 250 Points For The Week, Aims For New High As Apple, McDonald's Rally",1
2019-06-02,"Apple's WWDC, DuPont's Return And Tariff Anxiety (Stocks To Watch Podcast)",0
2019-06-01,"Stocks To Watch: Apple's WWDC, DuPont's Return And Tariff Anxiety",0
2019-04-02,Stocks Mixed As Dow Ends Win Streak; Apple Ripe For A Breakout?,0
2017-05-01,"Seminole Management Co., Inc. Buys Apple Inc, Vodafone Group PLC, CBS Corp, Sells T-Mobile US ...",0
2017-01-24,Apple Making America Great Again?,1
2017-01-09,"Nasdaq Reaches New High; Apple Breaks Out, Nvidia Soars",0
2016-10-26,Don't Trade Apple - Cramer's Mad Money (10/25/16),0
2016-07-29,"Apple, Facebook, Alphabet, Amazon, Ford, McDonald's Headlined Busy Week",0
2016-07-20,A New Apple Partnership?,0
2016-07-01,Jay Z Sells Out To Apple,0
2016-06-30,"AU Optronics: Improving Trends, Apple Evidence Building",1
2016-02-17,"Top Funds Reshuffle Apple, Facebook, Northrop Stock In Q4 Moves",0
2015-12-09,Apple Falls On TV Delay Reports; Stocks Sell Off For 3rd Session,0
2015-10-02,Apple Brings ex-Boeing CFO Bell to Board,0
2015-07-24,"Apple, Caterpillar Point To China's Uneven Transition",-1
2015-07-20,"Apple, Amazon, Dow Chemicals, Morgan Stanley and IBM are part of Zacks Earnings Preview: - Press Releases",0
2015-03-06,Apple Joins The Dow; Is It A Wedding Or A Funeral?,0
2015-02-18,"Soros Dumps Apple, Buys China",0
2012-01-25,"The Zacks Analyst Blog Highlights: Apple, Yahoo, EI DuPont de Nemours & Co., The Dow Chemical Company and BASF SE - Press Releases",0
2011-03-03,"Apple, Peabody: New Targets, Estimates",0
2011-01-03,"Apple: Analysts' New Targets, Estimates",0
2019-04-12,"Bristol John W & Co Inc Buys Canadian Natural Resources, Apple Inc, Schlumberger, Sells ...",0
2019-04-28,"Eyes On Apple, Uber, F8 And Avengers (Stocks To Watch Podcast)",0
2019-04-27,"Stocks To Watch: Eyes On Apple, Uber, F8 And Avengers",0
2019-04-27,"Stocks To Watch: Eyes On Apple, Uber, F8 And Avengers",0
2020-04-23,"Dow Jones Gains 400 Points On Jobless Claims, Surging Oil Prices; Apple Nears New Buy Point",1
2020-04-22,"Dow Jones Futures: Coronavirus Stock Market Rally Powers Back; Apple, AMD, Tesla, Intel, Microsoft Near Buy Points, But Watch Out For This",-1
2020-03-02,"Dow Jones Higher Amid Stock Market Correction, As Coronavirus Fears Rise; Apple, Twitter, Walmart Jump",1
2020-02-25,"Can Apple, Tesla, Other Leaders Show Resilience To Virus Scare?",1
2019-01-23,Dow Outperforms Nasdaq; Will These 5 Top Stocks Outpace Apple In 2019?,1
2018-04-19,Apple Tops This Stock Play That Focuses On Relative Strength,1
2017-08-22,"Brinker (EAT) Grapples With High Costs, Soft Industry Trends",-1
2017-07-31,"Nasdaq Down, But Dow Jones Up; Where Are Apple's Early Buy Points?",1
2017-07-11,"Appleton Partners Inc Buys Domino's Pizza Inc, Akamai Technologies Inc, Vanguard Div ...",0
2017-03-10,Stocks Up; Apple Shines; Which Specialty Retailers May Lead The Bulls?,1
2017-02-24,"Stocks Close Up, Apple Still Crisp; Did Nvidia Show A Bottoming Signal?",-1
2017-02-07,"Dow, Nasdaq Come Off Highs; Apple Buoys Dow; HealthEquity Dives",1
2017-01-20,Stocks Up Nicely In Early Trade; Apple Shrugs Off China Trade Talk,1
2017-01-13,Week In Review: Trump Murders Drug Stocks; Apple Breaks Out; GM Bullish,1
2016-09-22,Stocks Still In The Black; Why Apple's Breakout Is Holding Up,1
2016-09-13,"Acacia, Ambarella, Apple, Facebook Lead Wednesday's Investing Plan",0
2016-09-13,Can Apple TV App Deliver New Breakout For Papa John's?,0
2016-04-29,The Week In Review: Is Apple Still A Growth Enterprise? Is America?,0
2015-12-30,Stocks Give Back Some After Tuesday's Rally; Apple Weighs On Dow,-1
2015-10-08,"Stocks Slip Before Fed Minutes; Domino's, eBay, Apple Slide",0
2015-09-08,"Apple Siri, Speech-Based User Interfaces The Talk Of Tech",0
2015-02-19,5 Stocks That Crushed Apple - Investment Ideas,1
2014-07-03,"Nuance rocked by sale chatter, Apple Siri developments",0
2014-06-03,Bing celebrates 5th anniversary with Apple gains,1
2017-12-11,Apple Leads Nasdaq Stocks Up; Is This The Best Bitcoin ETF To Trade?,1
2020-04-14,"DRDGold, Daimler, Apple and Alphabet highlighted as Zacks Bull and Bear of the Day",0
2016-04-01,"How Apple, Amazon, Microsoft Figure Into Fast-Changing REIT Markets",0
2020-04-22,"Streettalk Advisors, LLC Buys iShares MBS ETF, Apple Inc, Boeing Co, Sells Amazon. ...",0
2012-04-13,"Zacks Bull and Bear of the Day Highlights: Valmont Industries, Dril-Quip, Apple, Amazon and Barnes & Noble - Press Releases",0
2018-06-27,Apple Pie And Harley-Davidson,0
2019-11-21,"Headinvest, Llc Buys iShares MSCI KLD 4…… Social ETF, Apple Inc, Amazon. ...",0
2015-02-04,What Made Apple (AAPL) Raise $6.5B in Bonds? - Analyst Blog,0
2015-05-19,What Do Dividend Hikes By Apple And Exxon Mean For The Market?,0
2019-10-30,"The Zacks Analyst Blog Highlights: Apple, Nike, Qualcomm, eBay and DTE Energy",0
2019-10-29,"Top Research Reports for Apple, Nike & Qualcomm",0
2018-10-28,Apple Looks To Recharge Tech Sector (Stocks To Watch Podcast),0
2018-10-27,Apple Looks To Recharge Tech Sector,0
2019-10-15,"PrairieView Partners, LLC Buys Apple Inc, Schwab U.S. ...",0
2012-04-25,"The Zacks Analyst Blog Highlights: Apple, DTS, SRS Labs, Dolby Laboratories and Sony - Press Releases",0
2016-06-02,"Warren Buffett Sells WABCO, Buys Mastercard, Apple",0
2015-07-22,Today's Market: Apple's Impact On The Market And AT&T's Merger With DirecTV,0
2015-06-04,Apple Will Not Dominate Car Infotainment - Cramer's Mad Money (6/3/15),0
2014-09-26,Video: Apple Outpaces Most U.S. Techs Amid Weak Euro,1
2014-07-17,"Video: Apple Unlikely To Pursue Time Warner, Content",-1
2014-04-02,Can Roku Beat Apple to the Living Room?,1
2014-03-07,"Apple, Google Eyed In Media-Content Consolidation",0
2013-07-12,"Comedians target Apple antitrust case, DirecTV dog channel",0
2013-05-23,"Bill Nygren Buys Forest Laboratories, DirecTV, UnitedHealth, Apple, Sells Discovery ...",0
2013-04-24,"Bill Nygren's Top Stock Pick, and Apple",1
2012-02-13,JPMorgan's 24 Stocks That Are More Attractive Than Apple,1
2012-02-13,JPMorgan's 24 Stocks That Are More Attractive Than Apple,1
2010-10-01,Dumbest of This Week's 5 Dumbest: Apple's iPad Destruction Double Standard,0
2019-04-26,"Old Point Trust & Financial Services N A Buys The Walt Disney Co, Apple Inc, CenturyLink ...",0
2018-09-12,Wall Street Breakfast: Big Display At Apple Product Event,0
2018-07-11,"Top Stock Reports for Apple, NVIDIA & Lockheed Martin",0
2016-12-14,"Stocks Down On Rate Hike, Nvidia Still Strong; Will Tesla Join Apple As A Future Breakout?",1
2012-11-29,"Cramer's 'Mad Money' Recap: Amazon, Google, Apple Are the Only Tech Stocks That Matter",0
2012-06-11,"Stocks to Watch: Apple, GE (Update 1)",0
2012-06-11,"Stocks to Watch: Apple, GE",0
2015-10-19,"Repligen, DeVry Education, International Business Machines, Fiserv and Apple highlighted as Zacks Bull and Bear of the Day",0
2012-07-24,Stocks Down on Euro Zone Woes; Apple Misses in After Hours,-1
2017-01-25,"Midwest Investment Management Llc Buys Visa Inc, DaVita Inc, Apple Inc, Sells Fastenal Co, ...",0
2012-10-12,"Google, DaVita Balance Leaders Against Apple's Dive",0
2012-08-06,"Stocks Hit Three-Month Highs, Apple Breaks Out",0
2012-07-18,"Apple, Alexion Lead IBD 50's Top 5 Big Cap Leaders",1
2018-02-14,"ICONIQ Capital, LLC Buys ChromaDex Corp, Apple Inc, Apollo Commercial Real Estate Finance Inc, ...",0
2017-02-10,"Twin Focus Capital Partners, Llc Buys Berkshire Hathaway, Apple, Vanguard FTSE Developed ...",0
2016-11-29,"Nasdaq Backs Off Record High As Stocks, Apple Fade Late",1
2016-05-12,"Stocks End Mixed As Apple Weighs On Dow; Airlines, Biotechs Lag",0
2012-11-23,"Apple, Winnebago Lead Top Industry Gains For Week",1
2016-04-29,The Week In Review: Is Apple Still A Growth Enterprise? Is America?,0
2016-04-27,Look Beyond Apple For The Market's Silver Lining,0
2016-04-27,Apple Miss Fuels Early Selling In Nasdaq; Upgrade Lifts Kors,-1
2015-09-30,"End Of Q3 Marks End Of These Apple, Netflix Perks",0
2013-02-27,"Stock Futures Rise Ahead of Bernanke, Apple Meeting",0
2012-12-12,Worse Than Expected: How Apple Guy is Turning JC Penney Into a Museum of Tired Brands,-1
2017-07-28,"Datawatch, Dick's Sporting Goods, Apple and JPMorgan highlighted as Zacks Bull and Bear of the Day",0
2020-05-13,"M Holdings Securities, Inc. Buys Apple Inc, SPDR S&P 5……, National Healthcare Corp, ...",0
2016-07-01,Jay Z Sells Out To Apple,0
2020-04-15,"Dow Jones Futures: Coronavirus Stock Market Rally Faces Key Test Amid New Breakouts; Apple, Tesla Near Technical High",-1
2020-04-08,"Dow Jones Futures: Coronavirus Stock Market Rally Lacks Two Key Qualities; Analyzing Apple, Amazon, Microsoft, Dexcom, Nvidia, Costco",-1
2020-03-05,"Dow Jones Futures: Apple, Tesla, Lead Nine Stocks To Watch In Coronavirus Stock Market Correction",0
2020-03-02,"Dow Jones Futures: Apple, Microsoft Lead Strong Market Rally, But It's Still A Coronavirus Stock Market Correction; Watch These Leaders",1
2020-02-23,Dow Jones Futures Dive As Stock Market Faces Coronavirus Pandemic Fears; Apple Eyes Buy Point,1
2020-02-09,"Dow Jones Futures: Stock Market Rally Isn't 'Different This Time'; Alibaba, Nvidia Lead Key Earnings; Apple, Tesla In Focus",0
2019-12-02,"Dow Jones Futures: Apple, AMD, DexCom Stand Tall As Stock Market Stumbles; Coupa Earnings Top",-1
2019-09-08,"Apple, IPOs And German Auto (Stocks To Watch Podcast)",0
2019-09-07,"Stocks To Watch: Apple, IPOs And German Auto",0
2019-07-31,"Apple Breaks Out Again, Dow Jones Reverses Lower; This Social Media Stock Crosses New Buy Point",1
2016-12-01,Biotricity (BTCY) Hits the Target Apple (AAPL) and Fitbit (FIT) Missed,-1
2016-10-19,Deja Vu All Over Again: 2016 OC3 Reminiscent Of 1984 Apple Macintosh Release,0
2015-04-24,"The Zacks Analyst Blog Highlights: Apple, DexCom, athenahealth and Cerner - Press Releases",0
2015-04-23,Apple Watch Puts These 3 Health Stocks in Focus - Analyst Blog,0
2015-04-13,DexCom Launches CGM App on Apple Watch; Shares Rise - Analyst Blog,0
2013-04-18,"DexCom, Inc. (DXCM) Brings Apple Like ""Design"" to Medical Devices",0
2020-05-06,"Appleton Group Wealth Management Llc Buys ProShares UltraShort Dow'…, Sells Schwab U.S. ...",0
2018-08-13,"Apple Hits New High, Helps Nasdaq; These 2 Top Stocks Break Out",0
2016-05-25,"Stocks Rally Again; Apple, Goldman Sachs Boost Dow To Big Gains",1
2018-02-28,Gold: Potential New Dollar Cycle Could Upset The Apple Tart,1
2017-04-20,Stocks Rally On Earnings; Starbucks Breaks Out; Why Apple Is On The Move,1
2014-04-28,Technology Stock Roundup: Tech Stocks Tumble But Apple Bucks The Trend - Analyst Blog,-1
2019-09-13,Apple Prices Arcade Aggressively: Should Gaming Players Worry?,-1
2019-07-31,"The Boston Beer Company, iRobot, Apple, Electronic Arts and Mondelez highlighted as Zacks Bull and Bear of the Day",0
2019-07-31,"Names You Can Buy Before The Rate Cut; Also, Boo Apple, Yes, I Diss",0
2019-07-30,"Apple (AAPL) Beats on Surprise China Numbers; Plus EA, MDLZ",1
2019-07-28,"Headliners Include Apple, Beyond Meat And IBM (Stocks To Watch Podcast)",0
2019-07-27,"Stocks To Watch: Headliners Include Apple, Beyond Meat And IBM",0
2019-03-25,Videogame stocks see volume as Apple announces Arcade gaming service,0
2018-10-28,Apple Looks To Recharge Tech Sector (Stocks To Watch Podcast),0
2018-10-27,Apple Looks To Recharge Tech Sector,0
2018-09-08,"Stocks To Watch: Apple Event, Chinese Auto IPO To Headline",0
2018-08-30,"Stock Market Today: Stocks Fall Amid Trade War Threats, But Apple Hits New High",-1
2018-06-28,"Choppy Action Recedes As Rebound Heats Up, Apple And Microsoft Steady; Invest In This Leading Sector?",1
2017-11-01,"Apple, Apple, Apple ... Plus Alibaba, Fed Pick: Investing Action Plan",0
2017-10-31,These 2 Apple Suppliers Are Just Below Buys Before Earnings; S&P 500 Futures,0
2017-09-25,"Stocks Sink, Apple Down Again; Time To Sell These 4 Leaders?",-1
2017-09-18,"Apple, Microsoft Lead 7 Top Stocks Holding In Buy Range; S&P 500 Futures",0
2017-09-08,Who Joins Apple On This List Of New Buys By Top Mutual Funds?,0
2017-08-29,Apple Leads 5 Big Caps In Or Near Buy Zones Flexing Relative Strength,1
2017-07-31,Apple Leads 5 Top Tech Stocks Near Buy Points Before Earnings This Week,1
2017-06-12,Tech Losses Mount; Apple Plunges On Downgrade; FANG Stocks Suffer,-1
2017-02-02,Apple Could Hit $134 - Cramer's Mad Money (2/1/17),1
2017-01-31,Stocks Rally Off Session Lows; Apple Ready To Rock After Earnings Beat?,1
2017-01-31,"Apple Earnings, Sales Top; Match Guides Low; AMD, Oclaro Beat",1
2017-01-30,"North Forty Management, LLC Buys Berkshire Hathaway, Apple, NVIDIA",0
2017-01-30,"Apple, MasterCard, Exxon, EA, AMD, Fed: Investing Action Plan",0
2017-01-28,"Facebook, Apple, Amazon, Fed, Jobs Report: Investing Action Plan",0
2016-11-02,"Starbucks, Apple Suppliers, Activision: Investing Action Plan For Thursday",0
2016-11-01,"Watch Facebook, Alibaba, Apple, Fed: Wednesday Investing Action Plan",0
2016-08-05,Restaurant Stocks Power Higher On Earnings; Apple Boosts Nasdaq,1
2016-06-17,"Week In Review: Fed Off The Table, Microsoft Buys LinkedIn, Apple WWDC, Net Neutrality, E3",0
2016-06-13,"Investing Action Plan For Tuesday: Fed, Apple, Microsoft, E3, Honeywell",0
2016-06-11,"Investing Action Plan: Apple WWDC, Fed, Disney, Oracle, E3",0
2016-05-12,Apple And Disney Have Staying Power - Cramer's Mad Money (5/11/16),1
2015-09-09,Apple: TV Is Sexy Again?,0
2015-08-24,"Momentum Buy Candidates: Apple, Skyworks And Autozone",1
2015-06-04,Apple Will Not Dominate Car Infotainment - Cramer's Mad Money (6/3/15),0
2018-03-08,Portfolio Sale: Applebee's Owner Dine Brands,0
2017-08-22,"Brinker (EAT) Grapples With High Costs, Soft Industry Trends",-1
2012-05-31,DineEquity to Divest 33 Applebee's - Analyst Blog,0
2012-01-24,'Fast Money' Recap: Apple's Very High Bar,1
2012-01-24,'Fast Money' Recap: Apple's Very High Bar,1
2011-06-02,DineEquity to Offload 66 Applebee's - Analyst Blog,0
2019-07-31,"Trellus Management Company, LLC Buys Alphabet Inc, Ebix Inc, Apple Inc, Sells Spotify ...",0
2016-05-23,Stocks Up Slightly; Apple Suppliers Lead The Way; Ebix Rises,1
2016-04-15,Stocks Lower In Afternoon; Apple Falls On iPhone Demand Fears,-1
2015-07-02,"The Zacks Analyst Blog Highlights: Apple, Conns, Ebix and Qiwi - Press Releases",0
2015-03-18,Year-To-Date Winners: We Have Found The Market And It's Apple,0
2013-05-06,"Stocks Start The Week Mixed; Apple, Nationstar Rising",0
2012-11-05,Stocks Turn Narrowly Mixed; Apple Lifts Nasdaq,-1
2011-12-26,"Apple, 3 Other Techs In IBD 50 Start And End Of 2011",0
2020-02-19,"The Zacks Analyst Blog Highlights: Apple, Eagle Bancorp Montana, Onconova Therapeutics, Proteostasis Therapeutics and Abeona Therapeutics",0
2016-06-17,Stocks Fall Ahead Of Brexit Vote; Bad News For Apple,-1
2017-11-22,"Stocks Down, Banks Break Out; Will Apple's Growth Moderate In The Future?",-1
2016-08-31,Apple: The European Union's Pointless Tax Crusade,0
2019-08-14,"CAMG Solamere Management, LLC Buys Apple Inc, Textron Inc, Cardinal Health Inc, Sells Marathon ...",0
2019-03-24,Apple Makes Its Video-Streaming Move (Stocks To Watch Podcast),0
2019-03-23,Stocks To Watch: Apple Makes Its Video-Streaming Move,0
2017-03-07,"Steven Cohen Sells Alphabet, Apple, Amazon",0
2015-01-13,"Stock Futures Higher As Oil Dive Continues; Alcoa, Apple Rise",1
2014-09-30,EBay's PayPal Faces Mobile Threat From Apple Pay,-1
2012-04-16,Stocks Mixed on Economic Data; Apple Tumbles,-1
2020-01-27,"Kahn Brothers Buys ViewRay Inc, Apple Inc, Comcast Corp, Sells Merck Inc, Glacier Bancorp Inc, ...",0
2016-12-14,"Stocks Down On Rate Hike, Nvidia Still Strong; Will Tesla Join Apple As A Future Breakout?",1
2017-05-09,"Apple, Airlines Get Buffett Boost, But Dow ETF Turns Negative",-1
2017-05-02,Dow ETF Rises Thanks To 3 Big Names; Small Caps Lag; Will Apple Surprise?,1
2017-05-01,2 ETFs Power Ahead As Apple Hits New Record High,1
2020-01-10,Euronet's Unit Launches Monthly Billing Service for AppleCare,0
2017-04-17,"Nasdaq Leads Stock Market Rally; Apple, Boeing, Caterpillar Boost Dow",1
2017-04-17,"Stocks Open Higher: McDonald's, Apple Rise On The Dow",1
2020-05-14,"Crake Asset Management LLP Buys Cigna Corp, Facebook Inc, Apple Inc, Sells United Airlines ...",0
2020-04-27,"Cubic Asset Management, LLC Buys Amazon.com Inc, MetLife Inc, Lowe's Inc, Sells Apple Inc, ...",0
2020-02-17,"Parallax Volatility Advisers, LLC Buys iShares MSCI Emerging Index Fund, NVIDIA Corp, Apple ...",0
2019-11-12,"Halbert, Hargrove Buys iShares MSCI Emerging Markets ETF, Microsoft Corp, Apple Inc, Sells ...",0
2020-05-11,"Cadence Bank Na Buys Apple Inc, Truist Financial Corp, Costco Wholesale Corp, Sells Johnson ...",0
2019-08-09,"Essex Savings Bank Buys Johnson & Johnson, Apple Inc, Exxon Mobil Corp, Sells Target Corp, ...",0
2019-07-25,"Trustcore Financial Services, Llc Buys First Trust VL Dividend, Johnson & Johnson, Apple ...",0
2018-08-01,"Market Volatility Bulletin: Apple Smashes, But Indexes Soften Against Global Equity Setback",0
2017-08-03,"DUPONT CAPITAL MANAGEMENT Corp Buys iShares MSCI EAFE, Apple Inc, The Home Depot Inc, Sells ...",0
2017-06-20,"Harbour Capital Advisors, LLC Buys iShares MSCI EAFE, Apple Inc, Exxon Mobil Corp, Sells ...",0
2017-05-08,Apple Lifts Dow ETF; Tech Fund Hits Highest Level Since 2000,1
2017-02-01,"Stock ETFs Mixed; Financials, Techs Lead After Cheery Apple Report",-1
2016-09-16,QQQ ETF Bucks Stock Malaise As Apple And Intel Stomp To High Ground,-1
2016-07-20,This Tech ETF With Less In Apple And Alphabet Is Better Off For It,1
2016-07-05,Gold ETF Streaks Further Ahead; Chip ETFs Hit On Apple IPhone Report,1
2016-06-02,"Tech ETFs Slide Along With Apple, Broadcom; Oil Sinks On No Deal",0
2016-05-16,"Stock ETFs Pop Amid Buffett's Apple Buy; Gold ETF, Miners Trim Gains",1
2016-04-28,"Tech Funds Finish Mixed With Apple, Facebook In Motion",0
2016-04-26,Small-Cap Funds Pop Amid Anemic S&P 500 Results; Apple Falls After Hours,-1
2016-03-30,"S&P 500, Dow ETFs Hit 2016 Highs Led By Apple; Oil Gives Up Gains",1
2016-03-28,"S&P 500, Dow ETFs Grapple For Gains As Oil Continues To Weigh",-1
2016-03-01,"Momentum, Growth Funds Lead In Strong March Start; Apple At $100",1
2014-01-07,Apple And Amazon: Why Bill Miller Still Likes Them,0
2017-10-25,"Starfire Investment Advisers, Inc. Buys iShares MSCI EAFE Growth, Apple Inc, Becton, Dickinson ...",0
2014-06-19,"Apple, Super Micro Rally After Clearing Bases",0
2014-01-02,Synaptics Follows Apple Into Fingerprint ID Market,0
2020-02-14,"Fragasso Group Inc. Buys Apple Inc, Booking Holdings Inc, iShares Core U.S. ...",0
2017-09-15,Equifax Hack and Tech Stocks in Spotlight after Apple's Keynote,0
2019-06-02,"Apple's WWDC, DuPont's Return And Tariff Anxiety (Stocks To Watch Podcast)",0
2019-06-01,"Stocks To Watch: Apple's WWDC, DuPont's Return And Tariff Anxiety",0
2017-02-27,"Buffett Doubles Apple, Seeks Deals",0
2016-06-03,Apple Supplier Broadcom's Price Targets Hiked; John Deere Upgraded,1
2015-02-18,"Soros Dumps Apple, Buys China",0
2012-03-14,Stress Test Boosts Stocks; Apple Seizes New High,1
2016-10-26,Stocks Pare Losses; Apple Weighs On Nasdaq As Medical Sector Tumbles,-1
2014-02-07,"Jobs News Trips Stock Futures; Apple, Expedia, Athena Rising",0
2013-10-07,Techs Follow Apple's Example On Base Building,0
2019-06-02,"Apple's WWDC, DuPont's Return And Tariff Anxiety (Stocks To Watch Podcast)",0
2019-06-01,"Stocks To Watch: Apple's WWDC, DuPont's Return And Tariff Anxiety",0
2012-04-03,"Cramer's 'Mad Money' Recap: Apple $1,000 Not Half-Baked (Final)",0
2019-09-08,"Apple, IPOs And German Auto (Stocks To Watch Podcast)",0
2019-09-07,"Stocks To Watch: Apple, IPOs And German Auto",0
2016-09-09,#AppleTax,0
2016-09-07,Apple Gets A Shakedown From The EU - Is Ireland Next To Bail?,0
2020-05-06,"NN Investment Partners Holdings N.V. Buys Mastercard Inc, Apple Inc, The Estee Lauder Inc, ...",0
2019-08-19,"U.S. And China Trade Optimism Fuels Market Surge; Dow Stocks Apple, Cisco Win Big",1
2019-08-19,Dow Jones Stock Apple Leads Stock Market Rally On China Trade News,1
2019-08-02,"Strid Group, LLC Buys First Trust Enhanced Short Maturity ETF, The Estee Lauder Inc, Apple Inc, ...",0
2019-07-30,"Bfsg, Llc Buys Vanguard Real Estate, iShares Edge MSCI Min Vol USA, Fastenal Co, Sells Apple ...",0
2019-07-25,"Royal Bank Of Scotland Group Plc Buys The Estee Lauder Inc, Danaos Corp, Apple Inc, Sells ...",0
2019-05-01,Nasdaq Posts Solid Gain As Apple Brushes Aside Bears,1
2019-04-17,"Appleton Partners Inc Buys Schwab International Equity, The Estee Lauder Inc, SPDR Portfolio ...",0
2018-11-14,"Apple, Pot Stocks Show Sickly Losses; Will These 7 Industry Groups Lead Market Uptrend?",-1
2018-10-28,Apple Looks To Recharge Tech Sector (Stocks To Watch Podcast),0
2018-10-27,Apple Looks To Recharge Tech Sector,0
2012-01-23,Cramer's 'Mad Money' Recap: How to Trade Apple (Final),0
2011-12-15,"Zacks Bull and Bear of the Day Highlights: Estee Lauder Companies, Canadian Solar, Adobe Systems, Apple and Microsoft - Press Releases",0
2011-04-21,Apple Fires All Cylinders in 2Q - Analyst Blog,1
2011-04-21,Apple Fires All Cylinders in 2Q - Analyst Blog,1
2016-01-08,Apple Reads Your Mind,0
2018-05-02,"Apple iPhone Demand Isn't Great, But iPhone Strategy Is",1
2017-02-01,"Stocks Salvage Gains In Session Stirred By Apple, AMD, Facebook, Fed",1
2017-01-05,"Microsoft Price-Target Hiked, Surface Business Booms Vs. Apple",1
2016-10-28,Indexes Down In Erratic Session; Gigamon Soars; Why You Should Hold Apple,0
2016-08-02,"Stocks Pare Losses In Final Trading Hour; Apple, Pfizer Big Dow Losers",-1
2016-04-26,Stocks Bide Time Ahead Of Fed; Apple Sluggish Pre-Earnings,-1
2016-04-13,Stocks Rally To '16 High; Apple Retakes Key Level,1
2016-01-22,Stocks Cap Week With Big Gains; Apple Rallies Ahead Of Earnings,1
2015-12-18,"Stocks Slammed Even Harder As Apple, Boeing, Disney Weigh",-1
2012-10-23,"Stocks Mixed In Early Trade; Apple, Priceline.com Rebound",0
2012-09-13,Stocks Leap To Multiyear Highs On QE3 Launch; Apple Hits Peak,1
2012-09-13,Stocks Keep Gaining On QE3 News; Apple Hits New High,1
2012-08-27,"Nasdaq Rises Slightly On Apple; S&P 500, Dow Fall Modestly",0
2017-02-27,"Buffett Doubles Apple, Seeks Deals",0
2017-01-24,Apple Making America Great Again?,1
2015-03-18,"The Zacks Analyst Blog Highlights: Avago Technologies, Apple, Skyworks Solutions and Emulex - Press Releases",0
2015-02-26,Major Averages End Mixed; Apple Set To Unveil Watch?,0
2018-10-14,Apple Leads 5 Top Stocks Flexing Strength Amid Market Correction,1
2018-09-24,"Apple Pushes Nasdaq Up, FANG Stock Basing; Callaway Golf Keeps Bullish Trajectory",1
2018-02-12,Apple updating software upgrade schedule; eMagin +24% on Apple investment,1
2018-07-06,"If You Want To Blame Someone For The U.S. Trade Deficit With China, Blame Apple",-1
2016-08-19,U.S. V. Apple - The Looming Trial Of The Century?,0
2012-12-14,Wall Street Lower At Midday; Apple Sinks On Downgrade,0
2020-05-13,"Summit X, LLC Buys Apple Inc, Microsoft Corp, Mastercard Inc, Sells iShares Core MSCI Emerging ...",0
2019-11-26,Emerson Partners with FSG® to Deliver GreenApple™ Labs Training from Greenlee to Help Solve ...,0
2019-08-13,"H—o Am Llp Buys Alphabet Inc, Apple Inc, Amgen Inc, Sells General Motors Co, Oracle Corp, ...",0
2019-06-25,Emerson Rolls Out Appleton FELED & FNLED Linear Luminaries,0
2019-01-08,John And Jane's Taxable Account Dividend Increases And Income Tracker - The Apple Effect,0
2018-05-03,"Top Analyst Reports for Apple, ExxonMobil, Citigroup & Amgen",0
2019-11-08,"Gluskin Sheff & Assoc Inc Buys Apple Inc, Amazon. ...",0
2018-10-07,When Do You Harvest Apple Shares? In The Fall Of Course.,0
2017-05-16,"Archford Capital Strategies, LLC Buys Apple Inc, iShares MSCI Emerging Index Fund, AstraZeneca ...",0
2017-02-27,"Buffett Doubles Apple, Seeks Deals",0
2016-09-09,"Week In Review: Apple iPhone 7 Doesn't Wow, Cheap Food Slams Grocers",0
2016-09-06,Indexes Nearly Flat; China Names Rise; Apple Up Ahead Of iPhone Event,1
2016-05-13,"Apple, Biotechs Dive Again; Time To Buy Retail? - Bezek's Daily Briefing",0
2016-03-15,"Stocks Quiet Ahead Of Fed, But Apple Gaps Up",1
2016-03-15,"Stocks Mixed Again; Drug Issues Hammered, But Apple Gaps Up",1
2015-05-18,"Today's Market: Apple Targets Google, Endo Announces An Acquisition And Boeing Draws A Line In The Sand",0
2011-12-26,"Apple, 3 Other Techs In IBD 50 Start And End Of 2011",0
2011-04-12,"Apple, Endo Pharma: New Targets, Estimates",0
2019-07-28,"Headliners Include Apple, Beyond Meat And IBM (Stocks To Watch Podcast)",0
2019-07-27,"Stocks To Watch: Headliners Include Apple, Beyond Meat And IBM",0
2017-05-15,"Diamond Hill Sells Apple, IBM, Cisco",0
2020-05-12,"Sloy Dahl & Holst, LLC Buys Tesla Inc, Apple Inc, Alibaba Group Holding, Sells Twitter Inc, ...",0
2020-02-19,"Dow Jones Futures: Tesla Surges Above 900; Enphase Energy Soars, Nvidia, Apple Rise",1
2020-02-18,"Dow Jones Futures: AMD Ignores Apple-Led Retreat; Enphase, SolarEdge, Amedisys, 10X Genomics, Palomar Are Key Movers Late",0
2017-07-25,Dr Pepper Snapple (DPS) Q2 Earnings: A Beat in the Cards?,1
2017-07-13,Will Apple iPhone 8 Launch be Delayed Due to Tech Issues?,-1
2015-07-15,Apple Will Hit $140 - Cramer's Mad Money (7/14/15),0
2012-10-04,"This Fund Manager Beats the S&P, Shuns Apple and Loves a Certain Metric",0
2020-05-04,"Congress Park Capital LLC Buys Blackrock Muniyield Fund Inc, Apple Inc, EnerSys, Sells The Walt ...",0
2015-09-22,"4 Stocks Apple Could Buy for Its ""Flight of Fantasy"" Car",0
2018-11-02,"Nasdaq Sinks On Apple Flop, Small Caps Up; Can This Sector Fight Back?",-1
2014-10-20,"Nasdaq Extends Gains; Apple, Chipotle Rise Pre-Earnings",1
2019-09-11,"Dow Jones Futures: Apple, Lululemon Are Back In Buy Zone After Stock Market Rally; Oracle Falls As CEO Hurd Takes Leave",1
2018-08-10,Apple's India Troubles To Continue,-1
2018-08-10,Apple's India Troubles To Continue,-1
2010-12-20,'Mad Money' Lightning Round: Apple Ready to Run,1
2015-03-18,Will Apple Change the Way We Order Cable?,0
2019-04-12,"Bristol John W & Co Inc Buys Canadian Natural Resources, Apple Inc, Schlumberger, Sells ...",0
2019-03-24,Apple Makes Its Video-Streaming Move (Stocks To Watch Podcast),0
2019-03-23,Stocks To Watch: Apple Makes Its Video-Streaming Move,0
2018-10-31,"Apple, 'Apple Of Oil' And Starbucks To Report: Investing Action Plan",0
2018-10-26,"First National Bank of Hutchinson Buys Apple Inc, Microsoft Corp, Laboratory Corp of America ...",0
2018-10-09,Tech Stocks Lead As Market Ends Mixed; Is Apple A Buy?,1
2018-08-01,"'Apple Of Oil,' Shake Shack, Scandal-Ridden CBS Earnings Due: Investing Action Plan",0
2018-07-28,"Stocks To Watch: Apple, Harley And Tesla On The Marquee",0
2018-06-27,IBD Stock Of The Day: 'Apple Of Oil' Nears New Buy Point In Bullish Pattern,1
2018-05-04,The 'Apple Of Oil' Sees Bigger Dividend Lasting Through Oil Swings,1
2017-10-30,Here's What To Look For In Shale Earnings; 'Apple Of Oil' In Buy Zone,0
2017-10-03,'Apple Of Oil' Leads Shale Stocks Forming Bases: Investing Action Plan,0
2017-07-28,"Apple, Tesla, Shale, Jobs To Dominate The Week: Investing Action Plan",1
2017-05-15,"Diamond Hill Sells Apple, IBM, Cisco",0
2016-09-13,"Acacia, Ambarella, Apple, Facebook Lead Wednesday's Investing Plan",0
2016-09-09,"Week In Review: Apple iPhone 7 Doesn't Wow, Cheap Food Slams Grocers",0
2016-09-08,"Stocks Down As Apple Backtracks, But These Energy Shares Are Rallying",-1
2016-04-29,The Week In Review: Is Apple Still A Growth Enterprise? Is America?,0
2019-03-17,Buy Apple For Great Total Return And Future 10% Growth,1
2020-02-18,Stock Market Falls On Apple Sales Warning; Key Earnings Movers Include InMode And Walmart,-1
2019-07-08,"Dow Jones Extends Losses As Apple, Boeing Weigh On Stock Market",-1
2019-07-08,"Dow Jones Falls 100 Points, As Apple Stock Sells Off On Downgrade",0
2018-08-01,"'Apple Of Oil,' Shake Shack, Scandal-Ridden CBS Earnings Due: Investing Action Plan",0
2015-05-06,"Stocks Bleed More Red; Apple, LinkedIn Pressured Again",-1
2016-06-20,India ETFs Perk Up But Now Grapple With Exit Of 'Rockstar' Rajan,0
2019-11-04,Swapping Apple For Apple - October Dividend Portfolio Update,0
2019-01-08,John And Jane's Taxable Account Dividend Increases And Income Tracker - The Apple Effect,0
2020-05-04,"Appleton Partners Inc Buys Danaher Corp, Brookfield Asset Management Inc, Americold Realty ...",0
2020-04-23,"Pacer Advisors, Inc. Buys Microsoft Corp, Apple Inc, Amazon. ...",0
2020-04-09,"Provenire Capital, LLC Buys Mastercard Inc, Splunk Inc, Apple Inc, Sells Microsoft Corp, Visa ...",0
2019-05-02,"Andesa Financial Management Inc. Buys Microsoft Corp, Apple Inc, Cisco Systems Inc, Sells SPDR ...",0
2016-10-18,"Verizon Q3 Earnings Drop Expected: Apple, Yahoo Updates On Tap",0
2015-05-11,"Amazon, Apple, AT&T Seen As Winners In Infrastructure Shift",1
2015-01-12,"Apple, Google Could Be Hurt By Weaker Euro, Yen",-1
2013-01-18,Equinix Data Centers Lure Big Clients Like Apple,0
2012-09-13,Stocks Leap To Multiyear Highs On QE3 Launch; Apple Hits Peak,1
2012-09-13,Stocks Keep Gaining On QE3 News; Apple Hits New High,1
2012-08-27,"Apple, Dollar Thrifty Automotive Group Among Stocks Setting 52-Week Highs Monday",0
2012-08-20,"Apple, Valero Energy Among Stocks Hitting 52-Week Highs Monday",0
2012-08-15,"$12 Billion Fund Sells Cisco, Buys Apple",0
2012-08-15,"$12 Billion Fund Sells Cisco, Buys Apple",0
2012-02-22,"The Zacks Analyst Blog Highlights: Equinix, AT&T, Verizon, Qualcomm and Apple - Press Releases",0
2011-02-15,Apple's New Service: Morning Tech Bytes,0
2020-05-01,"State Treasurer State Of Michigan Buys Simon Property Group Inc, Apple Inc, Facebook Inc, Sells ...",0
2013-09-04,"Stocks Up After Volatile Start; Apple, Micron Technology Climb",0
2019-11-04,Swapping Apple For Apple - October Dividend Portfolio Update,0
2018-10-28,Apple Looks To Recharge Tech Sector (Stocks To Watch Podcast),0
2018-10-27,Apple Looks To Recharge Tech Sector,0
2017-06-19,Technology Stocks Surge; Apple Leads Broad-Based Advance,1
2016-05-17,"David Tepper Sells Out of Apple, Buys Facebook and Oil",0
2015-02-18,"Soros Dumps Apple, Buys China",0
2017-02-27,"Buffett Doubles Apple, Seeks Deals",0
2019-04-30,"G.E. Profit Triples, Apple Earnings Next (Wall Street Breakfast Podcast)",1
2019-04-30,"Wall Street Breakfast: GE Profit Triples, Apple Earnings Up Next",1
2019-02-12,"The Zacks Analyst Blog Highlights: Ericsson, Cisco, Comtech, Verizon and Apple",0
2019-10-30,"Small Step Back Ahead of Fed, Apple",0
2019-05-14,Appleseed Fund 2019 Semi-Annual Letter,0
2018-06-27,Apple Pie And Harley-Davidson,0
2020-04-14,'Eros Now Select' Available Now Through Apple TV Channels in the US,0
2019-04-02,India's Eros Now to be included in Apple TV offering,0
2016-09-06,Eros International adds eBuzz as exclusive on its Apple TV service,-1
2015-02-21,"S&P 500 Weekly Earnings Update: Ex-Apple And Energy, Q4 2014 Earnings Grow 4%-4.5%",1
2015-02-21,"S&P 500 Weekly Earnings Update: Ex-Apple And Energy, Q4 2014 Earnings Grow 4%-4.5%",1
2016-09-07,Wall Street Breakfast: Apple Event On Deck,0
2013-01-24,Stocks Close Mixed; Apple Puts Dent in Nasdaq,0
2013-01-24,Stock Futures Mixed as Apple Tumbles,-1
2012-10-26,"Overlooked in Apple Noise, Good News From Smaller Names",1
2012-10-26,"Overlooked in Apple Noise, Good News From Smaller Names",1
2011-06-02,"Apple, Qualcomm: New Targets, Estimates",0
2016-03-21,"The Monday Morning Kickoff - Apple's Monday Event, Nike's Earnings, More Fed Head Jawboning And Good Friday",0
2020-04-13,"Winmill & Co. Inc Buys UnitedHealth Group Inc, Essent Group, Citigroup Inc, Sells Apple ...",0
2019-09-09,Apple Headlines These 4 Top Growth Stocks Near Buy Zones,1
2019-03-18,Dow Jones Reverses Higher Thanks To Apple And These 7 Other Dow Stocks,1
2017-09-13,"Key Indexes Finish Flat, Apple Fine; Will This Sector Leader Break Out Again?",0
2017-08-07,Stocks Up; 3 More Reasons Why Apple Could Rally 20% Again,1
2017-08-07,"Stocks Edge Higher, Apple Retakes Buy Point While China Name Breaks Out",1
2017-06-05,Stocks Down As Apple Dips; IBD 50 Plays Generally Up,-1
2017-05-12,"Dow Stays Down, But Apple Rises; This Recent Issue Soars On A New Breakout",0
2016-12-13,Nasdaq At All-Time High; FANG Leads As Apple Builds Base,1
2015-02-18,"Soros Dumps Apple, Buys China",0
2019-08-14,Grab A 4.5% Yield From The Big Apple With SL Green Realty,0
2018-05-15,"Glenview added Express Scripts, exited Apple in Q1",0
2017-10-09,Stocks Close Mildly Lower; New Buy Point Emerges For Apple,1
2017-05-02,"White Bay Pt Llc Buys Apple Inc, Cabot Microelectronics Corp, Vanguard Intermediate-Term Bond, ...",0
2015-11-24,"Are Buybacks At Apple, Nike, Other Firms Good Or Bad?",1
2015-09-25,"Apple, Microsoft Lead '15 Payout Hikes But Pace Slows",0
2015-08-20,"Allergan, Apple Hedge Fund Favorites; Disney Shorted",0
2012-04-03,Stocks Down Late After Fed Minutes; Apple Holds Gains,1
2012-04-03,Stocks Fall In Early Afternoon But Apple At New High,0
2012-04-03,Stocks Mixed At Midday In Weak Trade; Apple At New High,0
2012-04-02,"Stocks Higher In Late Afternoon, Apple Back Above 600",1
2012-04-02,Stocks Up In Afternoon As Apple Bounces Back Above 600,1
2012-03-28,"Stocks Lower At Midday, But Apple Keeps Climbing",1
2019-07-24,"Garland Capital Management Inc Buys Apple Inc, Sells Essex Property Trust Inc",0
2015-11-19,"Stocks Scrape Out Early Gains; Apple, Vipshop, ConAgra Advance",-1
2015-07-15,Apple Will Hit $140 - Cramer's Mad Money (7/14/15),0
2015-03-18,"Exxon Mobil, Apple Lead Dividend Payouts In S&P 500",0
2018-03-13,Road To Financial Independence: My February 88-Stock Portfolio Review With Big Apple Purchase,0
2017-12-15,"My Journey To Financial Independence: 86-Stock November Portfolio Update - Buying Apple, AbbVie And BMW",0
2017-11-22,Energy Transfer Partners - Strong Assets Grapple Financial Concerns,1
2017-05-01,"ING Groep NV Buys Apple, Energy Transfer Equity LP, Sprouts Farmers Market, Sells Bank of ...",0
2016-08-19,U.S. V. Apple - The Looming Trial Of The Century?,0
2016-05-16,"Warren Buffett Buys Apple, One Of Two Things Buffett Is Doing That He Doesn't Do",0
2015-12-14,Apple's Love/Hate Relationship With Taylor Swift Heats Up,-1
2016-04-26,Stocks Mixed Ahead Of Fed; Apple Gets Whacked,-1
2016-04-26,Stocks Quiet Ahead Of Fed; Apple Tests Support,1
2018-01-18,Apple's Plan Will Have A Multiplier Effect - Cramer's Mad Money (1/17/18),0
2020-05-12,"Mrj Capital Inc Buys Eaton Corp PLC, Sells Apple Inc, JPMorgan Chase, Aon PLC",0
2015-05-01,Apple Has Cursed The Market - Cramer's Mad Money (4/30/15),0
2017-11-22,Energy Transfer Partners - Strong Assets Grapple Financial Concerns,1
2017-07-31,"Oakworth Capital, Inc. Buys Apple Inc, iShares —…+ Year Treasury Bond ETF, iShares Russell ...",0
2017-03-06,Apple Chip Deal?,0
2016-12-12,Apple Supplier In Sale Talks,0
2018-09-08,"Stocks To Watch: Apple Event, Chinese Auto IPO To Headline",0
2016-06-15,"After The Close: Apple Supplier Cavium Buys QLogic; Envision, Amsurg To Merge",0
2017-02-06,"Insiders Week: Microsoft, Apple, Trinet Group",0
2019-03-24,Apple Makes Its Video-Streaming Move (Stocks To Watch Podcast),0
2019-03-23,Stocks To Watch: Apple Makes Its Video-Streaming Move,0
2016-12-01,Nasdaq Loses Key Support As Techs Sell Off; Apple Extends Losing Streak,-1
2020-04-24,"Dow Jones Erases 200-Point Gain On Coronavirus Stimulus; Intel Dives On Earnings, While Apple Nears New Buy Point",1
2020-02-19,"David Rolfe's Firm Cuts Apple, Visa",0
2020-02-11,"Marvin & Palmer Associates Inc Buys Apple Inc, JPMorgan Chase, Edwards Lifesciences Corp, ...",0
2019-11-20,"Top Analyst Reports for Apple, Comcast & NVIDIA",0
2018-09-24,"Nasdaq Closes Higher As Apple Gains, Though Marijuana Stocks Drag",1
2018-09-24,"Apple Pushes Nasdaq Up, FANG Stock Basing; Callaway Golf Keeps Bullish Trajectory",1
2017-08-31,Accuray (ARAY) Grapples With Falling Margin and Product Mix,-1
2017-07-25,2 Positives As Apple Nears Buy Point; Facebook Earnings On Tap,1
2016-10-28,"Week In Review: Apple, Amazon, Alphabet Are A-Listers On Crowded Earnings Stage",0
2016-10-26,"Stocks Drop In Early Trade As Apple, Boeing, Chipotle Fall, But Northrop Soars",-1
2016-10-26,"Stocks Open Lower; Apple, Edwards Dive; Akamai Surges",1
2016-10-25,"Apple Undercuts Buy Point On So-So Q4; Chipotle, Edwards Life Weak",-1
2016-10-24,"Apple, GM Are Buys Into Earnings Tuesday: Investing Action Plan",0
2016-07-29,"Apple, Facebook, Alphabet, Amazon, Ford, McDonald's Headlined Busy Week",0
2016-07-27,"Apple, Facebook Lead Nasdaq Higher; Dow Turns Up; Fed Leaves Rates Unchanged",1
2016-07-27,Stocks Rise At Open As Apple Hauls Techs Higher,1
2016-07-26,"Apple Earnings On Tap; Twitter, Edwards Lifesciences, Panera Bread Report",0
2016-06-10,"Tesla, Schlumberger, Apple Supplier Skyworks Lead Insider Trades",0
2016-04-26,"Apple, Twitter, Chipotle Fall As Big Earnings Reports Disappoint",-1
2015-12-14,"Stock Futures Dig Moderate Losses; Apple Stumbles, Jarden Leaps",-1
2015-09-29,Stocks Mixed As Rally Loses Steam; Apple Drags Despite Record Sales,-1
2015-07-15,Apple Will Hit $140 - Cramer's Mad Money (7/14/15),0
2015-02-04,Stocks End Mixed As Oil Sinks; Apple Clears Buy Point,0
2013-04-24,Stocks Open Lower In Higher Trade; Apple Down After Earnings,-1
2013-04-24,"Futures Slip On Orders Data; Boeing, Ford Rise, Apple Slides",-1
2012-10-12,"Google, DaVita Balance Leaders Against Apple's Dive",0
2012-09-17,Stocks Lower In Early Afternoon; Apple Nears 700,-1
2012-07-24,Stocks Lose More Ground; Apple Reports After Close,0
2012-04-25,"Edwards Lifesciences, Apple: S&P Gainers",0
2012-04-25,"Edwards Lifesciences, Apple: S&P Gainers",0
2017-05-04,"Oil Stocks Plunge, Snap Looks Snappier; Time To Sell Apple? Or Hold Longer?",-1
2016-12-30,"Stocks End Down, But Up For 2016; Apple, Microsoft Drag On Dow, Nasdaq",0
2016-12-01,Nasdaq Slumps On Chip Weakness; Apple Lags On IPhone 7 Concerns,-1
2019-11-12,"Georgetown University Buys SPDR S&P 5…… ETF Trust, iShares MSCI Japan ETF, Apple Inc, ...",0
2017-05-08,Apple Lifts Dow ETF; Tech Fund Hits Highest Level Since 2000,1
2018-06-27,Apple Pie And Harley-Davidson,0
2015-04-28,"Futures modestly lower, but Apple higher after earnings",1
2020-01-23,"Gain Access To Top Chipmaker, Key Apple Supplier With This Foreign Stock Play",1
2020-01-10,"Apple at All-Time High, Poised for an Upbeat Q1: ETFs to Benefit",1
2018-11-13,Apple Woes Trigger Tech Sector Rout: ETFs Under Threat,-1
2018-06-11,Apple's iPhone Order Cut Report May Hurt These ETFs,-1
2017-05-17,"Aristotle Capital Management, LLC Buys Acadia Healthcare Co Inc, Ansys Inc, Apple Inc, Sells ...",0
2013-11-28,Samsung Is Better Positioned For Long Term Growth Than Apple,1
2012-03-16,"South Korea ETF: The Anti-Apple Trade? (EWY, IDX)",0
2012-03-15,"South Korea ETF, The Anti-Apple Trade?",0
2015-07-22,Chip stocks down sharply following Apple/ARM/Linear's Q2 reports,-1
2019-06-02,"Apple's WWDC, DuPont's Return And Tariff Anxiety (Stocks To Watch Podcast)",0
2019-06-01,"Stocks To Watch: Apple's WWDC, DuPont's Return And Tariff Anxiety",0
2020-01-23,"Copperwynd Financial, LLC Buys Apple Inc, Target Corp, Qualcomm Inc, Sells Fastenal Co, Charter ...",0
2017-02-27,"Stocks Edge Lower, But Apple, Nvidia Up; Tesla Drops 4% On Goldman Downgrade",1
2017-01-25,"Nasdaq, Dow Shine; Which Stocks May Mirror Apple With Bottoming Base Breakouts?",1
2017-01-25,"Dow Tops 20K As Stocks Roar Ahead; Boeing Soars, Apple Extends Breakout",1
2017-01-24,"Stocks Up Again, Growth Stocks Shine; Apple Shrugs Off Downgrade",1
2016-11-30,Stocks Near Lows As Oil Surges; Goldman Leads Dow But Apple Weighs,0
2016-08-03,"Stocks Stay Positive As Oil Surges; Apple, Disney Lead Dow, Pfizer Lags",1
2016-05-17,"David Tepper Sells Out of Apple, Buys Facebook and Oil",0
2012-09-27,Stocks Extend Gains; Apple Rebounds,1
2016-07-07,"First Eagle Investment Is Acquiring Apple, Amazon",0
2019-04-14,"Spotlight On Earnings, Pinterest And Apple-Qualcomm (Stocks To Watch Podcast)",0
2019-04-13,"Stocks To Watch: Spotlight On Earnings, Pinterest And Apple-Qualcomm",0
2018-08-15,Dow Jones Cuts Some Losses As Oil Plunges; Why Apple Is Holding Firm,-1
2018-06-27,IBD Stock Of The Day: 'Apple Of Oil' Nears New Buy Point In Bullish Pattern,1
2018-09-08,"Stocks To Watch: Apple Event, Chinese Auto IPO To Headline",0
2020-02-19,"David Rolfe's Firm Cuts Apple, Visa",0
2019-10-11,Dow Jones Powers Higher Amid China Trade Optimism; Apple Stock Hits An All-Time High,1
2019-08-14,"CAMG Solamere Management, LLC Buys Apple Inc, Textron Inc, Cardinal Health Inc, Sells Marathon ...",0
2019-07-30,"Bfsg, Llc Buys Vanguard Real Estate, iShares Edge MSCI Min Vol USA, Fastenal Co, Sells Apple ...",0
2019-06-02,"Apple's WWDC, DuPont's Return And Tariff Anxiety (Stocks To Watch Podcast)",0
2019-06-01,"Stocks To Watch: Apple's WWDC, DuPont's Return And Tariff Anxiety",0
2017-06-06,"Stocks Rebound From Open; Apple Rally Fades, RV Maker Surges",1
2017-01-20,"Liberty Capital Management, Inc. Buys Apple Inc, Alphabet Inc, Celgene Corp, Sells Ford Motor ...",0
2016-10-11,"Stock Open Lower; Apple, Caterpillar, Airlines Climb",0
2012-02-13,Stocks Gain on Greek Austerity; Apple Above $500,1
2012-01-16,"Zacks Bull and Bear of the Day Highlights: Fastenal Company, CNO Financial Group, Apple, Google and Hewlett-Packard - Press Releases",0
2011-07-13,"Apple, Electronic Arts: New Targets, Estimates",0
2020-05-28,"Tredje AP-fonden Buys Microsoft Corp, Amazon.com Inc, Apple Inc, Sells iShares U.S. ...",0
2020-04-27,"Huntington National Bank Buys Apple Inc, NVIDIA Corp, Fidelity Total Bond, Sells iShares Core ...",0
2020-02-19,"After Apple, Facebook, and Amazon - Who are the Next Trillion Dollar Tech Titans?",0
2017-09-12,"Like Apple, This Market-Beating Dividend Play Is In Buy Range",1
2019-01-24,Markets Grapple With Government Dysfunction,0
2019-01-09,Apple Didn't Tell Us Anything New About China,0
2018-08-06,Apple's $1 Trillion Lesson And Benefits - Weekly Blog # 536,0
2016-09-01,Dodge Beats Tesla In Race To Partner With Google And Apple,0
2016-01-26,"Tricky Tuesday - China, Apple And The Fed",0
2020-03-01,Apple's Downgrade May Be the Beginning of a Much Larger Downturn,-1
2020-01-23,"Zacks Investment Ideas feature highlights: Tesla, Apple, Ford, General Motors and Fiat Chrysler",0
2020-01-09,"Tempur Sealy, Fiat Chrysler Automobiles, Spotify, Apple and Amazon highlighted as Zacks Bull and Bear of the Day",0
2019-07-31,Dow Jones Loses Early Lead But Apple Breakout Intact; Stock Market Awaits Fed Decision,-1
2019-07-28,"Headliners Include Apple, Beyond Meat And IBM (Stocks To Watch Podcast)",0
2019-07-27,"Stocks To Watch: Headliners Include Apple, Beyond Meat And IBM",0
2019-06-02,"Apple's WWDC, DuPont's Return And Tariff Anxiety (Stocks To Watch Podcast)",0
2019-06-01,"Stocks To Watch: Apple's WWDC, DuPont's Return And Tariff Anxiety",0
2019-04-28,"Eyes On Apple, Uber, F8 And Avengers (Stocks To Watch Podcast)",0
2019-04-27,"Stocks To Watch: Eyes On Apple, Uber, F8 And Avengers",0
2019-04-27,"Stocks To Watch: Eyes On Apple, Uber, F8 And Avengers",0
2018-10-28,Apple Looks To Recharge Tech Sector (Stocks To Watch Podcast),0
2018-10-27,Apple Looks To Recharge Tech Sector,0
2018-07-28,"Stocks To Watch: Apple, Harley And Tesla On The Marquee",0
2018-07-25,Apple Approaches New Buy Point; Grubhub Leads Growth Stocks Higher,1
2018-04-28,"Stocks To Watch: Apple, FOMC And China On Tap",0
2018-03-22,"Can You Get Market-Beating Growth Without Apple, FANG Stocks?",0
2017-11-28,Apple expected to test autonomous vehicles in Arizona,0
2017-05-02,Dow Higher On Intel Gain; Apple Q2 Earnings After The Close,1
2017-03-24,"Not Only Google: Apple Loves Fiat-Chrysler Too, As Evidenced By New Picture",0
2017-02-03,"Weekly Review: Apple, Facebook, Amazon, UPS, Schwab, Dow, Trump",0
2017-01-28,"Facebook, Apple, Amazon, Fed, Jobs Report: Investing Action Plan",0
2017-01-18,Donald Trump Still Thinks Apple Will Make iPhones In USA,0
2017-01-13,Week In Review: Trump Murders Drug Stocks; Apple Breaks Out; GM Bullish,1
2017-01-04,"Apple, Google Car Apps Get Pushback from Ford, Toyota",0
2016-12-22,Apple's New MacBook Pro Has 'Inconsistent' Batteries: Consumer Reports,-1
2016-10-24,"Techs Lead, QSR Drops Big; Why Apple Is Still In Buy Range After 2nd Breakout",1
2016-10-17,"Netflix Crushes Earnings, Apple's Car Problems?; Tesla's New Partner - Eye On Tech",1
2016-10-13,Retail Sales Rise 0.6%; No Apple iPhone 7 Effect,1
2016-09-21,"Twitter, Facebook To Stream Debates; Apple's Car?; BlackBerry New Phone - Eye On Tech",0
2016-09-10,Apple Car: Dozens Of Staff Exit Amid Strategy Shift,0
2016-09-02,"Week In Review: Apple Vs. EU, Hiring So-So, Auto Sales Fall, Salesforce Guides Low",-1
2016-09-01,Dodge Beats Tesla In Race To Partner With Google And Apple,0
2016-08-31,Apple: The European Union's Pointless Tax Crusade,0
2016-08-30,Apple Owes Ireland Billions - Good,1
2016-07-15,"With Apple, Google And Every Automaker In The Race, Tesla Crash Won't Slow Self-Driving Cars",0
2016-06-29,"Could Lyft's Network Buoy Apple, Google, GM In Self-Driving Battle?",1
2016-06-02,"Apple, Google, Toyota Dusted In Unicorn Uber's Ride-Hailing Race",-1
2016-06-02,Apple Challenging Tesla,-1
2016-05-26,"Eye On Tech: Alibaba Gets Probed By The SEC, And Apple Reportedly Explores EV Charging",0
2016-05-25,"Apple, GM Rush Into Ride Hailing But More Millennials Buy Cars",0
2016-05-24,"Toyota Joins Apple, GM In Finding Ride-Hailing Partners",0
2016-05-20,"Week In Review: 'Live' Fed, Buffett's Apple Bite, Wal-Mart EPS, Self-Driving Traffic Jam",0
2016-05-06,"Week In Review: Stocks Tested As Apple, Tesla, Under Armour Sell Off",0
2016-05-03,Apple's Big Losses: Would Tesla Acquisition Stop The Bleeding?,-1
2016-04-29,The Week In Review: Is Apple Still A Growth Enterprise? Is America?,0
2016-03-02,This Could Signal Apple's Car Ambitions Are Moving Forward,1
2016-03-02,Fiat Chrysler Automobiles wants to partner with Apple,0
2015-10-21,"Apple, Amazon Are Next After EU Starbucks Tax Ruling",0
2015-10-20,"After Starbucks, Fiat Penalties, Will EU Slam Apple?",-1
2015-10-15,What Will EU's Starbucks Tax Ruling Mean For Apple?,0
2015-10-01,"Stocks Give Up Early Gains As Apple, Illumina, Sucampo Slide",1
2015-07-21,"New Hire Sparks Apple Car Rumors, What You Need to Know - Stocks in the News",0
2015-05-28,Will Apple CarPlay And Android Auto Decide Your Next Car Purchase?,0
2015-05-07,European Commission Trying To Take A Bite Out Of Apple - Should Investors Worry?,-1
2015-03-09,"Tesla Cuts Jobs As Apple, Benz And China Rivals Loom",-1
2015-02-19,"No, Apple Won't Acquire Tesla - And Here Is Why",0
2015-02-14,Apple aftershocks: Maybe it's Toyota that should be worried?,-1
2011-06-05,Market Preview: Apple's Jobs in Spotlight,0
2010-06-08,"UBS, Apple: Tuesday's Headlines",0
2016-08-02,Apple-Backed Didi's Uber Deal,0
2018-07-13,Energy Recap: Apple Launches Clean Energy Fund In China,0
2018-04-13,Energy Recap: Apple Comes Clean?,1
2016-01-27,"The Rally Continues, But Apple May Slow The Momentum - Bezek's Daily Briefing",-1
2019-10-09,"Old North State Trust, LLC Buys iShares Core –-5 Year USD Bond ETF, BB&T Corp, Apple Inc, ...",0
2019-07-28,"Headliners Include Apple, Beyond Meat And IBM (Stocks To Watch Podcast)",0
2019-07-27,"Stocks To Watch: Headliners Include Apple, Beyond Meat And IBM",0
2016-08-19,U.S. V. Apple - The Looming Trial Of The Century?,0
2016-05-13,Apple Challenges Uber For The Future Of Driving,-1
2016-02-03,Apple Is #2,0
2015-12-30,Bold Bets For 2016 - From Apple To Icahn,0
2015-12-14,Apple's Love/Hate Relationship With Taylor Swift Heats Up,-1
2015-12-08,Apple Supplier NXP Muscles Up With Freescale Merger,0
2015-11-19,Two Apple Suppliers Among 3 Top Overseas Chipmakers,0
2015-11-19,Two Apple Suppliers Among 3 Top Overseas Chipmakers,0
2015-11-19,Two Apple Suppliers Among 3 Top Overseas Chipmakers,0
2015-11-19,Two Apple Suppliers Among 3 Top Overseas Chipmakers,0
2015-11-19,Chip Fever: Microsemi Ups PMC Bid Over Apple Supplier,0
2015-10-19,Microsemi Outbids Apple Supplier Skyworks For PMC,0
2015-10-17,Could Apple Stir Chip M&A Froth By Acquiring SanDisk?,0
2015-07-22,5 key takeaways from Apple's mixed Q3 earnings report,-1
2014-09-02,Why Is This Apple Supplier an Ideal Investment Candidate?,1
2013-11-13,"Apple iPad Mini 2 winners include Cirrus Logic, STMicro",0
2012-09-13,Apple iPhone 5 Suppliers See Rise In Shares,1
2012-08-16,Apple iPhone 5 Poised To Fill Chip Company Coffers,1
2012-08-15,Apple iPhone 5 'Tsunami' To Impact Chip Suppliers,-1
2018-04-23,"Whitener Capital Management, Inc. Buys Apple Inc, Walmart Inc, Exxon Mobil Corp, Sells Express ...",0
2019-03-17,Buy Apple For Great Total Return And Future 10% Growth,1
2019-01-10,"Zacks Earnings Trends Highlights: Apple, Chevron and Freeport-McMoRan",0
2018-04-12,Apple Looking to Buy Directly from Miners Sheds Light on Responsible Cobalt Supplies,0
2017-04-19,"Kessler Investment Group, LLC Buys Apple, Freeport-McMoRan, Aircastle, Sells Exxon Mobil, ...",0
2017-03-21,"Nasdaq Reverses After Opening At Record High On Apple, Facebook",0
2017-02-21,"Apple, Broadcom Hit Highs As PTs Raised; Freeport, Marriott Downgraded",-1
2017-02-01,Apple Shows It Is Still About Earnings - Cramer's Mad Money (1/31/17),0
2016-09-13,Stocks Open Lower; Bonds Flat; Apple Sparks On iPhone Preorders,0
2016-02-19,"Carl Icahn Buys AIG, Reduces Apple",0
2016-01-07,Stocks Drop On China Woes; Apple Sinks Below 100,-1
2020-04-15,"Searcy Financial Services Inc Buys First Trust DJ Internet Index Fund, Apple Inc, Sells ...",0
2020-01-22,"Appleton Group Wealth Management Llc Buys Schwab Emerging Markets Equity ETF, Industrial Select ...",0
2019-10-16,Appleton Group Wealth Management Llc Buys Schwab U.S. ...,0
2018-10-15,"Tech lunch break: Netflix, Apple lead back down",-1
2018-03-01,Multimedia Weekly Digest: Take A Bite Out Of Apple,0
2017-10-31,"Will Tech ETFs Hit New Highs Post Facebook, Apple Earnings?",-1
2016-10-24,"Your ETF Investing Action Plan This Week: Apple, Amazon And Solar",0
2016-04-28,"Tech Funds Finish Mixed With Apple, Facebook In Motion",0
2011-09-19,Apple's World Domination; Dave's Daily,0
2014-09-10,"Stock Futures Sketch Thin Gains; Apple Flat, Palo Alto In Motion",1
2014-01-07,"Amazon Leads Holiday Customer Scores, Apple Trails",-1
2013-05-22,"Enough Apple Pie, Alan Fournier Unloads Major American Companies",0
2013-01-03,"Stocks to Watch: Apple, AMD, Mellanox",0
2013-01-03,"Stocks to Watch: Apple, AMD, Mellanox",0
2012-10-31,Will Apple or Microsoft Be Under More Pressure?,-1
2012-10-31,Will Apple or Microsoft Be Under More Pressure?,-1
2011-01-03,"Apple: Analysts' New Targets, Estimates",0
2010-07-06,"Apple: Analysts' Upgrades, Downgrades",0
2017-07-26,"Eidelman Virant Capital Buys Ally Financial Inc, Apple Inc, Atento S. ...",0
2017-05-12,Pineapples Are Good for You,1
2016-11-01,"Stock Losses Pick Up Steam As Pfizer Slides, Apple Breaks Key Support",1
2017-12-19,"Nasdaq Leads Stocks Lower, With Microsoft, Apple Losing Buy Points",-1
2015-02-11,Apple: The First U.S. Company In The $700 Billion Market Value Club,0
2014-01-07,Apple And Amazon: Why Bill Miller Still Likes Them,0
2013-09-16,Uptrend Gains Traction Ahead Of Fed; Apple Gives Up Support,1
2020-03-17,"Dow Jones Futures Fall After New Rally Attempt In Coronavirus Stock Market Correction; Key Stocks To Watch Are Amazon, Apple",0
2019-12-09,"Thinking about trading options or stock in Apple, Bank of America, FedEx, General Motors, or ...",0
2019-10-09,"Thinking about trading options or stock in Apple, Citigroup, FedEx, Johnson & Johnson, or ...",0
2019-09-16,"FedEx, Adobe Systems, General Mills, Darden Restaurants and Apple are part of Zacks Earnings Preview",0
2019-04-26,"Barry Investment Advisors, LLC Buys Schwab US Aggregate Bond, Apple Inc, FedEx Corp, Sells ...",0
2019-04-25,"Raub Brock Capital Management LP Buys FedEx Corp, KeyCorp, Apple Inc, Sells Schwab US Dividend ...",0
2019-03-26,Better Buy Amid Tech Diversification: Apple (AAPL) vs. Amazon (AMZN) Stock,1
2019-03-24,Bitter Apple Puts,0
2019-01-09,Buy Microsoft (MSFT) Stock on the Dip Amid Apple (AAPL) Uncertainty?,1
2018-05-18,"Wesbanco Bank Inc Buys Apple Inc, Amazon. ...",0
2018-05-15,"Glenview added Express Scripts, exited Apple in Q1",0
2018-03-24,Stocks To Watch: Back To School For Apple,0
2018-03-13,Road To Financial Independence: My February 88-Stock Portfolio Review With Big Apple Purchase,0
2017-12-15,"My Journey To Financial Independence: 86-Stock November Portfolio Update - Buying Apple, AbbVie And BMW",0
2017-11-28,FedEx Grapples With TNT Express Cyberattack: Time to Dump?,-1
2017-09-20,"Stocks Flat, Apple Down, But Oil Stocks Rising; Will Snap Hit $10?",1
2017-09-20,Stocks Mixed Ahead Of Fed Decision; Apple Undercuts Key Support Levels,-1
2017-03-22,"Indexes Mostly Unchanged, But Microsoft, Apple, Intel Outperform In Dow",0
2017-03-21,"Nasdaq Reverses After Opening At Record High On Apple, Facebook",0
2017-03-20,"Apple, Nike, Cisco, Microsoft, FedEx Lead Investing Action Plan",0
2017-02-03,"Weekly Review: Apple, Facebook, Amazon, UPS, Schwab, Dow, Trump",0
2017-01-28,"Facebook, Apple, Amazon, Fed, Jobs Report: Investing Action Plan",0
2016-12-23,"Week In Review: Dow 20K Elusive; Boeing Meets Trump; Apple, Netflix Near Buys",-1
2016-12-16,"Apple Gets Buy Rating, Veeva Hits Buy Point, New Targets For FedEx, Oracle",1
2016-11-23,"Apple, Amazon, Macy's Lead Investing Action Plan For Black Friday",0
2016-08-21,"My Portfolio Update And Review Of 83 Stocks: Up 2 With Reynolds And Exelon, Down 1 With Apple",0
2016-08-30,Apple Owes Ireland Billions - Good,1
2019-07-28,"Headliners Include Apple, Beyond Meat And IBM (Stocks To Watch Podcast)",0
2019-07-27,"Stocks To Watch: Headliners Include Apple, Beyond Meat And IBM",0
2018-04-28,"Stocks To Watch: Apple, FOMC And China On Tap",0
2017-08-03,"Thanks Apple! Dow Reaches 22,000",0
2017-08-02,"Stocks Open Higher: Apple Breaks Out, Dow Clears 22,000",0
2017-08-02,"Caterpillar, Green Plains, Apple and Fire Eye highlighted as Zacks Bull and Bear of the Day",0
2017-08-02,"Stock Futures Mixed: Apple Soars, 2 Leaders Suffer Hard Hits",-1
2020-05-14,"Financial Partners Group, Inc Buys Microsoft Corp, Apple Inc, Amazon. ...",0
2019-03-24,Apple Makes Its Video-Streaming Move (Stocks To Watch Podcast),0
2019-03-23,Stocks To Watch: Apple Makes Its Video-Streaming Move,0
2019-09-08,"Apple, IPOs And German Auto (Stocks To Watch Podcast)",0
2019-09-07,"Stocks To Watch: Apple, IPOs And German Auto",0
2017-02-15,"Warren Buffett Reveals New Picks - Apple, Airlines, And Arb",0
2016-12-23,"Week In Review: Dow 20K Elusive; Boeing Meets Trump; Apple, Netflix Near Buys",-1
2016-03-21,"The Monday Morning Kickoff - Apple's Monday Event, Nike's Earnings, More Fed Head Jawboning And Good Friday",0
2016-01-07,Stocks Routed By Global Sell-Off; Apple Hit By Price Target Cut,-1
2015-12-23,"Apple PT Cut, Micron Lowered; Nike, Finish Line Upped",1
2015-12-22,"Chipotle Downgraded, Apple's PT Cut, Blackberry Upped",-1
2015-09-25,Nike Rallies After Big Numbers; Apple Loses Steam On Launch Day,-1
2014-09-09,Stocks Close Lower As Apple Influences Trading,0
2012-04-02,"Stocks Higher In Late Afternoon, Apple Back Above 600",1
2020-05-05,"Legacy Capital Partners, Inc. Buys Apple Inc, Colgate-Palmolive Co, Albemarle Corp, Sells ...",0
2019-11-18,"Pictet Asset Management Ltd Buys Thermo Fisher Scientific Inc, Microsoft Corp, Apple Inc, Sells ...",0
2019-11-12,"Royal London Asset Management Ltd Buys Apple Inc, Amazon. ...",0
2019-11-06,"Lyell Wealth Management, Lp Buys Fidelity National Information Services Inc, DexCom Inc, Apple ...",0
2019-07-28,"Headliners Include Apple, Beyond Meat And IBM (Stocks To Watch Podcast)",0
2019-07-27,"Stocks To Watch: Headliners Include Apple, Beyond Meat And IBM",0
2020-05-06,"Alta Capital Management Llc Buys Alphabet Inc, Apple Inc, Fiserv Inc, Sells The Middleby Corp, ...",0
2020-05-01,"Bull Street Advisors, LLC Buys Microsoft Corp, Apple Inc, Danaher Corp, Sells Dow Inc, Bank of ...",0
2019-09-08,"Apple, IPOs And German Auto (Stocks To Watch Podcast)",0
2019-09-07,"Stocks To Watch: Apple, IPOs And German Auto",0
2019-04-17,"Appleton Partners Inc Buys Schwab International Equity, The Estee Lauder Inc, SPDR Portfolio ...",0
2018-08-02,"Top Research Reports for Apple, Procter & Gamble & Citigroup",0
2018-04-04,"Summit Financial Group Inc Buys Highlands Bankshares Inc, Fiserv Inc, Apple Inc, Sells Exelon ...",0
2017-07-28,Apple (AAPL) to Report Q3 Earnings: Is a Beat in Store?,1
2017-01-24,"First National Bank Of Omaha Buys Zoetis Inc, CME Group Inc, Dr Pepper Snapple Group Inc, Sells ...",0
2015-10-19,"Repligen, DeVry Education, International Business Machines, Fiserv and Apple highlighted as Zacks Bull and Bear of the Day",0
2020-05-14,"Amtrust Financial Services, Inc. Buys Uber Technologies Inc, American Tower Corp, Apple Inc, ...",0
2019-07-31,"Dow Jones Futures: Fed, Apple Teach Key Stock Market Lessons; 5 Stocks Moving On Earnings",0
2019-05-02,"25 Upcoming Dividend Increases Including Apple, Exxon And One Dividend King",1
2016-01-08,"Stocks Hold Modest Losses, But Apple, Microsoft Lead Dow Gainers",1
2016-09-18,Dr Pepper Snapple Is Taking Right Measures To Address Industry Challenges,1
2016-08-05,Why Does Dr Pepper Snapple Keep Going Up?,0
2019-03-24,Apple Makes Its Video-Streaming Move (Stocks To Watch Podcast),0
2019-03-23,Stocks To Watch: Apple Makes Its Video-Streaming Move,0
2018-02-26,Apple? Home Depot? MasterCard? Orbital ATK? What Should I Buy?,0
2016-06-27,"This Apple Chipmaker, Nike, Wal-Mart Among Post-Brexit Buys: Analyst",0
2016-05-20,Stocks Rally; Apple On Track For Big Weekly Gain,1
2015-12-22,"Chipotle Downgraded, Apple's PT Cut, Blackberry Upped",-1
2015-10-08,Stocks Rally Into Close After Fed; Nike Leads Dow But Apple Drags,1
2015-10-08,"Stocks Slip Before Fed Minutes; Domino's, eBay, Apple Slide",0
2015-09-25,Stocks Mixed As Biotechs Sink; Apple Stages Downward Reversal,-1
2015-09-25,Nike Rallies After Big Numbers; Apple Loses Steam On Launch Day,-1
2015-09-25,Stocks Hold Solid Gains; Apple Suppliers Rise; Nike Boosts Dow,1
2018-05-15,"Glenview added Express Scripts, exited Apple in Q1",0
2016-08-09,Apple Pressuring iPhone Component Suppliers For Price Cuts,-1
2016-01-11,"Amazon Turns Up Heat On Apple With New, Smaller Echo",-1
2016-01-06,What Jabil Circuit Tells Us About Apple?,0
2015-05-08,Apple Watch threat looms over Fitbit IPO,-1
2013-10-23,Apple Mac Pro factory looks like something out of 'Terminator',0
2013-08-01,"Google, Apple, other gadget makers chant 'U-S-A! U-S-A!'",0
2012-09-21,"The Best Apple (AAPL) iPhone 5 Supplier Stocks? APH, FLEX, JBL & MOLX",1
2012-09-13,Apple iPhone 5 Suppliers See Rise In Shares,1
2010-12-16,Insider Trading Probe: Apple Info Divulged,0
2012-10-04,"This Fund Manager Beats the S&P, Shuns Apple and Loves a Certain Metric",0
2019-07-28,"Headliners Include Apple, Beyond Meat And IBM (Stocks To Watch Podcast)",0
2019-07-27,"Stocks To Watch: Headliners Include Apple, Beyond Meat And IBM",0
2018-04-28,"Stocks To Watch: Apple, FOMC And China On Tap",0
2013-04-22,Earnings Preview: Dr Pepper Snapple Group - Analyst Blog,0
2013-01-14,"Stocks Finish Mixed as Apple, Bank Shares Fall",0
2012-11-26,"Stocks to Watch: Knight Capital, Apple, Amazon (Update 1)",0
2012-11-26,"Stocks to Watch: Knight Capital, Apple, Amazon",0
2011-08-05,"AIG, Kraft, GM, Apple: New Targets, Estimates",0
2010-05-11,"Apple: Analysts' Upgrades, Downgrades",0
2019-06-25,Emerson Rolls Out Appleton FELED & FNLED Linear Luminaries,0
2016-07-26,"T. Rowe Price Buys Apple, Pepsi, Western Digital",0
2020-05-11,"Wisconsin Capital Management Llc Buys NVIDIA Corp, Apple Inc, Ansys Inc, Sells Intuitive ...",0
2020-01-10,Euronet's Unit Launches Monthly Billing Service for AppleCare,0
2016-11-02,"Stocks Down, Fed Stays Put; Why Apple Still Thumbs Its Nose At The Decline",-1
2014-11-20,"Apple, Intel Boost Nasdaq",1
2013-09-11,Stocks Mixed On Apple's Drop; FleetCor Hits New High,-1
2012-12-05,Stocks Close Mixed As Apple Hurts Nasdaq,-1
2012-11-09,"Stocks Improve Near Midday; Apple, Google Lift Nasdaq",1
2012-08-20,"Apple, Valero Energy Among Stocks Hitting 52-Week Highs Monday",0
2016-08-23,Apple Wants You To Feel Better,1
2016-08-19,U.S. V. Apple - The Looming Trial Of The Century?,0
2015-12-15,Stocks Romp Higher As Fed Meeting Begins; Apple Sits Rally Out,1
2015-12-09,Apple Falls On TV Delay Reports; Stocks Sell Off For 3rd Session,0
2015-11-19,"Stocks Rise; Goldman Likes Apple, But Technicals Look Terrible",1
2015-05-06,"Stocks Bleed More Red; Apple, LinkedIn Pressured Again",-1
2015-04-17,Global Worries Sink U.S. Stocks; Apple Breaches Support Level,-1
2016-09-30,"No Need To Ask Jeeves When You Can Ask Apple, Amazon, Facebook, Google",0
2016-04-13,Apple Faces 'Existential Threat' From Messenger Bots,-1
2018-05-15,"Glenview added Express Scripts, exited Apple in Q1",0
2017-06-12,"David Einhorn Sells Apple, Time Warner, FMC",0
2016-05-20,"Week In Review: 'Live' Fed, Buffett's Apple Bite, Wal-Mart EPS, Self-Driving Traffic Jam",0
2015-09-22,"4 Stocks Apple Could Buy for Its ""Flight of Fantasy"" Car",0
2019-11-04,Swapping Apple For Apple - October Dividend Portfolio Update,0
2018-03-13,Road To Financial Independence: My February 88-Stock Portfolio Review With Big Apple Purchase,0
2017-12-15,"My Journey To Financial Independence: 86-Stock November Portfolio Update - Buying Apple, AbbVie And BMW",0
2020-02-11,"Marvin & Palmer Associates Inc Buys Apple Inc, JPMorgan Chase, Edwards Lifesciences Corp, ...",0
2019-01-10,"Dow Jones, Nasdaq Erase Early Losses; 4 Clues Hint At Apple Stock Bottoming",-1
2019-01-03,New Age Beverages and China XD Plastics among consumer gainers; Apple and Fabrinet among losers,0
2018-05-23,Appleseed Fund Q1 2018 Quarterly Commentary,0
2017-02-07,"Dow, Nasdaq Come Off Highs; Apple Buoys Dow; HealthEquity Dives",1
2016-07-25,Stocks Extend Modest Losses; Analyst Raises Apple Price Target,1
2019-10-15,"PrairieView Partners, LLC Buys Apple Inc, Schwab U.S. ...",0
2017-11-17,"Do You Like Apple, Microsoft? They May Not Be As Extended As You Think",0
2017-07-27,Apple In Focus Ahead Of Earnings As 2 Big-Cap Funds Set Up,0
2015-02-05,Update: First Niagara's Early Adoption Of Apple Pay Adds To Its Current Beautification Project,0
2015-02-05,Update: First Niagara Will See Increased Revenues Thanks To Apple,1
2015-02-05,First Niagara now offering Apple Pay,0
2015-02-17,"Tiger Management's Julian Robertson Buys Apple, Netflix, Illumina, Sells Alibaba, EBay, MasTec",0
2019-09-18,Is Apple's Latest Corning Funding Related to Foldable Glass?,0
2019-09-10,Apple fall event kicking off (live updates),0
2019-03-24,Apple Makes Its Video-Streaming Move (Stocks To Watch Podcast),0
2019-03-23,Stocks To Watch: Apple Makes Its Video-Streaming Move,0
2018-11-13,Apple suppliers recover despite Qorvo guide cut,1
2018-11-12,"Apple suppliers drop on Lumentum guide, iPhone target cuts",-1
2018-11-05,Apple suppliers drop on production expansion halt,-1
2018-09-12,Apple suppliers to watch during the fall event,0
2018-09-11,What to expect during Apple's iPhone launch event,0
2018-09-10,"Apple Watch, AirPods to Hit by Trump's Proposed China Tariff",0
2018-07-31,What to watch in Apple's Q3 report today,0
2018-06-08,"Tech sector under pressure from Apple suppliers, semi equipment stocks",-1
2018-06-08,NAR: Apple drops iPhone parts orders by 20%; supplier stocks dip,-1
2018-04-02,Finisar down on report it's lost key Apple VCSEL deal,-1
2018-03-22,Apple's new iPhones could enter trial production in Q2,0
2018-03-05,Apple supplier Finisar will start production at new plant in October,0
2018-02-16,"Apple: IPhone Supercycle Delayed, Not Dead",-1
2018-01-29,Apple halving iPhone X production in Q1,1
2018-01-23,"Apple, suppliers move after JPMorgan says iPhone X build will weaken",-1
2018-01-19,"Apple Unveils $350B Investment Roadmap, to Pay Record Tax",0
2017-12-18,Confusion Over Finisar And Apple Agreement Provides Buying Opportunity,1
2017-12-13,Why Apple Awarded $390 Million To Finisar,0
2017-12-13,"Finisar clarifies Apple investment, Apple COO discusses $1B fund's limits",0
2017-12-13,Apple invests $390M in Finisar,0
2017-12-09,SHU Portfolio: Why We're Buying Apple,0
2017-07-06,"DnB Asset Management AS Buys Intel Corp, Microsoft Corp, Visa Inc, Sells Apple Inc, Abbott ...",0
2017-06-27,"Applied Optoelectronics, Finisar, Western Digital, Apple and Broadcom highlighted as Zacks Bull and Bear of the Day",0
2017-05-02,"Stocks Set To Fall On Apple; How To Play Facebook, Tesla Earnings",0
2017-04-12,"Stock Futures: Listen To These 3 Banks, Watch Opticals; Apple Gets 360° Review",0
2017-03-22,"Futures: After Tepid Rally, Apple Is In Buy Range, This Top Group Is Hot",1
2017-02-13,Apple iPhone 8 Could Be Late To AR Smartphone Game,0
2017-02-13,Apple Gets Price-Target Hike On AR-Enabled iPhone 8,1
2017-02-08,Lumentum Stock Breaks Out On Apple iPhone 3D Sensor Speculation,0
2016-12-21,"Will Apple, Smartphone Makers Drive Lumentum, Finisar Sales?",0
2016-12-09,"Stocks Up, Biogen Rebounds; Why Apple Is Flexing Strength Again",1
2016-12-05,Stocks Give Up Some Gains; Is Apple Creating A New Base?,1
2016-11-28,"Small Caps Lead Stocks Down; Apple Holds Firm, Finisar Soars",-1
2016-11-16,"Stocks Cool, But Nasdaq Edges Up; Is It Time To Invest In Apple Again?",1
2016-09-19,"Nasdaq Falls On Apple, Intel; Nvidia Tries To Break Out",0
2016-09-14,Stocks Close Mixed; Apple Leads Dow; Nasdaq Holds Above Key Level,0
2016-09-14,"Stocks Turn Mixed Even As Apple, Biotechs Strong",-1
2016-09-12,"Stocks Close At Highs; Apple, Wal-Mart Lead Dow",0
2016-09-09,"Week In Review: Apple iPhone 7 Doesn't Wow, Cheap Food Slams Grocers",0
2016-09-03,"Investing Action Plan: Apple, iPhone 7 On Tap, Is Among Top Techs Near Buys",1
2016-08-15,"Stocks Headed For Record Close; Intel, Apple Pace Techs",0
2015-12-10,"Stocks: Weak Open, Thin Gains; LendingTree, Chipotle, Apple Up",-1
2012-06-11,"Stocks to Watch: Apple, GE (Update 1)",0
2012-06-11,"Stocks to Watch: Apple, GE",0
2012-03-03,Apple's 'Something You Really Have To See': Tech Weekly,0
2012-03-03,Apple's 'Something You Really Have To See': Tech Weekly,0
2011-02-11,'Mad Money Lightning Round': Dip Into Apple,-1
2020-02-24,Dow Dives As Coronavirus Fears Intensify; Apple Breaks Support In Stock Market Rout,0
2019-12-03,"Dow Jones, Apple Stock Fall Sharply On New Trump Trade Comments",-1
2019-04-29,"Cubic Asset Management, LLC Buys Carnival Corp, Apple Inc, AdvanSix Inc, Sells Cigna Corp, ...",0
2018-06-11,Apple's iPhone Order Cut Report May Hurt These ETFs,-1
2017-09-21,"Apple Says Watch Has Connectivity Issues, Fix in the Offing",-1
2017-09-19,Apple Mocked by Huawei as it Takes on iPhone X with Mate 10,0
2017-09-12,Will Apple's iPhone X Push iPhone Sales to Over $1Trillion?,1
2011-03-25,Apple Targets #1 in Tech Industry - Analyst Blog,0
2018-11-09,"The Zacks Analyst Blog Highlights: Fitbit, Apple, Garmin and Fossil",0
2018-07-11,Sally Beauty Grapples With Declining Comps & Margins,-1
2016-08-09,Fossil Targets Apple Watch With New Smartwatch Lineup,0
2016-06-21,"Ray Dalio Sells Viacom and Exelon, Trims Apple and Pepsi",0
2016-05-13,"Week In Review: Apple, Macy's, Walt Disney Signal Consumer Slowdown",-1
2016-05-11,"Fossil Sees Watch 'Malaise' As Wearables, Apple Watch Threaten",-1
2016-04-19,Fitbit Can Win Against Apple,1
2016-03-22,"What Does Apple Watch Price Cut Mean For Wearables, Watchmakers?",0
2016-03-15,Is A Kate Spade Fossil Wearable Enough To Take On The Apple Watch?,0
2015-12-10,"Stocks: Weak Open, Thin Gains; LendingTree, Chipotle, Apple Up",-1
2015-11-05,"Apple Watch dominates, but new competition coming",-1
2015-11-05,"Apple Watch dominates, but new competition coming",-1
2015-10-13,"Teens cool with Apple, but with GoPro they can't even",0
2015-09-15,Apple Watch satisfaction badly lags first iPhone,-1
2015-08-24,China To Ding Tiffany? Signet To Take On Apple Watch?,0
2015-08-24,China To Ding Tiffany? Signet To Take On Apple Watch?,0
2015-08-12,Fossil Already Feeling The Heat From Apple Watch?,1
2015-08-12,Fossil Already Feeling The Heat From Apple Watch?,1
2015-08-10,"Apple Watch Sales? Fossil, Fitbit Provide Clues",0
2015-07-02,"After Getting Crushed On Apple Watch News, Fossil Looks Cheap Again",1
2015-05-08,Apple Opens 3rd-Parties Manufacturer Program for Watch - Analyst Blog,0
2015-05-07,Apple Opens 3rd-Parties Manufacturer Program for Watch - Analyst Blog,0
2019-10-31,"Peel Some Apple; Twitter Loses, TV Wins; Boeing CEO Must Go",-1
2019-06-18,"Beyond Up 24.5 Points, Facebook Above $190, Apple $195, Amazon $1,900, Frothy?",1
2019-05-15,"Barclays Plc Buys Apple Inc, The Communication Services Select Sector SPDR Fund, Chevron Corp, ...",0
2019-09-08,"Apple, IPOs And German Auto (Stocks To Watch Podcast)",0
2019-09-07,"Stocks To Watch: Apple, IPOs And German Auto",0
2018-10-11,"The Zacks Analyst Blog Highlights: AT&T, Netflix, Amazon, Disney, 21st Century Fox and Apple",0
2018-09-27,"Selling Sky Helps Disney (DIS) Take On Netflix, Amazon & Apple",0
2018-08-07,"The Zacks Analyst Blog Highlights: Disney, Twenty-First Century Fox, Comcast, Netflix, Amazon and Apple",0
2017-12-17,"Podcast: Net Neutrality, Disney-Fox, Apple-Shazam, Microsoft AI",0
2017-11-13,"The Zacks Analyst Blog Highlights: Apple, Broadcom, Qualcomm, Walt Disney and Twenty-First Century Fox",0
2017-11-10,"The Zacks Analyst Blog Highlights: Walt Disney Company, Apple, 21st Century Fox, Comcast and Netflix",0
2017-09-12,"New Apple TV Offers Live Sports, Netflix & Amazon 4K Content Coming to iTunes",0
2017-08-25,"David Dreman Exits Total, Reduces Bank of America, Apple",0
2017-08-16,Apple Plans to Spend $1 Billion on Original TV Programming,0
2017-05-31,"Warren Buffett Buys Apple Inc, Bank of New York Mellon Corp, Sells International Business ...",0
2017-05-22,"Warren Buffett Buys Apple Inc, Bank of New York Mellon Corp, Sells International Business ...",0
2017-05-17,"Warren Buffett Buys Apple Inc, Bank of New York Mellon Corp, Sells International Business ...",0
2017-05-16,"Warren Buffett Doubles Apple Stake, Cuts Twenty-First Century Fox in –st Quarter",0
2017-01-17,AT&T Streaming Foray Hits Snag; Did Apple Avoid Black Eye?,-1
2017-01-05,Apple App Store Subscription Billings Jump Amid Fee Cut,1
2016-12-30,Top 10 Trends To Watch For 2017: From Trump To Apple's iPhone 8,0
2016-11-28,AT&T Taps Apple TV In Launching DirecTV Now Streaming-Video Service,0
2016-11-25,AT&T Video Launch Might Feature Apple TV But Not CBS,0
2016-11-10,"John Malone Talks Up Apple Buy Of Disney, Likes AT&T Strategy",0
2016-11-01,"Watch Facebook, Alibaba, Apple, Fed: Wednesday Investing Action Plan",0
2016-10-31,Apple To Bid On Time Warner?; Tesla's Solar Roof Unveiled; M&A Train Rolls - Eye On Tech,0
2016-09-15,Why The Next Apple Could Come From A Drone Wildcatter,0
2016-06-08,"Apple Store App Revenue Shift May Be Good For Netflix, Pandora, HBO",1
2016-05-26,Where Would An Apple-Time Warner Deal Leave Hulu?,0
2016-05-26,"Apple M&A Options: Look At Time Warner, Netflix, Disney Market Caps",0
2016-05-06,"Week In Review: Stocks Tested As Apple, Tesla, Under Armour Sell Off",0
2016-03-23,"Apple Gains In Morgan Stanley Online Video Survey, Netflix Tops",1
2016-02-18,"Don't Expect Stand-Alone ESPN; Skipper Coy About Apple, Amazon",0
2016-02-17,"Top Funds Reshuffle Apple, Facebook, Northrop Stock In Q4 Moves",0
2016-01-13,Apple M&A speculation continues with Time Warner chatter,0
2016-01-13,"If Time Warner's Selling, Who's Buying? AT&T? Apple?",0
2019-06-02,"Apple's WWDC, DuPont's Return And Tariff Anxiety (Stocks To Watch Podcast)",0
2019-06-01,"Stocks To Watch: Apple's WWDC, DuPont's Return And Tariff Anxiety",0
2014-08-22,Is a Tesla-Apple Partnership for Model S on the Horizon? - Analyst Blog,0
2020-02-07,"HCR Wealth Advisors Buys Vanguard High Dividend Yield Index Fund, Apple Inc, First Trust ...",0
2018-03-22,"Can You Get Market-Beating Growth Without Apple, FANG Stocks?",0
2017-01-13,Week In Review: Trump Murders Drug Stocks; Apple Breaks Out; GM Bullish,1
2016-12-15,Columbia Sportswear Grapples with Headwinds: Time to Sell?,-1
2016-09-07,Stocks Dip As Apple Looms; Ackman Gives Chipotle Some Love,-1
2013-12-05,Stock Futures Mixed After Data; Apple Up On China Mobile Deal,0
2012-10-12,"Google, DaVita Balance Leaders Against Apple's Dive",0
2012-08-18,"Apple, Kors, Francesca Lead IBD 50's 5 Fashion Firms",0
2012-08-17,Indexes Trade Flat Or Slightly Up As Apple Hits New High,0
2012-03-14,"Stocks Mixed; Apple, Celgene Gain, But InvenSense Slips",1
2012-03-14,Stress Test Boosts Stocks; Apple Seizes New High,1
2018-07-28,"Stocks To Watch: Apple, Harley And Tesla On The Marquee",0
2017-02-15,"David Einhorn Buys Buffett's Monsanto, Retail, Apple in Q4",0
2017-01-13,Week In Review: Trump Murders Drug Stocks; Apple Breaks Out; GM Bullish,1
2016-12-23,"Week In Review: Dow 20K Elusive; Boeing Meets Trump; Apple, Netflix Near Buys",-1
2016-03-21,"The Monday Morning Kickoff - Apple's Monday Event, Nike's Earnings, More Fed Head Jawboning And Good Friday",0
2015-09-18,"Tesoro, Fred's, Tesla Motors, Starbucks and Apple highlighted as Zacks Bull and Bear of the Day",0
2020-02-07,"The Zacks Analyst Blog Highlights: Apple, Amazon, Inseego, Aspen and Frontline",0
2019-11-04,Swapping Apple For Apple - October Dividend Portfolio Update,0
2018-05-17,Stay Away From Apple Component Players - Cramer's Lightning Round (5/16/18),-1
2018-03-13,Road To Financial Independence: My February 88-Stock Portfolio Review With Big Apple Purchase,0
2017-12-15,"My Journey To Financial Independence: 86-Stock November Portfolio Update - Buying Apple, AbbVie And BMW",0
2014-12-11,"Apple, IBM to Develop Apps for iPhone, iPad - Analyst Blog",0
2017-03-06,Apple Chip Deal?,0
2010-03-04,'Mad Money' Recap: Apple Riding High With the iPad (Final),-1
2016-04-11,One Undervalued Apple Supplier You'll Regret Not Buying,0
2015-12-08,"Apple iPhone, IoT, Mergers Lift Avago Near Buy Zone",1
2015-11-27,"Apple Chip Suppliers NXP, Cirrus Retake Key Level",0
2015-10-30,"Chip Frenzy: Apple Supplier, Microsemi Trade Punches",0
2015-10-06,Apple Supplier Skyworks To Buy PMC-Sierra For $2 Billion,0
2015-08-04,"Apple suppliers SWKS, QRVO, AVGO, INVN, CRUS, NXPI, SYNA sell off",0
2015-07-29,Qorvo Pulls Apple Chip Suppliers Down With Q2 Views,-1
2015-07-22,Chip stocks down sharply following Apple/ARM/Linear's Q2 reports,-1
2015-05-28,Apple Supplier NXP Sells RF Unit To Help Close Merger,0
2015-05-27,"Avago Soars On Apple iPhone, But Storage May Hurt Q2",-1
2015-05-27,Top Apple Chip Supplier NXP Breaks Out Of Base,0
2015-05-21,"NXP Nears Buy Zone On Boost From Apple iPhone, IoT",1
2015-05-14,Apple Chip Supplier Avago Tech Spikes On Buyout Talks,0
2015-05-01,"NXP, Freescale rally amid bullish commentary; Apple Watch wins confirmed",1
2015-04-30,Apple Supplier Skyworks Cites Diversification In Beat,0
2015-04-30,"Apple Supplier Skyworks Earnings Hot, Guidance Strong",1
2015-04-29,"Apple Supplier NXP Semi Misses On Sales, Warns On Q2",-1
2015-04-29,Apple Supplier Among 3 Top Earnings Reports Tonight,0
2015-03-05,NXP Semiconductors: Betting On Smarter Cars And Apple,0
2015-03-02,NXP Semiconductors Merger Pays In Autos And - Apple?,0
2015-01-28,"Impressive Numbers That Matter: Abiomed Inc (ABMD), Freescale Semiconductor Ltd (FSL), Apple ...",1
2015-01-28,"Techs Haul Stock Futures Higher; Apple, Yahoo, Freescale Soar",1
2015-01-27,"Impressive Numbers That Matter: Abiomed Inc (Nasdaq:ABMD), Freescale Semiconductor Ltd (NYSE:FSL), Apple Inc (Nasdaq:AAPL)",1
2015-01-23,Apple Watch to supercharge use of wireless charging,0
2012-11-05,Intel Stock Hit By Report Of Possible Apple Defection,-1
2019-10-11,"Resource Sector Digest: The Value Of Apples, Oranges, And Ounces In The Ground",0
2018-01-19,"Ingalls & Snyder Llc Buys Berkshire Hathaway Inc, Apple Inc, Abbott Laboratories, Sells ...",0
2019-04-28,"Eyes On Apple, Uber, F8 And Avengers (Stocks To Watch Podcast)",0
2019-04-27,"Stocks To Watch: Eyes On Apple, Uber, F8 And Avengers",0
2019-04-27,"Stocks To Watch: Eyes On Apple, Uber, F8 And Avengers",0
2019-04-26,"Apple, IBM, Costco among those expected to raise payouts next week",0
2020-04-23,"–776 Wealth Llc Buys First Trust Enhanced Short Maturity ETF, Adobe Inc, Apple Inc, Sells ...",0
2019-03-24,Apple Makes Its Video-Streaming Move (Stocks To Watch Podcast),0
2019-03-23,Stocks To Watch: Apple Makes Its Video-Streaming Move,0
2019-02-22,"Factors of Influence in —…–9, Key Indicators and Opportunity within Apple, United ...",0
2013-05-06,"Stocks Start The Week Mixed; Apple, Nationstar Rising",0
2020-02-11,"Optimus Prime Fund Management Co., Ltd. Buys Yelp Inc, ServiceNow Inc, Fortinet Inc, Sells Apple Inc",0
2020-01-13,Apple Uses Daisy to Extract & Recycle Minerals From iPhones,0
2019-11-01,Dow Romps 260 Points As Apple Hits New High; This Dow Stock Is In Buy Range,1
2019-11-01,"Dow Jones Rallies On Big Jobs Report Beat; Alibaba, Apple, Fortinet Rise",1
2019-04-02,Apple (AAPL) Reduces Flagship Products' Prices in China,1
2019-03-13,Stock Market Rallies; Blue Chip Apple Stock Hits Three-Month High,1
2018-11-01,"Dow Jones Futures: Apple Stock Dives On Guidance, But Starbucks Signals Breakout",0
2019-11-04,Swapping Apple For Apple - October Dividend Portfolio Update,0
2011-11-17,"The Zacks Analyst Blog Highlights: Frontier Communications, AT&T, Apple, Verizon Communications and CenturyLink - Press Releases",0
2011-10-03,'Mad Money Lightning Round': Hold on Apple,-1
2010-09-20,"52-Week Highs: Apple, Qwest, Baidu",0
2016-07-25,Apples To Oranges: Why You Should Care More About Money Markets Than The iPhone 7,0
2020-04-23,"–776 Wealth Llc Buys First Trust Enhanced Short Maturity ETF, Adobe Inc, Apple Inc, Sells ...",0
2015-06-12,Ad-techs settle down from Apple content-blocking OS news,-1
2012-04-16,Stocks Mixed on Economic Data; Apple Tumbles,-1
2019-04-01,"Double-Digit Increases From Apple, Costco, Xilinx Among 14 Dividend Increases From Companies In April",1
2019-03-24,Apple Makes Its Video-Streaming Move (Stocks To Watch Podcast),0
2019-03-23,Stocks To Watch: Apple Makes Its Video-Streaming Move,0
2012-04-27,Life Without Apple Is Still Peachy for Some Fund Managers,-1
2012-04-27,Life Without Apple Is Still Peachy for Some Fund Managers,-1
2019-06-02,"Apple's WWDC, DuPont's Return And Tariff Anxiety (Stocks To Watch Podcast)",0
2019-06-01,"Stocks To Watch: Apple's WWDC, DuPont's Return And Tariff Anxiety",0
2018-06-02,"Stocks To Watch: Eyes On Apple's WWDC, SCOTUS And D.C.",0
2015-05-01,Apple Has Cursed The Market - Cramer's Mad Money (4/30/15),0
2018-05-11,Today Is D-Day: Ranking The Russell From Apple To First United,0
2019-07-25,"Trustcore Financial Services, Llc Buys First Trust VL Dividend, Johnson & Johnson, Apple ...",0
2015-04-17,"Seeking Alpha's Biotech Weekly: Celgene Check-Up, Is Gilead The New Apple?, And More",0
2020-02-18,Markets Crash On Apple Warning,0
2015-07-22,"Take Two Interactive, Forex Capital Markets, Apple, Microsoft and Yahoo highlighted as Zacks Bull and Bear of the Day - Press Releases",0
2020-04-15,"Secure Asset Management, LLC Buys Apple Inc, First Trust Health Care AlphaDEX, iShares Core ...",0
2019-07-03,"Dow Jones Stocks Apple, Microsoft Boost These 3 Top Tech Plays",1
2019-04-21,"Podcast: Apple-Qualcomm, Intel 5G, Samsung Galaxy Fold",0
2019-03-24,"Podcast: Nvidia GTC, Google Stadia, HP And Oculus VR, Apple",0
2019-02-10,"Podcast: Apple, 5G Vs. WiFi, Digital Privacy, Spotify",0
2018-11-12,Tech lunch break: Apple supplier woes sink sector,0
2018-11-02,Week in tech: Apple pulls red on soft holiday guide,1
2018-09-03,"Technology, Apple, And Did Tim Cook Pull Off A Remarkable Feat?",1
2018-05-01,Nasdaq futures add to gains after strong Apple report,1
2018-03-01,Multimedia Weekly Digest: Take A Bite Out Of Apple,0
2017-11-20,"S&P 500 Earnings, The Tech Sector And The Apple iPhone Cycle",0
2015-02-21,"S&P 500 Weekly Earnings Update: Ex-Apple And Energy, Q4 2014 Earnings Grow 4%-4.5%",1
2019-01-24,Markets Grapple With Government Dysfunction,0
2019-01-09,Apple Didn't Tell Us Anything New About China,0
2018-08-06,Apple's $1 Trillion Lesson And Benefits - Weekly Blog # 536,0
2016-01-26,"Tricky Tuesday - China, Apple And The Fed",0
2016-07-27,What We Got Wrong About Apple,-1
2015-05-28,Can Apple Watch Sales Regain Momentum & Beat Estimates? - Analyst Blog,1
2015-05-27,Apple (AAPL) Shares Decline as Mesa Facility Catches Fire - Analyst Blog,-1
2015-05-14,"The Zacks Analyst Blog Highlights: Apple, Alibaba Group Holding, Orbitz Worldwide and Gaiam - Press Releases",0
2015-05-13,Apple in Talks with Alibaba to Take Apple Pay to China - Analyst Blog,0
2016-08-21,"My Portfolio Update And Review Of 83 Stocks: Up 2 With Reynolds And Exelon, Down 1 With Apple",0
2015-08-24,Indexes Slump In Volatile Session; Cook Email Lifts Apple,1
2012-03-07,"Zacks Bull and Bear of the Day Highlights: Apple, AGL Resources, Skechers USA, Deckers Outdoor and Nike - Press Releases",0
2020-01-27,"Kahn Brothers Buys ViewRay Inc, Apple Inc, Comcast Corp, Sells Merck Inc, Glacier Bancorp Inc, ...",0
2010-09-14,Cramer's 'Mad Money' Recap: Apple New Retail King (Final),0
2019-11-26,"NVIDIA, Greenbrier, Uber, Amazon and Apple highlighted as Zacks Bull and Bear of the Day",0
2019-01-04,"Zacks Value Trader Highlights: Apple, NVIDIA, Colfax, Greenbrier and KBR",0
2014-11-13,Stock Movers: Apple Among 4 Big Caps Up In Big Volume,1
2014-07-07,CBOE Grapples with Tepid Near-Term Volumes - Analyst Blog,-1
2020-03-29,"Stereo Bluetooth Headsets Market [Review: —…—…-—…—9] | Top Players – Apple Inc, ...",0
2020-02-29,"Digital Pen Market (New PDF) [Review: —…—…-—…—9] | Top Players – Apple Inc, ...",0
2020-02-27,"Wearable AI Market (New PDF) [Review: —…—…-—…—9] | Top Players – Apple Inc, ...",0
2020-02-06,"Apple Fibre Market —…—… : Top Countries Data, Market Size, Defination, Global Analysis, ...",0
2020-01-31,"Smartwatch Market (PDF) [Review: —…—…-—…—9] | Top Players – Apple Inc, Google ...",0
2020-02-11,"Cooper Buys Apple Inc, Gannett Co Inc, Amazon.com Inc, Sells SunTrust Banks Inc",0
2016-12-30,"What Nvidia, Apple, Facebook Insiders Did Right Before Year-End",0
2016-08-19,U.S. V. Apple - The Looming Trial Of The Century?,0
2016-08-02,Apple-Backed Didi's Uber Deal,0
2016-07-20,A New Apple Partnership?,0
2016-06-10,"Carl Icahn Sells Apple, Tegna, Paypal",0
2016-06-06,3-Way Apple V. Google V. Amazon Voice Assistant Battle Will Drive M&A,0
2016-06-02,Apple Challenging Tesla,-1
2016-05-27,Week In Review: Apple-Led Stocks Rise Above Fed; Autos Hitch Ride; Oil Hits $50,1
2016-05-26,Apple's Next Moves? Hints From M&A Talks,0
2016-05-23,Stocks Edge Up; Apple Atop Dow On iPhone Report As Suppliers Soar Too,1
2016-05-16,"Warren Buffett Buys Apple, One Of Two Things Buffett Is Doing That He Doesn't Do",0
2016-04-29,The Week In Review: Is Apple Still A Growth Enterprise? Is America?,0
2016-04-25,Stocks Quiet Ahead Of Fed; How Will Apple Fare?,1
2013-08-06,"Apple's iTunes tops Netflix, Amazon in customer survey",0
2012-04-16,Stocks Ended Mixed; Apple Tumbled,-1
2017-01-13,Week In Review: Trump Murders Drug Stocks; Apple Breaks Out; GM Bullish,1
2015-12-07,Comparing Apples With Oranges,0
2018-07-30,The Best Way To Invest In Apple Pay Is Not Through Apple,0
2017-10-06,"Bears Quiet, Apple Up For Week; Will These 3 Stock Leaders Win Big In Q4?",1
2014-09-16,Total System Allies with iMobile3 to Support Apple Pay - Analyst Blog,0
2020-02-09,"Apple Cider Vinegar Market —…—…: Industry Overview by Size, Share, Future Growth, ...",0
2020-02-06,"Apple Fibre Market —…—… : Top Countries Data, Market Size, Defination, Global Analysis, ...",0
2020-02-24,Dow Dives As Coronavirus Fears Intensify; Apple Breaks Support In Stock Market Rout,0
2019-10-11,"Resource Sector Digest: The Value Of Apples, Oranges, And Ounces In The Ground",0
2017-07-25,"Stocks Mixed; Apple, Top Techs Still In Reach With These 2 Plays",0
2017-06-12,These 3 Sectors Ignore Market Sell-Off; Is Apple Done for Now?,0
2017-06-07,"Apple Boosts Dow; Gold, Oil Slip, But This Sector Outperforms Again",1
2017-06-06,Apple Boosts Chip Stock; Gold Soars; Wal-Mart Weighs On Dow,1
2017-05-09,"Apple, Airlines Get Buffett Boost, But Dow ETF Turns Negative",-1
2017-05-08,Apple Lifts Dow ETF; Tech Fund Hits Highest Level Since 2000,1
2018-05-09,"Alpine Woods Capital Investors, Llc Buys Franklin Resources Inc, Dr Pepper Snapple Group Inc, ...",0
2015-05-01,"Fr. Emmanuel Lemelson Discusses Apple's iPhone Sales, World Wrestling Entertainment's Strategy And Other Issues",0
2015-03-30,"Fr. Emmanuel Lemelson Discusses Apple's Economic Prospects, World Wrestling Entertainment's Financial Condition And Other Issues",0
2018-10-28,Apple Looks To Recharge Tech Sector (Stocks To Watch Podcast),0
2018-10-27,Apple Looks To Recharge Tech Sector,0
2015-05-06,Stocks Down At Midday; Apple Flirts With Sell Signal,-1
2018-07-13,Energy Recap: Apple Launches Clean Energy Fund In China,0
2018-04-13,Energy Recap: Apple Comes Clean?,1
2018-05-15,"General Re New England Asset Management Inc Buys Apple Inc, USG Corp, Royal Dutch Shell PLC, ...",0
2016-11-16,"Ray Dalio Raised Apple, Intel in 'rd Quarter",0
2016-11-16,"Ray Dalio Raises Apple, Intel in 'rd Quarter",0
2016-07-20,A New Apple Partnership?,0
2016-05-16,"Warren Buffett Buys Apple, One Of Two Things Buffett Is Doing That He Doesn't Do",0
2012-04-27,Life Without Apple Is Still Peachy for Some Fund Managers,-1
2018-05-15,"Berkshire doubles stake in Teva; adds to Apple, Monsanto in Q1",0
2019-07-30,Apple & Other Tech Giants Set to Beat Earnings This Season,1
2017-07-28,Apple (AAPL) to Report Q3 Earnings: Is a Beat in Store?,1
2016-09-02,"Week In Review: Apple Vs. EU, Hiring So-So, Auto Sales Fall, Salesforce Guides Low",-1
2016-08-30,Stocks Drop Mildly; Investors Yawn At Apple's $14.5 Billion Tax Bill,-1
2016-08-30,"Stocks Drift Lower; Apple Dips As Hershey, Abercrombie Dive",-1
2014-10-01,"Holiday Shopping May Favor Hot Stocks, Apple iPhone 6",0
2020-05-13,"Healthcare Of Ontario Pension Plan Trust Fund Buys Allergan PLC, Mastercard Inc, Apple Inc, ...",0
2020-05-04,"David Carlson's Elfun Trusts Cuts Visa, Apple, Microsoft",0
2020-05-04,"Elfun Trust Cuts Visa, Apple, Microsoft",0
2020-05-01,"Dow Jones Today, Futures Fade On Earnings News, Trump Trade Threat; Amazon, Apple Backtrack",-1
2020-05-01,"The Zacks Analyst Blog Highlights: Amazon, Apple, Gilead Sciences, Amgen and Visa",0
2020-04-30,"Dow Jones Futures: Apple, Amazon, Atlassian Test Buy Points On Earnings As Coronavirus Stock Market Rally, Tesla Hit Brakes; Amgen, Gilead Near Breakouts",1
2020-04-12,"Dow Jones Futures: Coronavirus Stock Market Rally Awaits OPEC+ Production Deal; Microsoft, Netflix, Nvidia, Veeva, MSCI, Gilead, Apple Supplier Lumentum In FocusS",0
2020-01-15,"Wedge Capital Management L L P Buys US Foods Holding Corp, Apple Inc, Skyworks Solutions Inc, ...",0
2019-11-04,Swapping Apple For Apple - October Dividend Portfolio Update,0
2019-09-08,"Apple, IPOs And German Auto (Stocks To Watch Podcast)",0
2019-09-07,"Stocks To Watch: Apple, IPOs And German Auto",0
2019-04-28,"Eyes On Apple, Uber, F8 And Avengers (Stocks To Watch Podcast)",0
2019-04-27,"Stocks To Watch: Eyes On Apple, Uber, F8 And Avengers",0
2019-04-27,"Stocks To Watch: Eyes On Apple, Uber, F8 And Avengers",0
2019-01-03,Stock Futures Tumble As Apple Cripples Global Tech Stocks,-1
2018-11-01,"Parallel Advisors, LLC Buys Apple Inc, Vanguard Short-Term Bond, Invesco S&P 5…… Equal ...",0
2018-09-27,"Guide to CRISPR Stocks & Latest Apple, Fed, GDP News | Free Lunch",0
2018-07-06,"Stonebridge Capital Management Inc Buys Apple Inc, Starbucks Corp, International Business ...",0
2018-06-13,Apple: Can Shares Double Again In 2 Years?,1
2018-05-24,"The No. 1 Stock In The World (Revisited) - Visa And Apple Up, Kinder Morgan And Gilead Down",0
2018-05-02,"The Zacks Analyst Blog Highlights: Apple, Snap, Gilead and T-Mobile U.S.",0
2018-05-02,"The Fed Expected To Hold Steady, Apple Beats, Facebook Dates (Wall Street Breakfast Podcast)",1
2018-04-28,"Stocks To Watch: Apple, FOMC And China On Tap",0
2018-04-27,"AbbVie's Q1: It May Be Biotech's Apple, Circa 2005",0
2020-04-15,"Diversified Investment Strategies, LLC Buys Miller Industries, Schwab US Aggregate Bond, Apple ...",0
2017-01-10,Nasdaq Hits New High; Nvidia Price Target Hiked; Can Apple Follow Through?,1
2016-12-01,Nasdaq Loses Key Support As Techs Sell Off; Apple Extends Losing Streak,-1
2016-11-30,Stocks Near Lows As Oil Surges; Goldman Leads Dow But Apple Weighs,0
2016-11-16,Apple Nears Buy Point As Most FANG Stocks Rise Modestly,1
2016-11-07,Stocks End Strong; Is Apple On Track To Break Out Again?,1
2016-11-07,"Stocks Roar Ahead; Dow Regains Key Support As Microsoft, Apple Rally",1
2016-10-28,Indexes Down In Erratic Session; Gigamon Soars; Why You Should Hold Apple,0
2016-10-28,"Week In Review: Apple, Amazon, Alphabet Are A-Listers On Crowded Earnings Stage",0
2016-10-13,"Apple Price Target Raised; Gigamon, GrubHub Rated Buys",1
2016-09-19,"Nasdaq Fades After Strong Start; Apple Slumps, Small Caps Hold Up",-1
2016-09-19,"Stocks Close Lower Ahead Of Fed; Apple, Intel Weigh",0
2016-09-15,"Stocks Gain Momentum; Apple Pumps Higher, Still In Buy Range",1
2016-09-14,Biotechs Help Nasdaq To Small Gain; Apple's Rise Fails To Spur Dow,-1
2016-09-14,Stocks Close Mixed; Apple Leads Dow; Nasdaq Holds Above Key Level,0
2016-09-13,"Acacia, Ambarella, Apple, Facebook Lead Wednesday's Investing Plan",0
2016-09-08,"Stocks Fall On ECB, Apple, Nike; Oil Prices Rally",0
2016-09-07,"Stocks Nearly Flat As Apple Fails To Excite, But Nintendo Soars",-1
2016-08-30,"Stocks Dip, Volume Rises; Apple Extends Losses On EU Ruling",1
2016-08-30,"Apple, Boeing, Nike Biggest Dow Losers As Stocks Remain Stuck In Red",-1
2016-07-27,"Akamai Revenue Growth Tanks As Apple, Facebook Shift Traffic",1
2016-07-18,"Apple, Tesla Lead Nasdaq To Big Gains, But Netflix Sinks After Hours",1
2016-06-17,Stocks Fall Ahead Of Brexit Vote; Bad News For Apple,-1
2015-01-07,Apple's Beats Electronics Sued by Monster LLC - Analyst Blog,0
2014-12-29,Apple's iPhone 6 Mini Set for 2015 Debut? - Analyst Blog,0
2014-12-08,Apple (AAPL) Plans to Launch iPhone 6 Mini Version in 2015 - Analyst Blog,0
2019-03-24,Apple Makes Its Video-Streaming Move (Stocks To Watch Podcast),0
2019-03-23,Stocks To Watch: Apple Makes Its Video-Streaming Move,0
2018-08-14,Einhorn's Greenlight Capital cuts Apple stake by 77%,0
2018-01-25,ILS Market Issuance And Innovation To Continue In 2018: Appleby,1
2016-02-01,"Through M&A, China Is After The Smartphone / Apple Supply Chain",0
2015-09-03,Apple Is Wrong To Limit Free Item Giveaways On Games,0
2015-04-29,"Apple Watch Taps Out, Tencent Buys Some Glu",0
2014-08-12,These 2 Companies Are Looking to Deliver Growth Beyond Apple,1
2014-07-11,"Facebook, Apple, Amazon zinged by late-night comics",0
2015-07-07,Apple: A Top Fidelity Manager Sticks By The Stock,0
2015-05-19,"The Zacks Analyst Blog Highlights: Keurig Green Mountain, Dr Pepper Snapple Group and WhiteWave Foods - Press Releases",0
2015-04-01,Policy Of Sharing Success With Shareholders Earns Dr Pepper Snapple A Bullish Thesis,1
2015-01-07,Keurig Green Mountain And Dr. Pepper Snapple Group Extend Their Partnership As K-Cup Sales Decelerate,0
2014-10-23,"Dr Pepper Snapple Beats Earnings, Revenues, Ups FY View - Analyst Blog",1
2014-06-16,"Chipotle, Apple Among Stocks Early In Base Count",0
2014-05-23,Apple And Harley Among Revolutionary American Brands,1
2014-02-07,"Jobs News Trips Stock Futures; Apple, Expedia, Athena Rising",0
2013-11-27,"Stocks Step Quietly Higher; Apple, Green Mountain Rising",1
2013-09-23,Stocks Slump in Early Trade; Apple Rockets On iPhone Sales,-1
2013-09-11,"Stocks Open Narrowly Mixed; Apple, United Rentals Crumble",0
2013-08-14,"Stocks Trip In Firm Trade; Apple Gains; Deere, Macy's Slip",1
2013-07-02,"Stocks Move Up in Mixed Trade; Apple, Auto Makers Rising",0
2013-04-30,Apple Leads Tech Stock Rally; New All-Time High For S&P 500,1
2013-04-24,Stocks Open Lower In Higher Trade; Apple Down After Earnings,-1
2012-11-26,"Stock Mixed As Nasdaq Extends Win Streak, Apple Helps",1
2012-10-10,"GMCR, DPS Sign Deal for Snapple - Analyst Blog",0
2012-07-05,"Apple, Kohl's Among Stocks Up on High Volume Thursday",0
2012-05-31,Einhorn Takes on the Apple Haters: No Law Against a $1 Trillion Market Cap,0
2012-05-16,"Short-Seller Einhorn Likes Apple, Rips 'Batman' Bezos",0
2012-04-23,"Zacks' Voice of the People highlights opportunities with Apple, Green Mountain Coffee Roasters, Netflix, First Solar and Amazon.com - Press Releases",1
2012-02-14,"Zacks' Voice of the People highlights opportunities with Apple, Netflix, Green Mountain Coffee Roasters and Amazon.com - Press Releases",1
2011-12-01,"Zacks' Voice of the People highlights opportunities with Netflix, Green Mountain Coffee Roasters, Best Buy and Apple - Press Releases",1
2011-10-18,'Fast Money' Recap: Trading Apple,0
2019-09-08,"Apple, IPOs And German Auto (Stocks To Watch Podcast)",0
2019-09-07,"Stocks To Watch: Apple, IPOs And German Auto",0
2019-06-02,"Apple's WWDC, DuPont's Return And Tariff Anxiety (Stocks To Watch Podcast)",0
2019-06-01,"Stocks To Watch: Apple's WWDC, DuPont's Return And Tariff Anxiety",0
2019-03-25,Videogame stocks see volume as Apple announces Arcade gaming service,0
2019-01-28,GameStop -3% as Apple mulls gaming service,0
2018-03-24,Stocks To Watch: Back To School For Apple,0
2017-03-10,Apple: The Real Dividend Yield Is Much Higher Than You Would Think,1
2017-01-31,"Apple Earnings, Sales Top; Match Guides Low; AMD, Oclaro Beat",1
2017-01-28,"Facebook, Apple, Amazon, Fed, Jobs Report: Investing Action Plan",0
2016-03-21,"The Monday Morning Kickoff - Apple's Monday Event, Nike's Earnings, More Fed Head Jawboning And Good Friday",0
2015-09-14,Google's New Android Pay Or Apple Pay: Who Will Win?,1
2015-06-04,Apple Will Not Dominate Car Infotainment - Cramer's Mad Money (6/3/15),0
2015-05-28,Google Steps Up Mobile-Pay Game Vs. Apple,0
2015-04-15,"Teens love iPhones, Netflix, but not hot for Apple Watch",0
2014-10-08,"Apple, Netflix, GameStop score well in U.S. teen survey",1
2014-04-09,U.S. teen survey shows high interest in Apple iWatch,1
2013-09-10,Kids choosing Apple iPhone over Nintendo DS for video games,0
2013-08-30,Apple hopes trade-in program prompts new iPhone sales,1
2013-08-30,Apple hopes trade-in program prompts new iPhone sales,1
2013-06-28,"Apple, Google could shake up console video game market",0
2013-06-06,Apple wants your old iPhone for trade-in value,0
2010-03-30,"Hot Topics: Apple iPhone HD, Nissan Leaf",0
2010-03-30,"Hot Topics: Apple iPhone HD, Case-Shiller",0
2010-03-03,"Apple, Little Understood, Is Best-Run Company",1
2020-01-28,"Get In on the AI Health Care Revolution With Globus, BioXcel, Apple, Amazon and Google",0
2014-09-09,Stocks Close Lower As Apple Influences Trading,0
2016-07-25,Apples To Oranges: Why You Should Care More About Money Markets Than The iPhone 7,0
2017-11-29,"GNC Holdings Grapples With Margin Weakness, Stiff Competition",-1
2012-10-08,"Stocks Fall As Apple Hurts Nasdaq, But PetSmart, CarMax Up",-1
2012-07-23,"IBD 50: Apple, Alexion Lead Top 5 Earnings This Week",0
2012-07-23,"IBD 50: Apple, Alexion Lead Top 5 Earnings This Week",0
2012-05-21,IBD 50: Five Top Stocks Outperforming Apple Right Now,1
2012-05-19,IBD 50: Five Top Stocks Outperforming Apple Right Now,1
2012-04-25,"Apple, Sprint Nextel, Boeing Hoist Stock Futures",0
2020-05-15,"Profund Advisors Llc Buys Groupon Inc, Generac Holdings Inc, Baker Hughes Co, Sells Apple Inc, ...",0
2018-12-28,"Apple to Assemble Premium iPhones in India, Create Jobs",0
2017-09-10,S&P 500 Futures: 4 Hurricane Stocks To Watch; Apple Is The X Factor,0
2013-10-28,Stocks Inch Quietly Higher; Apple Gains Ahead Of Earnings,1
2020-05-05,"Long Road Investment Counsel, LLC Buys Apple Inc, Air Products & Chemicals Inc, Johnson ...",0
2015-10-20,"Zacks Investment Ideas feature highlights: Accenture, Quest Diagnostics, Dr Pepper Snapple, Gentex and Target",0
2015-01-12,"Apple, Google Could Be Hurt By Weaker Euro, Yen",-1
2017-01-25,"Amazon, Apple, And Netflix Versus Liberty",0
2016-12-21,17% Pop On Apple Supplier Deal,0
2014-01-07,Apple And Amazon: Why Bill Miller Still Likes Them,0
2013-05-07,"Savant Edward Lampert, Top Six Holdings - Great Gains Despite One Bad Apple",1
2013-01-16,Stocks Mixed on Earnings Caution; Apple Rebounds,-1
2012-02-21,"Apple, Alcoa: S&P 500 Gainers",0
2010-04-05,"Apple: Analysts' Upgrades, Downgrades",0
2016-02-16,Stocks Extend Gains; China News Lifts Apple; ADT Soars On Buyout,1
2017-11-28,FedEx Grapples With TNT Express Cyberattack: Time to Dump?,-1
2020-05-06,"Cadinha & Co Llc Buys Amgen Inc, Barrick Gold Corp, Apple Inc, Sells iShares Core S&P ...",0
2019-10-25,"Sage Rhino Capital Llc Buys ishares Gold Trust, Apple Inc, Barrick Gold Corp, Sells Aramark, ...",0
2018-12-10,"Stock Losses Increase, But Qualcomm Up On Apple Patent Case",1
2016-07-06,"Nasdaq Turns Higher, S&P 500 Flat As Analysts Debate Apple's iPhone",1
2012-10-11,"Stock Futures Rising; Google, Apple, Ebay Lead Techs",1
2012-09-17,Stocks Lower In Early Afternoon; Apple Nears 700,-1
2012-03-15,Stocks Rise On Economic Data; Apple Briefly Hits 600,0
2012-03-14,Stress Test Boosts Stocks; Apple Seizes New High,1
2011-10-13,'Mad Money Lightning Round': Apple Going Higher,1
2020-05-28,"Tredje AP-fonden Buys Microsoft Corp, Amazon.com Inc, Apple Inc, Sells iShares U.S. ...",0
2020-05-15,"Bill & Melinda Gates Foundation Trust Buys Schrodinger Inc, Apple Inc, Amazon.com Inc",0
2020-05-15,"ProShare Advisors LLC Buys Microsoft Corp, Apple Inc, Amazon.com Inc",0
2020-05-14,"American Century Companies Inc Buys Microsoft Corp, Amazon.com Inc, Apple Inc",0
2020-05-13,"Achmea Investment Management B.V. Buys Alphabet Inc, Merck Inc, Visa Inc, Sells Apple Inc, ...",0
2020-05-12,"Fishman Jay A Ltd Buys Apple Inc, Amazon. ...",0
2020-05-11,"MainStreet Investment Advisors LLC Buys Microsoft Corp, Apple Inc, Amazon. ...",0
2020-05-11,"Tredje AP-fonden Buys Microsoft Corp, Amazon.com Inc, Apple Inc, Sells iShares U.S. ...",0
2020-05-11,"Shell Asset Management Co Buys Apple Inc, Microsoft Corp, Alibaba Group Holding",0
2020-05-08,"Chase Investment Counsel Corp Buys Apple Inc, Microsoft Corp, PepsiCo Inc, Sells Euronet ...",0
2020-05-08,"Frontier Wealth Management LLC Buys Microsoft Corp, Apple Inc, VanEck Vectors Gold Miners, ...",0
2020-05-06,"Alta Capital Management Llc Buys Alphabet Inc, Apple Inc, Fiserv Inc, Sells The Middleby Corp, ...",0
2020-05-04,"Congress Park Capital LLC Buys Blackrock Muniyield Fund Inc, Apple Inc, EnerSys, Sells The Walt ...",0
2020-05-04,"Zacks Investment Ideas feature highlights: Google, Facebook, Apple, Microsoft and Amazon",0
2020-03-24,"Portfolio Review: Apple, MSC Industrial, PepsiCo, Mastercard",0
2019-06-02,"Apple's WWDC, DuPont's Return And Tariff Anxiety (Stocks To Watch Podcast)",0
2019-06-01,"Stocks To Watch: Apple's WWDC, DuPont's Return And Tariff Anxiety",0
2016-08-21,"My Portfolio Update And Review Of 83 Stocks: Up 2 With Reynolds And Exelon, Down 1 With Apple",0
2015-09-22,"4 Stocks Apple Could Buy for Its ""Flight of Fantasy"" Car",0
2012-03-06,"Zacks Bull and Bear of the Day Highlights: Genuine Parts, Sunoco, Electronic Arts, Apple and Zynga - Press Releases",0
2019-04-14,"Spotlight On Earnings, Pinterest And Apple-Qualcomm (Stocks To Watch Podcast)",0
2019-04-13,"Stocks To Watch: Spotlight On Earnings, Pinterest And Apple-Qualcomm",0
2018-03-24,Stocks To Watch: Back To School For Apple,0
2017-10-26,"Stocks Up, Apple Sets Up; Can This Software Play Break Out?",0
2020-04-20,"Newman Dignan & Sheerar, Inc. Buys Apple Inc, Johnson & Johnson, Intel Corp, Sells ...",0
2020-02-04,"Peachtree Investment Partners, LLC Buys Apple Inc, Microsoft Corp, Global Payments Inc, Sells ...",0
2020-01-10,Euronet's Unit Launches Monthly Billing Service for AppleCare,0
2019-11-21,"The Zacks Analyst Blog Highlights: Apple, Comcast, NVIDIA, GlaxoSmithKline and Global Payments",0
2019-11-20,"Top Analyst Reports for Apple, Comcast & NVIDIA",0
2019-11-15,Major Stock Indexes Hit Record Highs On China Trade Optimism; Apple Hits Profit Zone,1
2019-11-12,"Royal London Asset Management Ltd Buys Apple Inc, Amazon. ...",0
2019-09-09,Apple Headlines These 4 Top Growth Stocks Near Buy Zones,1
2019-09-08,"Apple, IPOs And German Auto (Stocks To Watch Podcast)",0
2019-09-07,"Stocks To Watch: Apple, IPOs And German Auto",0
2017-11-30,Global Payments (GPN) Offers Apple Pay Via JV With CaxiaBank,0
2017-01-09,"Stocks Mixed, Nasdaq Up; Apple Breaks Out Past New Buy Point",1
2016-11-30,Global Payments - The Coming Of Apple Blossom Time,0
2016-04-13,Stocks Rally To '16 High; Apple Retakes Key Level,1
2015-10-08,Stocks Rally Into Close After Fed; Nike Leads Dow But Apple Drags,1
2015-06-29,"The Zacks Analyst Blog Highlights: BJ's Restaurants, Apple and Global Payments - Press Releases",0
2015-06-09,Synchrony Financial to Enhance Card Payments via ApplePay - Analyst Blog,1
2014-11-21,"The Electronic Payment Wave: Apple Pay, PayPal, Alipay",0
2018-05-17,Stay Away From Apple Component Players - Cramer's Lightning Round (5/16/18),-1
2017-08-02,"Caterpillar, Green Plains, Apple and Fire Eye highlighted as Zacks Bull and Bear of the Day",0
2014-06-24,Green Plains Grapples With Buy Point,0
2020-03-13,"Peloton Shares Will Sink 80% With Apple Entering Space, Says Citron Research",0
2019-08-02,"Quilter Investors LTD Buys Medtronic PLC, Gap Inc, Sells Apple Inc, Altria Group Inc, S&P ...",0
2017-02-17,"Week In Review: Dow Keeps Rising As Apple Hits High, Verizon Unlimited, Kraft Eyes Unilever",0
2017-01-17,"Wal-Mart, Best Buy, Apple Rally After Trump Pans GOP Border Adjustment Tax",1
2019-05-05,Ep. 101: Why Apple Will Be The Only Smartphone Survivor,0
2014-05-19,Nasdaq Leads Way In Quiet Session; Apple Extends Gains,1
2020-03-25,Will Apple (AAPL) Reopen Stores in Coronavirus-Hit Areas in April?,0
2020-03-24,Apple (AAPL) Lifts Online iPhone Sales Limit Amid Coronavirus Woes,1
2020-03-19,Apple (AAPL) Updates Portfolio Despite Coronavirus Shutdown,0
2020-03-04,Apple Supplier Qorvo (QRVO) Trims Q4 View on Coronavirus Woes,-1
2020-03-03,Apple to Pay $500 Million Settlement Over Battery Scandal,0
2019-12-31,Apple Faces Lawsuit for Heartbeat Monitoring Patent Violation,-1
2019-10-11,"The Zacks Analyst Blog Highlights: Apple, Microsoft, Garmin, Cirrus Logic and Synopsys",0
2019-09-17,Apple's Watch 5 Headway in Healthcare Makes Others Take Note,1
2019-04-29,Apple (AAPL) Q2 Earnings to Benefit From Non-iPhone Segments,1
2019-03-28,Apple Brings Watch With ECG App & AFiB Feature to Europe,0
2019-02-28,Apple Watch took 51% of Q4 smartwatch market,0
2018-11-09,"The Zacks Analyst Blog Highlights: Fitbit, Apple, Garmin and Fossil",0
2018-10-30,Apple (AAPL) Q4 Earnings to Benefit from Wearables & HomePod,1
2018-09-13,"Apple Unveils 3 New iPhones, Focuses on Healthcare in Watch 4",0
2018-09-11,"Apple (AAPL) Sep 12 Event Preview: iPhone XS, Watch 4 & More",0
2018-09-04,Apple tops Q2 wearable shipments; Fitbit drops 22% Y/Y,1
2018-08-27,"Garmin, Cinemark, Netflix, Apple and Amazon highlighted as Zacks Bull and Bear of the Day",0
2018-05-24,Latest Canalys Data Shows Apple Leading the Wearables Market,1
2018-05-23,Apple Watch shipments +35% in Q1,1
2018-03-28,"Apple Rides on Wearables, Rumored to Launch Watch Series 4",0
2018-03-05,"Apple Roundup: Wearables Lead, EU Tax, Healthcare, Trump Tariffs",0
2018-03-01,Apple wins holiday wearables market with 21% share,1
2018-02-02,Apple Watch Mystery: How Many Sold In The Holiday Quarter?,0
2017-08-30,Apple's iPhone 8 to Drive 9.1% Increase in Shipments Per IDC,1
2017-08-30,Apple (AAPL) and Hollywood Clash Over Pricing of 4K Content,0
2017-08-02,"Apple Fuels Dow Jones Above the ——,……… Mark",0
2017-06-07,Fitbit Falls Behind Apple & Xiaomi in Wearables Shipments,0
2017-03-02,"Apple Watch Called 'Magnificent Success,' Shipments Up 13%",1
2017-02-07,Will Apple Watch Be A Success?,1
2016-12-08,Is Apple Now The Wearables Leader?,0
2016-12-05,"Apple CEO Tim Cook: Trust Me, Apple Watch Sales Are Hot",0
2016-12-05,Apple Watch Q3 Shipments Plunge; Fitbit Lead Widens In Wearables,-1
2016-11-30,Apple Watch Rival Fitbit Reportedly Will Buy Pebble,0
2016-11-01,"Watch Facebook, Alibaba, Apple, Fed: Wednesday Investing Action Plan",0
2016-10-26,How Many Watches Did Apple Sell Last Quarter?,0
2016-10-24,"Apple Watch Tanks, Garmin Surges In Smartwatches",1
2016-09-09,"New Apple Watch Eyes Fitbit, Garmin; 'Thunderdome' Scenario Looms",0
2016-09-08,Apple iPhone 7 Camera Improvements Rile GoPro,1
2016-09-08,"Fitbit, Garmin, Nike Shares Slip Following Apple Watch 2 Intro",-1
2016-09-06,Fitbit Exercises Its Dominance In Wearables As Apple Wheezes,1
2016-08-23,Could Fitbit Follow In Apple's Footsteps?,0
2016-07-27,Stocks Rise At Open As Apple Hauls Techs Higher,1
2016-07-21,Apple Watch Shipments Dive 55% As Device Passes 1-Year Anniversary,1
2016-06-03,Fitbit's Sell-Through Results Significantly Better Than Apple Watch,1
2016-06-02,Apple Watch Will Not Disrupt iPhone... Ever,-1
2016-05-30,Apple Watch: Still In Front Of The Growing Smartwatch Pack,0
2016-05-18,Is Fitbit Losing the Fitness Device Battle With Apple Watch?,-1
2016-05-16,"Fitbit, Apple Lead In Wearables, But Other Brands Gaining Fast",1
2016-04-27,How Many Watches Did Apple Sell Last Quarter?,0
2016-02-23,Apple Watch Shipments Slowed In Holiday Quarter,-1
2015-12-03,Apple Watch closing in on Fitbit for wearables lead,0
2015-10-01,Fitbit Fends Off Apple Watch As Cheap Rivals Nip It,0
2015-09-24,The Biggest Threats to Fitbit and Apple Watch,-1
2015-09-02,Spherical Samsung Gear S2 Can Still Challenge The Apple Watch,-1
2015-08-31,Apple to bet on a new technology 'as profound' as smartphone?,1
2015-08-27,"Apple, Xiaomi nipping at Fitbit's heels in wearables",0
2015-08-25,"Apple Spikes On Upgrade; BofA, JPMorgan Also Pop",0
2015-07-16,"Fitbit, Apple Putting The Hurt On Garmin Wearables",-1
2015-07-10,Apple Watch Not 'Compelling'? Sales Decline 90% - Stocks in the News,-1
2015-06-08,Fitbit IPO: Fears Over Apple Watch Competition Will Prove Unfounded,-1
2015-06-03,"Timing Looks Right For Fitbit IPO, Apple Watch",0
2015-05-21,"Fitbit leads fitness band market, but Apple gaining",1
2015-05-18,"Fitbit: An Excellent Growth Opportunity, But Not An Apple Watch Competitor",1
2015-05-12,Garmin follows Apple with heart-rate sensor on watch,0
2015-05-08,Apple Watch threat looms over Fitbit IPO,-1
2015-05-07,Fitbit In Top Shape To Take On Apple With IPO Filing,1
2015-03-10,Apple Watch Event: A Lot Of Good News For Investors,1
2015-02-19,"Apple Watch launch weighs on Fossil, Garmin",-1
2015-02-19,"Garmin: With The Approach Of Apple Watch, An Upgrade Is Unjustified",-1
2015-02-17,Apple Watch leads make-or-break year for smartwatches,0
2015-01-13,"Apple: Yes To Action Cameras, Beating GoPro Is Easy",1
2014-12-02,"Apple Dips Post-Black Friday, Cyber Monday - Analyst Blog",0
2014-12-01,Apple dips post-Black Friday with other gadget stocks,-1
2014-11-17,Apple Watch could do three times Fossil sales in first year,0
2014-10-24,"Apple, destroyer of industries, targets watches, fitness bands",0
2014-09-09,Apple Watch Seeks To Redefine Wearable Devices,0
2014-09-08,Apple iWatch seen as catalyst for wearable device market,1
2014-09-05,Apple iWatch faces hesitant consumer market,-1
2014-07-16,"Samsung, Under Armour May Team To Fight Apple iWatch",0
2014-07-09,"Garmin Down On Competitive Risks From Apple, GoPro",-1
2014-06-19,"Apple iWatch said to have 2.5-inch screen, wireless charging",0
2014-04-09,U.S. teen survey shows high interest in Apple iWatch,1
2014-01-02,"Stocks Slump In Rising Trade; Garmin, Apple, Cognizant Drop",-1
2013-07-29,"Technology Stock Roundup: Facebook Wows, Apple Not So Much - Analyst Blog",0
2012-07-12,"Nuance, Apple's Siri Personal Assistants Hit The Road",0
2012-06-14,Shrewd Apple Means Never Having to Say Sorry,0
2012-06-13,Garmin Faces Heat from Apple Maps - Analyst Blog,-1
2012-06-13,Sirius XM's Greatest Fear: Apple in the Driver's Seat,-1
2012-06-12,Four Factoids You May Want to Consider About the Apple/Garmin News,0
2012-06-12,TomTom Lands Apple Mapping Deal,0
2012-06-11,"Apple Reveals New MacBooks, Maps, Siri Uses",0
2012-06-11,"Apple Reveals New MacBooks, Maps, Facebook Ties",0
2011-06-28,"Apple, DuPont: New Targets, Estimates",0
2020-05-15,"Profund Advisors Llc Buys Groupon Inc, Generac Holdings Inc, Baker Hughes Co, Sells Apple Inc, ...",0
2017-11-30,Apple's (AAPL) iPhone X Records Robust Black Friday Sales,1
2017-03-24,Apple's Augmented Reality Challenge,-1
2016-09-16,"Own Apple, Don't Trade It - Cramer's Mad Money (9/15/16)",0
2015-09-14,Google's New Android Pay Or Apple Pay: Who Will Win?,1
2015-07-07,Apple: A Top Fidelity Manager Sticks By The Stock,0
2015-06-19,"Apple Pay, Facebook 'Buy' Button May Boost M-Commerce",1
2015-05-28,Google Steps Up Mobile-Pay Game Vs. Apple,0
2015-04-27,"Groupon, Advanced Micro Devices and Apple highlighted as Zacks Bull and Bear of the Day - Press Releases",0
2015-04-24,Apple's (AAPL) Q2 Earnings: Will It Beat Again? - Analyst Blog,1
2015-03-25,"The Zacks Analyst Blog Highlights: Microsoft, Google, Apple and Groupon - Press Releases",0
2014-12-22,What Groupon Has In Common With Netflix And Apple,0
2014-06-12,Groupon Freebies Now on Apple's iOS-based Devices - Analyst Blog,0
2014-01-07,"Amazon Leads Holiday Customer Scores, Apple Trails",-1
2013-09-26,"Forget the gold iPhone, Apple still the most innovative company",1
2013-03-29,New York Sees E-Commerce Taking Root In Big Apple,1
2013-02-28,"Groupon's Gaffe, Apple's Apps: Tech Winners & Losers",-1
2013-02-28,"Groupon's Gaffe, Apple's Apps: Tech Winners & Losers",-1
2013-02-27,"Stock Futures Rise Ahead of Bernanke, Apple Meeting",0
2013-02-27,"Stocks to Watch: Apple, J.C. Penney, Grupon",0
2013-02-27,"Stocks to Watch: Apple, J.C. Penney, Grupon",0
2013-02-21,"Groupon, Tesla, Apple: Tech Premarket",0
2013-02-21,"Groupon, Tesla, Apple: Tech Premarket",0
2013-02-13,"Comcast, Rackspace, Groupon, Apple: Tech Premarket",0
2013-02-13,"Comcast, Rackspace, Groupon, Apple: Tech Premarket",0
2013-01-03,"Mellanox, Allot, Facebook, Apple: Tech Premarket",0
2013-01-03,"Mellanox, Allot, Facebook, Apple: Tech Premarket",0
2012-12-10,"Nokia, Groupon, Apple, Zynga: Tech Premarket",0
2012-12-10,"Nokia, Groupon, Apple, Zynga: Tech Premarket",0
2012-11-23,"RIM, Apple, Groupon: Tech Premarket",0
2012-11-23,"RIM, Apple, Groupon: Tech Premarket",0
2012-11-10,Apple Has Worms: Tech Weekly,0
2012-11-10,Apple Has Worms: Tech Weekly,0
2012-10-11,"Sirius, Facebook, Apple, Groupon: Tech Premarket",0
2012-10-11,"Sirius, Facebook, Apple, Groupon: Tech Premarket",0
2012-10-10,"Facebook, Apple, Groupon: Winners & Losers",0
2012-10-10,"Facebook, Apple, Groupon: Winners & Losers",0
2012-08-21,"Groupon, Sirius, Apple, Dell: Tech Premarket",0
2012-08-21,"Groupon, Sirius, Apple, Dell: Tech Premarket",0
2012-08-18,Cisco's Big Week Overshadows Apple's: Tech Recap,-1
2012-08-18,Cisco's Big Week Overshadows Apple's: Tech Recap,-1
2012-08-15,"Facebook, Apple, Groupon, Cisco: Tech Premarket",0
2012-08-15,"Facebook, Apple, Groupon, Cisco: Tech Premarket",0
2012-07-31,Who Spends More on Ads -- Apple or Microsoft? Another Lesson in Quality vs Quantity,1
2012-03-19,Will New Apple iPad Thwart Amazon Kindle Fire Tablet?,0
2012-02-21,"Apple is at the Top, but so was AOL and YAHOO (AAPL, YHOO, TWX)",0
2012-02-10,Apple Shines in Frenzied Tech Rally,1
2012-02-10,Apple Shines in Frenzied Tech Rally,1
2012-01-04,"Update: Apple, Google Seen Stumbling In 2012; Amazon, IBM Up",-1
2012-01-01,"Apple, Oracle: Tech Winners & Losers",-1
2011-12-30,"Apple, Google Seen Stumbling In 2012; Amazon, IBM Up",-1
2011-12-30,"Apple, Oracle: Tech Winners & Losers",-1
2011-12-19,"Prince's Twitter Stake Repeats Apple, Priceline Moves",0
2019-10-30,"Small Step Back Ahead of Fed, Apple",0
2019-08-27,"GRUB deepens Applebee's, IHOP partnership",0
2019-01-30,Dow Pushes Forward Under Apple's Shadow,0
2018-09-20,"Apple, Techs, Banks Rise; Tilray Stock Shows Signs Of A Near-Term Market Top",1
2018-07-25,Apple Approaches New Buy Point; Grubhub Leads Growth Stocks Higher,1
2018-05-01,"Dow Futures Lead Early Dip; Apple, Tariffs, Fed Temper Premarket",1
2018-04-30,S&P 500 Futures: These 3 Stock Market Drags Continue With Apple Earnings Due,-1
2018-04-30,"Apple, Grubhub, Shopify Earnings; Facebook's F8: Investing Action Plan",0
2017-10-05,"Stocks Hit New Highs; Apple Surges, Netflix Breaks Out",1
2017-09-22,"Indexes Avoid Spicy Moves; Can Apple, 3 Leading Stocks Recover From Big Losses?",1
2017-09-18,"Stocks Up, Small Caps Lead, Apple Dips; This Semiconductor Play Just Broke Out",0
2017-08-07,"Stocks Edge Higher, Apple Retakes Buy Point While China Name Breaks Out",1
2017-08-07,"Stock Futures Flat; Apple, Marriott Rise Toward Buy Points",1
2017-07-31,Apple Leads 5 Top Tech Stocks Near Buy Points Before Earnings This Week,1
2017-07-28,"Apple, Tesla, Shale, Jobs To Dominate The Week: Investing Action Plan",1
2017-06-19,Technology Stocks Surge; Apple Leads Broad-Based Advance,1
2017-02-07,"Dow, Nasdaq Come Off Highs; Apple Buoys Dow; HealthEquity Dives",1
2017-02-07,"Dow, Nasdaq Set Record Highs; Apple Powers Ahead; Tesla, Nvidia Break Out",1
2017-02-02,Stocks Off; Will These 4 Techs Follow Apple To Strong Gains In 2017?,1
2017-01-25,"Nasdaq, Dow Shine; Which Stocks May Mirror Apple With Bottoming Base Breakouts?",1
2017-01-18,Apple's 10.2.1 iOS Beta Update Fails to Fix the '30% Bug'?,-1
2017-01-13,Stocks Mixed As Dow Gives Up Gains; Why Is Apple's Breakout Stalling?,-1
2017-01-13,Week In Review: Trump Murders Drug Stocks; Apple Breaks Out; GM Bullish,1
2016-12-21,"Stocks Down, But More Techs Move Up; Apple's 3 Possible Next Moves",0
2016-12-16,"Stocks Mixed; Dow 20,000 Still Elusive; Apple Climbs Near Breakout",1
2016-11-29,Stocks End Up; Will UnitedHealth Join Apple As An All-Time Super Growth Stock?,1
2016-10-26,Stocks Pare Losses; Apple Weighs On Nasdaq As Medical Sector Tumbles,-1
2016-10-19,"Salesforce's M&A List Leaked; Facebook Is Taking Over; Apple's New Macs, NFL Push? - Eye On Tech",-1
2016-10-13,"Apple Price Target Raised; Gigamon, GrubHub Rated Buys",1
2016-10-12,"Apple, Barracuda Get Price-Target Hikes; GrubHub Rated Buy",1
2016-10-04,"Stocks Retreat After Giving Up Early Gains; Apple, Banks Lead Dow",1
2016-08-02,"Stocks Pare Losses In Final Trading Hour; Apple, Pfizer Big Dow Losers",-1
2016-07-06,"Nasdaq Turns Higher, S&P 500 Flat As Analysts Debate Apple's iPhone",1
2016-06-03,GrubHub +2.6%; adding Apple Pay as payment option,0
2016-06-03,Apple Supplier Broadcom's Price Targets Hiked; John Deere Upgraded,1
2015-05-07,"Yelp Up For Sale? Apple, Google Are Possible Buyers",0
2014-12-31,Stocks Notch Bearish End To '14; Apple And Ambarella Stumble,-1
2015-02-19,Gerst Capital Challenges Globalstar: Prove TLPS Will Work On iPhone 6 (Apple Filings Say No),-1
2018-10-28,Apple Looks To Recharge Tech Sector (Stocks To Watch Podcast),0
2018-10-27,Apple Looks To Recharge Tech Sector,0
2011-12-18,"Weekly CEO Sells Highlight: Staples Inc, Dr Pepper Snapple Group, Unum Group, Bankrate and Gran ...",0
2017-01-12,Wall Street Breakfast: Apple Sets Its Sights On Hollywood,0
2016-10-25,Wall Street Breakfast: Apple Earnings Take Center Stage,0
2019-11-14,"Ruane, Cunniff & Goldfarb L.P. Buys Wayfair Inc, Apple Inc, JPMorgan Chase, Sells ...",0
2019-02-22,"Factors of Influence in —…–9, Key Indicators and Opportunity within Apple, United ...",0
2018-06-02,"Stocks To Watch: Eyes On Apple's WWDC, SCOTUS And D.C.",0
2016-05-27,Apple Is Not Buying Time Warner - Cramer's Lightning Round (5/26/16),0
2015-04-29,Buy Apple After It Settles - Cramer's Mad Money (4/28/15),1
2015-04-17,"Seeking Alpha's Biotech Weekly: Celgene Check-Up, Is Gilead The New Apple?, And More",0
2016-06-11,"Investing Action Plan: Apple WWDC, Fed, Disney, Oracle, E3",0
2015-03-18,Year-To-Date Winners: We Have Found The Market And It's Apple,0
2019-06-02,"Apple's WWDC, DuPont's Return And Tariff Anxiety (Stocks To Watch Podcast)",0
2019-06-01,"Stocks To Watch: Apple's WWDC, DuPont's Return And Tariff Anxiety",0
2018-06-02,"Stocks To Watch: Eyes On Apple's WWDC, SCOTUS And D.C.",0
2016-09-06,"Apple iPhone 7, PlayStation Neo Lead Investing Action Plan For Wednesday",0
2019-05-02,"25 Upcoming Dividend Increases Including Apple, Exxon And One Dividend King",1
2019-04-01,"Double-Digit Increases From Apple, Costco, Xilinx Among 14 Dividend Increases From Companies In April",1
2016-08-21,"My Portfolio Update And Review Of 83 Stocks: Up 2 With Reynolds And Exelon, Down 1 With Apple",0
2012-09-13,"Stocks to Watch: Apple, Pier 1, Dole",0
2012-06-11,"Stocks to Watch: Apple, GE (Update 1)",0
2012-02-13,Stocks Gain on Greek Austerity; Apple Above $500,1
2012-01-23,"Apple, Celgene Lead IBD 50 Earnings This Week",0
2010-12-13,"Fund Tops Charts Without Apple, Salesforce",0
2020-01-30,"Parkside Financial Bank & Trust Buys Apple Inc, iShares TIPS Bond ETF, SPDR S&P China ...",0
2019-01-24,Markets Grapple With Government Dysfunction,0
2019-01-09,Apple Didn't Tell Us Anything New About China,0
2018-08-06,Apple's $1 Trillion Lesson And Benefits - Weekly Blog # 536,0
2016-01-26,"Tricky Tuesday - China, Apple And The Fed",0
2017-08-31,Like Big-Cap Techs Such As Apple? You'll Love These 2 Equity Plays,0
2016-01-06,"Apple Rumors, I Bought Skyworks; Short Nigeria? - Bezek's Daily Briefing",0
2017-02-27,"Buffett Doubles Apple, Seeks Deals",0
2016-05-13,Apple Challenges Uber For The Future Of Driving,-1
2018-06-02,"Stocks To Watch: Eyes On Apple's WWDC, SCOTUS And D.C.",0
2016-09-09,"Week In Review: Apple iPhone 7 Doesn't Wow, Cheap Food Slams Grocers",0
2016-09-02,"Week In Review: Apple Vs. EU, Hiring So-So, Auto Sales Fall, Salesforce Guides Low",-1
2016-06-13,Stocks Test Key Support Levels; Apple Down As WWDC Launches,-1
2016-01-22,"Netflix, Apple Supplier Avago Lead New Insider Trades",0
2016-01-06,"Stocks Falter In Weighty Trade; Smith & Wesson, Apple Slide",-1
2015-12-31,Apple On Track For 2015 Loss As Stocks Remain Firmly In Red,1
2015-12-10,"Stocks: Weak Open, Thin Gains; LendingTree, Chipotle, Apple Up",-1
2015-12-04,"Stocks Cap Week With Giant Gains As Apple, Microsoft Lead The Dow",1
2015-10-09,Stocks Rally For Week As Earnings Loom; Tesla's Loss Is Apple's Gain,-1
2015-08-11,"Stocks Drop On China Devaluation; Apple, Wynn Among Stocks Hurt",-1
2011-10-18,"Apple, Cree, Intel: After-Hours Trading",0
2016-10-20,Warren Buffett Is Riding The Apple Wave To $150,0
2019-04-17,"Goodwin Daniel L Buys Apple Inc, Nutanix Inc, Noodles, Sells Apartment Investment & ...",0
2015-07-15,Apple Will Hit $140 - Cramer's Mad Money (7/14/15),0
2019-09-08,"Apple, IPOs And German Auto (Stocks To Watch Podcast)",0
2019-09-07,"Stocks To Watch: Apple, IPOs And German Auto",0
2018-07-28,"Stocks To Watch: Apple, Harley And Tesla On The Marquee",0
2017-02-16,"Partner Investment Management, L.P. Buys Anthem, Cigna, AbbVie, Sells Apple, Baxter ...",0
2016-07-08,"Week In Review: Stocks Rise Despite Brexit Fears; Tesla, Costco, Apple, WhiteWave",0
2015-12-10,"Stratasys, Hain Join Apple As Top Piper Jaffray Picks",0
2014-09-09,Stocks Close Lower As Apple Influences Trading,0
2014-09-09,"Stocks Stumble In Weak Trade; GoPro, Mobileye, Apple Rise",-1
2014-01-24,Why Carl Icahn Likes Apple,0
2012-08-28,"Kors, Apple Among High Tech, High Fashion Highfliers",0
2020-01-24,"Lathrop Investment Management Corp Buys Halliburton Co, Sells Schlumberger, Apple Inc, Bank OZK",0
2019-03-27,"Decker, Halliburton, Netflix, Amazon and Apple highlighted as Zacks Bull and Bear of the Day",0
2019-03-24,Apple Makes Its Video-Streaming Move (Stocks To Watch Podcast),0
2019-03-23,Stocks To Watch: Apple Makes Its Video-Streaming Move,0
2017-10-23,"YPF Breaks Out, Apple Steady; Will These 2 Energy Stocks Break Out Again?",0
2017-08-16,"Cambridge Financial Group, Inc. Buys Boeing Co, Apple Inc, Sysco Corp, Sells Halliburton Co, ...",0
2016-12-12,Stocks End Mixed; Which Big Cap Techs Are Joining Apple To Form New Bases?,0
2016-07-11,"Apple Gets Price Target Cut; Twitter, Yahoo Downgraded",-1
2016-06-10,"Tesla, Schlumberger, Apple Supplier Skyworks Lead Insider Trades",0
2016-05-20,"Week In Review: 'Live' Fed, Buffett's Apple Bite, Wal-Mart EPS, Self-Driving Traffic Jam",0
2016-05-17,Apple Chip Suppliers Touted; Intel Seen As A Laggard,-1
2016-05-13,"Week In Review: Apple, Macy's, Walt Disney Signal Consumer Slowdown",-1
2016-05-04,Under Armour Downgraded; Apple Supplier A Buy; Halliburton PT Hiked,1
2016-05-02,Stocks Add To Gains; Apple Extends Losing Streak,1
2016-04-23,"Investing Action Plan: Apple, Facebook, Amazon, Boeing, Big Oil",0
2016-02-03,Apple Is #2,0
2014-07-07,CBOE Grapples with Tepid Near-Term Volumes - Analyst Blog,-1
2019-04-28,"Eyes On Apple, Uber, F8 And Avengers (Stocks To Watch Podcast)",0
2019-04-27,"Stocks To Watch: Eyes On Apple, Uber, F8 And Avengers",0
2019-04-27,"Stocks To Watch: Eyes On Apple, Uber, F8 And Avengers",0
2014-10-03,"Wave Systems (Nasdaq:WAVX) Reaches Government Arena, Halozyme Therapeutics (Nasdaq:HALO) PEGPH20 Orphan Drug Status, Apple (Nasdaq:AAPL) High Expectations",1
2017-01-04,"Apple, Google Car Apps Get Pushback from Ford, Toyota",0
2016-11-15,Facebook's Fake News; Apple Glasses?; Tesla-Killer?; Snap IPO - Eye On Tech,0
2016-11-14,Should Apple Have Bought Harman Instead Of Samsung?; Amazon Expands Home Services - Eye On Tech,0
2016-11-14,Fresh High For Dow But Apple Weighs; 10-Year Yield Up Again,1
2016-10-31,"Apple Preparing To Eat BlackBerry's Lunch, Again",0
2016-09-09,"New Apple Watch Eyes Fitbit, Garmin; 'Thunderdome' Scenario Looms",0
2016-08-08,Will Apple's Hiring Of Dan Dodge Be A Good Thing For BlackBerry?,1
2016-05-19,"Apple Rival Google Revs Up Android Auto, Targets Infotainment",0
2015-06-04,Apple Will Not Dominate Car Infotainment - Cramer's Mad Money (6/3/15),0
2015-05-01,Apple Has Cursed The Market - Cramer's Mad Money (4/30/15),0
2015-04-30,"LinkedIn Sinks On Q2 Outlook, But Apple Supplier Skyworks Gains",-1
2015-04-30,Downbeat Earnings Sink Stocks; EU Apple Probe Weighs,-1
2015-04-28,Apple Suppliers Gain Focus Post-Apple's Solid Q2 Earnings - Analyst Blog,1
2015-04-22,"Nokia HERE Maps Unit Bidders: Apple, Alibaba, Facebook, Uber?",0
2015-04-07,Apple: A Top Mutual Fund Manager's Concerns,-1
2015-02-20,Apple May Just Bite On Electric Cars; Good For Tesla,1
2015-02-17,"Tiger Management's Julian Robertson Buys Apple, Netflix, Illumina, Sells Alibaba, EBay, MasTec",0
2015-02-12,Apple Lifts Nasdaq To Its Highest Level Since Bubble,1
2015-01-12,"Apple, Google Could Be Hurt By Weaker Euro, Yen",-1
2014-08-29,"Audio Runs Hot In Cars And Phones With Harman, Apple",0
2014-01-09,"Google, Apple Eye Targeted Ads, Services In Cars",0
2012-06-13,Garmin Faces Heat from Apple Maps - Analyst Blog,-1
2019-04-26,"Barry Investment Advisors, LLC Buys Schwab US Aggregate Bond, Apple Inc, FedEx Corp, Sells ...",0
2019-04-23,"Nasdaq Sets New Closing High As Apple, FANG Stocks Rally",0
2018-07-23,"Apple, 3M Lead Nasdaq, Dow Lower; This Bank Stock Breaks Out",0
2018-02-07,"Dow, S&P 500 Turn Red At Close; Apple Grinds Lower; Oil, Chip Names Dive",0
2017-02-06,"Stock Market Dips, Apple Extends Gains; Nvidia, Tesla Gearing Up For Breakout?",1
2017-02-06,"Apple, Boeing Lift Dow; Hasbro Jumps To High; Will Nvidia Break Out Soon?",1
2016-08-21,"My Portfolio Update And Review Of 83 Stocks: Up 2 With Reynolds And Exelon, Down 1 With Apple",0
2016-07-18,"Apple, Tesla Lead Nasdaq To Big Gains, But Netflix Sinks After Hours",1
2016-05-12,Apple And Disney Have Staying Power - Cramer's Mad Money (5/11/16),1
2016-04-18,"Stocks Steady; Disney Leads, Apple Lags On Dow",1
2015-10-14,"Dow Gets Hit By Apple, Boeing, Wal-Mart; Netflix Sinks After Hours",0
2015-07-22,"Stock Futures Down, Action Mixed; Apple, Vasco, Illumina Tumble",-1
2015-07-21,"Stock Futures Mixed, IBM Weighs; Infosys, Tesla, Apple In Motion",0
2015-07-18,Move Aside Apple: 8 IBD 50 Stocks With Earnings Due,0
2015-06-09,Synchrony Financial to Enhance Card Payments via ApplePay - Analyst Blog,1
2020-02-11,"Summit Financial Strategies, Inc. Buys Packaging Corp of America, Apple Inc, Intel Corp, Sells ...",0
2020-01-23,"Executive Wealth Management, LLC Buys iShares Core S&P Small-Cap ETF, Apple Inc, Vanguard ...",0
2019-04-14,"Spotlight On Earnings, Pinterest And Apple-Qualcomm (Stocks To Watch Podcast)",0
2019-04-13,"Stocks To Watch: Spotlight On Earnings, Pinterest And Apple-Qualcomm",0
2017-04-07,"Kohmann Bosshard Financial Services, LLC Buys Facebook, Apple, Huntington Bancshares, Sells ...",0
2017-02-27,"Tesla Cut To Sell; Apple Gets Price-Target Hike, Buffett Boost",1
2017-02-08,"United Asset Strategies, Inc. Buys Hanesbrands, Colgate-Palmolive Co, Apple, Sells Lear, SPDR ...",0
2015-03-15,"Weekly CEO Sells Highlight: WisdomTree Investments Inc, Dr Pepper Snapple Group Inc, ...",0
2015-03-03,"Top Funds Buying Rackspace, Allergan, Biogen Idec, Apple",0
2013-07-24,"Stock Futures Look Positive; Apple, Ford Lead Early Surge",1
2019-10-11,"Resource Sector Digest: The Value Of Apples, Oranges, And Ounces In The Ground",0
2017-06-05,"Why Apple, Tesla And Google Are Fighting For This Rare Metal",-1
2019-11-18,"Alyeska Investment Group, L.P. Buys Microsoft Corp, Apple Inc, L'Harris Technologies Inc, ...",0
2019-11-14,"Alyeska Investment Group, L.P. Buys Microsoft Corp, Apple Inc, L'Harris Technologies Inc, ...",0
2018-10-14,Apple Leads 5 Top Stocks Flexing Strength Amid Market Correction,1
2018-08-30,What's Next For Apple?,0
2018-07-31,Can Apple Save Us From this Tech Wreck?,-1
2017-05-16,"Archford Capital Strategies, LLC Buys Apple Inc, iShares MSCI Emerging Index Fund, AstraZeneca ...",0
2017-01-28,"Facebook, Apple, Amazon, Fed, Jobs Report: Investing Action Plan",0
2017-01-12,Wall Street Breakfast: Apple Sets Its Sights On Hollywood,0
2016-05-26,Apple's Next Moves? Hints From M&A Talks,0
2015-09-14,"Stocks Quietly Lower As Apple Tops Dow, Tyler Tech Breaks Out",1
2015-02-05,Major hospitals evaluating Apple's HealthKit service,0
2011-11-14,"Activist Hedge Fund Buys Google, Dumps Gold and Apple",0
2012-08-27,"Dow Slips in Thin Trade, Apple Lifts Nasdaq",0
2012-08-27,Apple Fuels Nasdaq Advance; Gasoline Rallies,0
2017-10-16,"Energy, Banking Stocks Up; 4 More Reasons To Keep Holding Apple",1
2016-06-06,3-Way Apple V. Google V. Amazon Voice Assistant Battle Will Drive M&A,0
2016-08-21,"My Portfolio Update And Review Of 83 Stocks: Up 2 With Reynolds And Exelon, Down 1 With Apple",0
2019-06-02,"Apple's WWDC, DuPont's Return And Tariff Anxiety (Stocks To Watch Podcast)",0
2019-06-01,"Stocks To Watch: Apple's WWDC, DuPont's Return And Tariff Anxiety",0
2017-01-12,Wall Street Breakfast: Apple Sets Its Sights On Hollywood,0
2016-08-21,"My Portfolio Update And Review Of 83 Stocks: Up 2 With Reynolds And Exelon, Down 1 With Apple",0
2019-04-28,"Eyes On Apple, Uber, F8 And Avengers (Stocks To Watch Podcast)",0
2019-04-27,"Stocks To Watch: Eyes On Apple, Uber, F8 And Avengers",0
2019-04-27,"Stocks To Watch: Eyes On Apple, Uber, F8 And Avengers",0
2019-04-26,"Apple, IBM, Costco among those expected to raise payouts next week",0
2019-04-14,"Spotlight On Earnings, Pinterest And Apple-Qualcomm (Stocks To Watch Podcast)",0
2019-04-13,"Stocks To Watch: Spotlight On Earnings, Pinterest And Apple-Qualcomm",0
2020-05-07,"Rossmore Private Capital Buys Apple Inc, Amazon. ...",0
2020-05-07,"Benjamin Edwards Inc Buys Valero Energy Corp, Apple Inc, Vanguard Long-Term Corporate Bond ETF, ...",0
2020-05-04,"Forsta Ap-fonden Buys Microsoft Corp, Apple Inc, Facebook Inc, Sells SPDR Select Sector Fund - ...",0
2020-05-01,"Bull Street Advisors, LLC Buys Microsoft Corp, Apple Inc, Danaher Corp, Sells Dow Inc, Bank of ...",0
2020-05-01,"Girard Partners Ltd. Buys Apple Inc, BlackRock Inc, Amazon. ...",0
2020-03-27,"Dow Jones Dives 1,000 Points, As U.S. Coronavirus Cases Top 85,000; Apple, Home Depot, Lululemon Are Key Movers",0
2020-02-04,"Excalibur Management Corp Buys Apple Inc, Independent Bank Corp, AvalonBay Communities Inc, ...",0
2020-01-31,"Schulhoff & Co Inc Buys Nordstrom Inc, Amgen Inc, ConocoPhillips, Sells Apple Inc, The Home ...",0
2019-12-09,"Dow Jones Eases, Apple Stock Slumps Ahead Of China Tariff Deadline; 2 Top Retailers Set To Report",0
2019-12-09,"Dow Sinks, Apple Cools Off; But These Hot Retail Stocks Buck Trade War Fears",-1
2019-11-29,"Zacks Value Trader Highlights: Apple, Disney, Home Depot, UnitedHealth and Union Pacific",0
2019-11-18,Dow Jones Resilient Amid China Trade News; Apple Stock Hits Profit Zone,1
2019-11-13,"Asahi Life Asset Management Co., Ltd. Buys Boeing Co, Apple Inc, Goldman Sachs Group Inc, Sells ...",0
2019-11-12,"Busey Trust CO Buys iShares Russell –……… ETF, Apple Inc, iShares TIPS Bond ETF, Sells ...",0
2019-11-06,"The Zacks Analyst Blog Highlights: Apple, Intel, JPMorgan Chase, United Technologies and Home Depot",0
2019-11-04,Swapping Apple For Apple - October Dividend Portfolio Update,0
2019-10-17,"Amarillo National Bank Buys Pfizer Inc, Deere, Caterpillar Inc, Sells Apple Inc, Netflix Inc, ...",0
2019-10-10,"RB Capital Management, LLC Buys Apple Inc, Amcor PLC, Abbott Laboratories, Sells Red Hat Inc, ...",0
2019-10-08,"Dow Jones Futures: China Trade Talks Already Doomed? Dow Stocks Apple, Boeing, Home Depot, Nike, Walmart Still In Buy Zones",0
2019-08-19,Dow Jones Stock Apple Leads Stock Market Rally On China Trade News,1
2019-07-25,"Royal Bank Of Scotland Group Plc Buys The Estee Lauder Inc, Danaos Corp, Apple Inc, Sells ...",0
2019-07-12,"The Zacks Analyst Blog Highlights: Atlantic Power, Howard Hughes, Royal Gold, Apple and Home Depot",0
2019-06-14,"Broadcom Plunges, Hurting Nasdaq And Apple; This Dow Jones Stock Is Rising",-1
2019-05-09,"Willingdon Wealth Management Buys Apple Inc, Invesco S&P 5…… Low Volatility, Berkshire ...",0
2019-05-02,"Andesa Financial Management Inc. Buys Microsoft Corp, Apple Inc, Cisco Systems Inc, Sells SPDR ...",0
2019-03-17,Buy Apple For Great Total Return And Future 10% Growth,1
2019-02-26,"Can Netflix, Apple, Square, And Micron Continue To Rise?",1
2018-11-13,Stock Market Posts Volatile Gains; Is Apple Stock Nearing A Bottom?,-1
2018-09-08,"Stocks To Watch: Apple Event, Chinese Auto IPO To Headline",0
2018-08-15,"Smith & Howard Wealth Management, LLC Buys iShares Core MSCI EAFE, Microsoft Corp, Apple ...",0
2018-08-01,"Own Apple, Don't Trade It - Cramer's Mad Money (7/31/18)",0
2019-05-16,"Cumberland Partners Ltd Buys Apple Inc, TJX Inc, Cognizant Technology Solutions Corp, Sells CGI ...",0
2019-03-11,"These 4 Techs Soar, Boosting Nasdaq And NYSE; Will This FANG Stock Outperform Apple In 2019?",1
2018-05-30,"Stocks Up, Shake Shack And Apple Lead; Will China Stock Plunge Force President Xi To Open Up Trade?",0
2017-09-25,"Stocks Sink, Apple Down Again; Time To Sell These 4 Leaders?",-1
2017-09-13,"Stocks Open Mixed, Apple, Western Dive After Toshiba Agreement",0
2016-09-13,"Stock Indexes Fall Sharply Again; Volume Rises, Apple Gaps Up",-1
2015-01-15,"Stocks Reverse Into Mild Losses; Apple, Lennar Dip; HDFC Leaps",-1
2014-07-31,"Your Weekly Review: HDFC, Apple Face Selling Pressure",-1
2013-01-14,Stock Market Closes Mixed As Apple Weighs,-1
2012-11-26,"Stock Indexes Slip As Trade Rises, But Apple Recovers",-1
2012-03-21,"The Zacks Analyst Blog Highlights: Citigroup, HDFC Bank, China Unicom, Research In Motion and Apple - Press Releases",0
2015-12-30,Apple Tops List As Best Technology Stock For 2016,0
2019-09-09,Apple Stock Eyes Breakout As New iPhone Awaits: Investing Action Plan,0
2018-09-05,Tech Stocks Struggle As Apple Threatens To Snap Win Streak,-1
2018-08-01,"Own Apple, Don't Trade It - Cramer's Mad Money (7/31/18)",0
2017-06-06,"Stocks Rebound From Open; Apple Rally Fades, RV Maker Surges",1
2017-06-02,Politics May Upstage Apple's Show-And-Tell: Investing Action Plan,0
2016-09-07,Stocks Dip As Apple Looms; Ackman Gives Chipotle Some Love,-1
2016-09-02,Tame Jobs Report Lifts Stocks; Apple Leads Dow; Small Caps Outperform,1
2016-06-10,"Week In Review: Yellen Hits Brakes, Apple App-nomics, Tesla Safety Fears",0
2019-05-14,Appleseed Fund 2019 Semi-Annual Letter,0
2018-05-23,Appleseed Fund Q1 2018 Quarterly Commentary,0
2017-12-22,"Like Apple, Microsoft, Big Dividends? Try These Smart Beta ETFs",0
2016-07-20,A New Apple Partnership?,0
2016-06-06,3-Way Apple V. Google V. Amazon Voice Assistant Battle Will Drive M&A,0
2018-10-29,"Turtle Beach, Coherent, Apple, Netflix and Disney highlighted as Zacks Bull and Bear of the Day",0
2018-08-03,Stocks Celebrate Apple Reaching $1 Trillion,1
2018-08-02,Apple Helps the NASDAQ Stay in the Green,1
2019-04-28,"Eyes On Apple, Uber, F8 And Avengers (Stocks To Watch Podcast)",0
2019-04-27,"Stocks To Watch: Eyes On Apple, Uber, F8 And Avengers",0
2019-04-27,"Stocks To Watch: Eyes On Apple, Uber, F8 And Avengers",0
2019-11-15,"Zacks Value Trader Highlights: Apple, Micron, NVIDIA, United Rentals and H&E Equipment",0
2019-04-26,"Zacks Value Trader Highlights: Apple, Crane, H&E Equipment Services, Macquarie Infrastructure and Norwegian Cruise Line",0
2017-12-11,"H&E Equipment Services, General Electric, Apple, Pandora and Alphabet as Zacks Bull and Bear of the Day",0
2019-07-19,"Hanseatic Management Services Inc Buys Apple Inc, Facebook Inc, Progressive Corp, Sells Boeing ...",0
2018-08-28,"Nasdaq, S&P Hit New Highs; Apple Stock Gains As Big Launch Seen",1
2020-05-08,"Hancock Holding Co Buys Amazon.com Inc, Microsoft Corp, Apple Inc, Sells iShares Core S&P ...",0
2017-03-06,Apple Chip Deal?,0
2016-06-10,"Week In Review: Yellen Hits Brakes, Apple App-nomics, Tesla Safety Fears",0
2020-05-01,"Robertson Stephens Wealth Management, LLC Buys Adaptive Biotechnologies Corp, Apple Inc, ...",0
2017-05-15,Julian Robertson Buys Adobe and Sells Apple in –st Quarter,0
2013-01-14,"Stocks Finish Mixed as Apple, Bank Shares Fall",0
2012-07-11,"Apple, JPMorgan: Stocks to Watch",0
2019-07-12,"The Zacks Analyst Blog Highlights: Atlantic Power, Howard Hughes, Royal Gold, Apple and Home Depot",0
2017-04-05,"Norman Fields, Gottscho Capital Management, LLC Buys Delta Air Lines, Apple, Hexcel, Sells ...",0
2013-02-05,Whitney Tilson Sells Apple Stake,0
2013-02-05,Whitney Tilson Sells Apple Stake,0
2011-05-03,'Fast Money' Recap: Apple's Cash Mountain,0
2020-02-11,"Skylands Capital, LLC Buys Williams Inc, Hillenbrand Inc, Insperity Inc, Sells Apple Inc, ...",0
2019-04-29,"Cubic Asset Management, LLC Buys Carnival Corp, Apple Inc, AdvanSix Inc, Sells Cigna Corp, ...",0
2020-05-08,"Trexquant Investment LP Buys Apple Inc, Tesla Inc, Baidu Inc, Sells Adobe Inc, United Parcel ...",0
2018-09-12,Wall Street Breakfast: Big Display At Apple Product Event,0
2011-06-29,'Fast Money' Recap: Apple's Freebie iPhone,1
2018-11-05,"Dow Up, But Tech Stocks Struggle; Apple Sells Off On Rare Downgrade",-1
2018-10-09,How Do You Like Them Apples?,0
2016-04-01,"How Apple, Amazon, Microsoft Figure Into Fast-Changing REIT Markets",0
2015-12-28,"Caxton Gains From Apple, Morgan Stanley, Disney, McDonald's, PepsiCo",1
2015-01-28,Stock Indexes Turn Mixed; Apple Stays Strong,-1
2019-09-08,"Apple, IPOs And German Auto (Stocks To Watch Podcast)",0
2019-09-07,"Stocks To Watch: Apple, IPOs And German Auto",0
2019-07-28,"Headliners Include Apple, Beyond Meat And IBM (Stocks To Watch Podcast)",0
2019-07-27,"Stocks To Watch: Headliners Include Apple, Beyond Meat And IBM",0
2019-06-02,"Apple's WWDC, DuPont's Return And Tariff Anxiety (Stocks To Watch Podcast)",0
2019-06-01,"Stocks To Watch: Apple's WWDC, DuPont's Return And Tariff Anxiety",0
2019-04-28,"Eyes On Apple, Uber, F8 And Avengers (Stocks To Watch Podcast)",0
2019-04-27,"Stocks To Watch: Eyes On Apple, Uber, F8 And Avengers",0
2019-01-08,"The Zacks Analyst Blog Highlights: Apple, Citi, Lockheed Martin, Qualcomm and Honda Motor",0
2018-10-28,Apple Looks To Recharge Tech Sector (Stocks To Watch Podcast),0
2018-10-27,Apple Looks To Recharge Tech Sector,0
2018-09-08,"Stocks To Watch: Apple Event, Chinese Auto IPO To Headline",0
2018-07-28,"Stocks To Watch: Apple, Harley And Tesla On The Marquee",0
2018-04-28,"Stocks To Watch: Apple, FOMC And China On Tap",0
2017-12-20,"Auto Sector Grapples with Peak U.S. Sales, Safety Recalls",-1
2016-06-15,Apple-Backed Unicorn Didi Rakes In $4.5 Billion To Counter Uber Assault,0
2016-06-02,"Apple, Google, Toyota Dusted In Unicorn Uber's Ride-Hailing Race",-1
2016-05-19,The Apple Car Is Not Apple's Path to Rejuvenation,-1
2016-01-04,"Ford Bites On Apple CarPlay, Android Auto, Other Apps",0
2017-08-18,Movie Studios Considering Rental Plan with Apple & Comcast,0
2019-06-02,"Apple's WWDC, DuPont's Return And Tariff Anxiety (Stocks To Watch Podcast)",0
2019-06-01,"Stocks To Watch: Apple's WWDC, DuPont's Return And Tariff Anxiety",0
2012-11-08,Apple Breakdown Strips Tech Stocks From Leadership,1
2019-09-04,"The Zacks Analyst Blog Highlights: Apple, Harmony Gold, NRG, Ryman Hospitality and Dr. Reddy's",0
2019-04-14,"Spotlight On Earnings, Pinterest And Apple-Qualcomm (Stocks To Watch Podcast)",0
2019-04-13,"Stocks To Watch: Spotlight On Earnings, Pinterest And Apple-Qualcomm",0
2018-05-11,Today Is D-Day: Ranking The Russell From Apple To First United,0
2019-01-29,"Apple Earnings Preview & Latest Results from Verizon, 3M, and Pfizer",0
2019-01-29,The Apple (AAPL) of Investors' Eye,0
2018-07-28,"Stocks To Watch: Apple, Harley And Tesla On The Marquee",0
2018-07-06,"If You Want To Blame Someone For The U.S. Trade Deficit With China, Blame Apple",-1
2017-02-15,"Soros Goes For Facebook, Appaloosa Cuts Apple; Airlines Popular",0
2017-02-07,"Los Angeles Capital Management & Equity Research Inc Buys Apple, Citigroup, Bank of ...",0
2016-08-21,"My Portfolio Update And Review Of 83 Stocks: Up 2 With Reynolds And Exelon, Down 1 With Apple",0
2016-05-02,Dr Pepper Snapple Group: Is The Past Growth And Total Return Overpriced ?,0
2015-10-12,EMC Downgraded Amid Dell Buyout; Apple PT Hiked,-1
2015-06-10,"Goldman Sachs, Harley Davidson, Amazon.com, Google and Apple highlighted as Zacks Bull and Bear of the Day - Press Releases",0
2014-06-30,Made-In-China Apple Among 'Most Patriotic' Brands,0
2014-05-23,Apple And Harley Among Revolutionary American Brands,1
2012-04-26,"Apple Fuels Nasdaq, Women Fuel Harley",0
2012-01-25,"The Zacks Analyst Blog Highlights: Harley-Davidson, Verizon Communications, Google, Apple and AT&T - Press Releases",0
2016-07-25,Apples To Oranges: Why You Should Care More About Money Markets Than The iPhone 7,0
2015-02-17,Stocks Turn Positive; Apple Marks New High,1
2019-09-08,"Apple, IPOs And German Auto (Stocks To Watch Podcast)",0
2019-09-07,"Stocks To Watch: Apple, IPOs And German Auto",0
2019-06-02,"Apple's WWDC, DuPont's Return And Tariff Anxiety (Stocks To Watch Podcast)",0
2019-06-01,"Stocks To Watch: Apple's WWDC, DuPont's Return And Tariff Anxiety",0
2017-02-15,"Warren Buffett Reveals New Picks - Apple, Airlines, And Arb",0
2015-02-18,"Soros Dumps Apple, Buys China",0
2016-11-14,Small Caps Lead As Stocks Trade Mixed; Did Apple Trigger A Sell Signal?,-1
2016-11-11,Stocks End Mixed; Which Small-Caps Sprinted Past Apple This Week?,0
2016-03-21,Mergers Lift Stocks; Apple Launch Fails To Excite,-1
2016-03-21,"Stocks Rise As Nike Sprints, But Apple Falls Flat",0
2016-03-21,"Stocks Hold Small Gains; Apple, Nike Rise Ahead Of Key Events",1
2013-02-07,Cramer's 'Mad Money' Recap: The Apple of My Eye,0
2015-09-08,Will Stocks' Vitamin Boost Come From China Stimulus Or Apple Show?,1
2010-06-18,"Apple: Analysts' Upgrades, Downgrades",0
2019-01-08,John And Jane's Taxable Account Dividend Increases And Income Tracker - The Apple Effect,0
2017-04-24,"BTIM Corp. Buys Bemis Co, The Priceline Group, Hill-Rom Holdings, Sells Apple, Microsoft, ...",0
2016-08-18,What We Got Wrong About Apple (Podcast With Dana Blankenhorn),-1
2016-06-02,Apple Watch Will Not Disrupt iPhone... Ever,-1
2013-01-03,"Mellanox, Allot, Facebook, Apple: Tech Premarket",0
2013-01-03,"Mellanox, Allot, Facebook, Apple: Tech Premarket",0
2012-08-01,Apple Set to Buy AuthenTec - Analyst Blog,0
2011-11-10,'Fast Money' Recap: Apple Losing Steam?,-1
2011-10-10,"Apple, Google, RIMM: Kodak's Patent Buyers?",0
2010-12-02,iPad Still a Small Portion of Apple Value,0
2010-07-29,Apple iPad Business Worth More Than Mac Notebooks,0
2010-07-07,"Apple's iPhone Is Smartest Smartphone, Poll Says",1
2015-02-06,HighPower Finally Takes A Bite Out Of The Apple iPhone Battery Accessory Market,0
2020-04-16,Apple (AAPL) Launches Low-Cost iPhone SE With A13 Processor,1
2020-03-13,Apple Reopens China Stores After Weeks of Coronavirus-Led Closure,0
2019-10-04,Dow Jones Today: Stock Market Rally Holds Breath For Jobs Report; Apple Reclaims Buy Point,1
2019-07-05,Apple Likely to Bring Scissor-Switch Keyboards in MacBook,0
2019-06-28,Design Genius Jony Ive Leaving Apple,0
2019-06-05,"Apple has lots of upside from services growth, Evercore says",1
2019-03-22,"The Zacks Analyst Blog Highlights: Apple, Intel, Advanced Micro, Lenovo and HP",0
2019-03-17,Buy Apple For Great Total Return And Future 10% Growth,1
2019-02-15,3 Computer Hardware Ideas: Hard To Beat Apple's Appeal,-1
2019-01-30,Does Apple's Mac Have A Future?,0
2018-12-01,"Podcast: Amazon AWS ReInvent, HP Inc. And Dell Earnings, Apple Music And Amazon",0
2018-10-09,How Do You Like Them Apples?,0
2017-12-15,"My Journey To Financial Independence: 86-Stock November Portfolio Update - Buying Apple, AbbVie And BMW",0
2017-05-30,"S. R. Schill & Associates Buys Apple Inc, Amazon. ...",0
2015-03-30,"Stocks Roll Out Healthy Start; JPMorgan, Apple, Gentherm Climb",1
2016-04-13,Stocks Rally To '16 High; Apple Retakes Key Level,1
2018-11-13,Stock Market Posts Volatile Gains; Is Apple Stock Nearing A Bottom?,-1
2018-06-03,"Dow Jones Futures: Apple, Palo Alto Neworks, HealthEquity, Merck, Loxo Oncology",0
2018-02-16,"As Apple, Netflix And Cisco Rise, This IBD 50 Stock Breaks Out",0
2017-06-02,Politics May Upstage Apple's Show-And-Tell: Investing Action Plan,0
2017-03-22,"Indexes Mostly Unchanged, But Microsoft, Apple, Intel Outperform In Dow",0
2017-03-20,"Apple, Nike, Cisco, Microsoft, FedEx Lead Investing Action Plan",0
2017-03-15,"Stocks Up Ahead Of Fed As Apple, Nike Lift Dow; Will Apple Form New Base?",1
2017-02-07,"Dow, Nasdaq Come Off Highs; Apple Buoys Dow; HealthEquity Dives",1
2017-02-07,"Dow, Nasdaq Set Record Highs; Apple Powers Ahead; Tesla, Nvidia Break Out",1
2017-01-31,Russell 2000 Up; Which Tech Stocks Could Follow Apple In Making New Highs?,0
2017-01-12,"Stocks Pare Losses; Apple, Disney Weigh On Dow; Can Nvidia Halt Slide?",-1
2017-01-12,Wall Street Breakfast: Apple Sets Its Sights On Hollywood,0
2017-01-10,Nasdaq Closes Higher; Apple Extends Gains On Product Buzz,1
2017-01-10,Nasdaq Hits New High; Nvidia Price Target Hiked; Can Apple Follow Through?,1
2017-01-10,"Stocks Turn Higher: Apple Holds Breakout; NetEase Touted, Goldman Clipped",1
2016-12-23,"Stocks Edge Lower Before Christmas; Apple, Alphabet Work On Bases",0
2016-11-11,Stocks End Mixed; Which Small-Caps Sprinted Past Apple This Week?,0
2016-10-25,Wall Street Breakfast: Apple Earnings Take Center Stage,0
2016-09-03,"Investing Action Plan: Apple, iPhone 7 On Tap, Is Among Top Techs Near Buys",1
2015-05-06,"Stocks Bleed More Red; Apple, LinkedIn Pressured Again",-1
2015-03-09,Blue Chips Outperform In Quiet Trade; Apple Gives Back Gains,1
2015-03-09,Blue Chips Pace Up Session; All Eyes On Apple Watch,0
2019-09-08,"Apple, IPOs And German Auto (Stocks To Watch Podcast)",0
2019-09-07,"Stocks To Watch: Apple, IPOs And German Auto",0
2017-04-24,"BTIM Corp. Buys Bemis Co, The Priceline Group, Hill-Rom Holdings, Sells Apple, Microsoft, ...",0
2018-12-11,Qualcomm Wins Twin Patent Battle in China Against Apple,1
2018-02-02,"Klingman & Associates, LLC Buys Apple Inc, Vanguard Short-Term Inflation-Protected ...",0
2019-05-13,"Ws Management Lllp Buys Heron Therapeutics Inc, Knight-Swift Transportation Holdings Inc, Apple ...",0
2019-04-28,"Eyes On Apple, Uber, F8 And Avengers (Stocks To Watch Podcast)",0
2019-04-27,"Stocks To Watch: Eyes On Apple, Uber, F8 And Avengers",0
2015-03-30,"Stocks Roll Out Healthy Start; JPMorgan, Apple, Gentherm Climb",1
2020-02-19,"Tesla a standout as US markets sink following Apple warning, Franklin Resources Buys Legg Mason",0
2020-02-18,Apple Warns On Coronavirus To Send Shockwaves Through Markets,0
2019-12-18,"The Zacks Analyst Blog Highlights: Apple, Cisco Systems, Oracle, HSBC and Amgen",0
2019-12-17,"Top Analyst Reports for Apple, Cisco & Oracle",0
2018-12-12,Can Apple Survive a Prolonged U.S.-China Trade War?,-1
2018-05-04,"Jobs Report Coming Out, Berkshire's Apple Stake Going Up (Wall Street Breakfast Podcast)",0
2017-05-03,Stocks Point Up: Facebook Falls; Musk's 'Delusional' Tesla-Apple Vision,0
2017-03-10,Apple Goes Hollywood,0
2016-09-07,Wall Street Breakfast: Apple Event On Deck,0
2015-07-07,"Will Barclays' Pingit Survive the ""Apple Pay"" Wave in UK? - Analyst Blog",0
2015-06-09,"MasterCard, Total System Services Associate with Apple Pay - Analyst Blog",0
2019-06-25,Emerson Rolls Out Appleton FELED & FNLED Linear Luminaries,0
2013-04-17,"Brian Rogers of T Rowe Price Buys 4 New Stocks, Including Apple in Q1",0
2012-03-28,Biotechs Grapple With New Rules On Biosimilar Drugs,0
2015-04-28,"HealthStream, Petroleo Brasileiro and Apple highlighted as Zacks Bull and Bear of the Day - Press Releases",0
2015-02-18,Is Apple to Add iOS Fingerprint Sensor to MacBook Air? - Analyst Blog,0
2019-04-28,"Eyes On Apple, Uber, F8 And Avengers (Stocks To Watch Podcast)",0
2019-04-27,"Stocks To Watch: Eyes On Apple, Uber, F8 And Avengers",0
2019-04-27,"Stocks To Watch: Eyes On Apple, Uber, F8 And Avengers",0
2018-10-29,"Bell Asset Management Ltd Buys The Hershey Co, Avery Dennison Corp, Raytheon Co, Sells Apple ...",0
2018-02-02,"Picton Mahoney Asset Management Buys Apple Inc, Mastercard Inc, Abbott Laboratories, Sells ...",0
2019-06-02,"Apple's WWDC, DuPont's Return And Tariff Anxiety (Stocks To Watch Podcast)",0
2019-06-01,"Stocks To Watch: Apple's WWDC, DuPont's Return And Tariff Anxiety",0
2018-10-09,How Do You Like Them Apples?,0
2015-05-26,History Tells Us That This Apple Doesn't Fall Far From The Tree,0
2012-11-29,"Cramer's 'Mad Money' Recap: Amazon, Google, Apple Are the Only Tech Stocks That Matter",0
2016-02-03,Is Apple Rotting? (Podcast),0
2015-10-08,"PC sales drop sharply again in Q3; Apple, HP, Lenovo gain share",-1
2015-01-12,PC sales better than expected; Apple's share tops 7%,1
2016-08-21,"My Portfolio Update And Review Of 83 Stocks: Up 2 With Reynolds And Exelon, Down 1 With Apple",0
2019-03-24,Apple Makes Its Video-Streaming Move (Stocks To Watch Podcast),0
2019-03-23,Stocks To Watch: Apple Makes Its Video-Streaming Move,0
2019-01-30,Dow Pushes Forward Under Apple's Shadow,0
2018-09-12,"As Goes Apple, So Goes the Market",0
2018-05-15,Stocks Torched By Hot Treasury Bond Sell-Off; Why Apple Gap Down Is Not A Sell Signal,0
2018-05-14,"10 Computer Groups Weigh On Stocks, But Apple Steady; Will The Gaming Sector Get Hot?",-1
2018-01-29,Stocks Fall Broadly; 3 Reasons Why It's Too Early To Sell Apple,-1
2017-11-27,Stock Indexes Take Small Steps; Apple Retreats; China Stocks Down,-1
2017-11-14,"Stock Indexes Fall As Apple, Alphabet Weigh On Nasdaq",0
2016-06-07,"David Einhorn Buys Apple, Yahoo, Yelp",0
2016-05-04,"Einhorn Discusses SunEdison, Apple, Bullish Investment Themes in Conference Call",1
2016-08-23,Apple Wants You To Feel Better,1
2015-10-05,M&A Daily: Paving Way For Apple Car?,0
2016-02-19,"Carl Icahn Buys AIG, Reduces Apple",0
2015-08-10,"Stocks Open Up In Mixed Trade; Apple, Boeing, CyberArk Climb",0
2012-08-27,"Dow Slips in Thin Trade, Apple Lifts Nasdaq",0
2012-08-27,"Futures Point To Higher Start; Apple, Dollar Thrifty Gain",1
2012-08-27,Apple Fuels Nasdaq Advance; Gasoline Rallies,0
2012-08-27,Stock Futures Rise Ahead of Jackson Hole; Apple Pops,1
2019-08-13,Stock Market Soars On China Tariff News; Apple Surges 5%,1
2019-02-13,Apple Vs. Google: One Clear Winner,1
2018-10-30,Apple (AAPL) Q4 Earnings to Benefit from Wearables & HomePod,1
2018-10-29,"Apple (AAPL) iPhone ASP, Robust Services to Drive Q4 Earnings",1
2017-10-30,Factors That May Impact Apple's (AAPL) Earnings in Q4,-1
2015-06-09,Apple: WWDC15 And The Evolution Into The First Trillion Dollar Market Cap Company,1
2014-10-09,Stocks' Slide Picks Up Steam; Icahn Note Buoys Apple,1
2020-05-08,"Sustainable Insight Capital Management, LLC Buys Apple Inc, Eli Lilly and Co, Truist Financial ...",0
2019-12-06,"Oakmark Fund Buys Humana Inc, DXC Technology Co, Concho Resources Inc, Sells Apple Inc, Texas ...",0
2019-11-12,"HAP Trading, LLC Buys Humana Inc, VanEck Vectors Gold Miners ETF, Anthem Inc, Sells Apple Inc, ...",0
2019-07-28,"Headliners Include Apple, Beyond Meat And IBM (Stocks To Watch Podcast)",0
2019-07-27,"Stocks To Watch: Headliners Include Apple, Beyond Meat And IBM",0
2019-05-20,"Coe Capital Management, LLC Buys Norwegian Cruise Line Holdings, Apple Inc, Target Corp, Sells ...",0
2019-05-08,"Welch Capital Partners Llc Buys Vanguard S&P 5……, Humana Inc, Apple Inc, Sells CVS ...",0
2019-04-14,"Spotlight On Earnings, Pinterest And Apple-Qualcomm (Stocks To Watch Podcast)",0
2019-04-13,"Stocks To Watch: Spotlight On Earnings, Pinterest And Apple-Qualcomm",0
2018-10-12,"Centene: This Fortune 500 Insurer Beats Apple, Amazon In Key Metric",1
2018-05-15,"Glenview added Express Scripts, exited Apple in Q1",0
2017-08-07,"The Zacks Analyst Blog Highlights: Apple, General Motors, Tesla, Northrop Grumman and Humana",0
2017-05-23,"Steadfast Capital Management Lp Buys Humana Inc, Microsoft Corp, eBay Inc, Sells Apple Inc, ...",0
2017-02-17,"Week In Review: Dow Keeps Rising As Apple Hits High, Verizon Unlimited, Kraft Eyes Unilever",0
2017-02-15,"Warren Buffett Reveals New Picks - Apple, Airlines, And Arb",0
2017-01-24,"Apple, Aetna, Humana Downgraded; Comcast PT Raised Ahead Of Q4",-1
2017-01-12,Wall Street Breakfast: Apple Sets Its Sights On Hollywood,0
2016-10-25,Wall Street Breakfast: Apple Earnings Take Center Stage,0
2016-08-02,Apple-Backed Didi's Uber Deal,0
2016-05-13,"Week In Review: Apple, Macy's, Walt Disney Signal Consumer Slowdown",-1
2015-12-16,Apple Supplier Qualcomm PT Cut; Northrop Upgraded,1
2015-02-23,Nasdaq Climbs As Apple Stock Hits New High,1
2015-02-05,Major hospitals evaluating Apple's HealthKit service,0
2019-08-14,"CAMG Solamere Management, LLC Buys Apple Inc, Textron Inc, Cardinal Health Inc, Sells Marathon ...",0
2013-07-19,Will Apple (AAPL) Beat Earnings Estimate This Quarter? - Analyst Blog,1
2016-12-12,Apple Supplier In Sale Talks,0
2016-11-21,"Stocks Close At Record Highs; Oil Jumps 4%, Apple Leads Dow",1
2019-07-28,"Headliners Include Apple, Beyond Meat And IBM (Stocks To Watch Podcast)",0
2019-07-27,"Stocks To Watch: Headliners Include Apple, Beyond Meat And IBM",0
2020-05-01,"Telos Capital Management, Inc. Buys Qualcomm Inc, Apple Inc, Procter & Gamble Co, Sells ...",0
2017-05-22,"Buffett-Endorsed Trader Lou Simpson Buys Shares of Apple, SBA Communications",0
2017-04-05,"Norman Fields, Gottscho Capital Management, LLC Buys Delta Air Lines, Apple, Hexcel, Sells ...",0
2017-02-14,"Lou Simpson Buys Apple, Cable One, Tyler Technologies, Sells Wells Fargo, Charles Schwab, AMETEK",0
2019-05-01,Apple and Nu Skin Enterprises among consumer gainers; Pitney Bowes leads the losers,-1
2020-05-14,"Employees Retirement System of Texas Buys Microsoft Corp, Apple Inc, iShares iBoxx $ High Yield ...",0
2020-02-03,"Railway Pension Investments Ltd Buys iShares iBoxx $ High Yield Corporate Bond ETF, Apple Inc, ...",0
2017-08-02,"White Bay Pt Llc Buys Apple Inc, Microsoft Corp, JPMorgan Chase, Sells Cabot Microelectronics ...",0
2019-09-08,"Apple, IPOs And German Auto (Stocks To Watch Podcast)",0
2019-09-07,"Stocks To Watch: Apple, IPOs And German Auto",0
2020-05-06,"Private Ocean, LLC Buys Apple Inc, SPDR Nuveen Bloomberg Barclays High Yield Municipa, Vanguard ...",0
2020-05-06,"Dow Jones Fades Early Gain, But Microsoft, Apple Strong; Biotech Leader Breaks Out On Earnings",1
2016-09-21,Presenting Apple's First Car,0
2016-08-23,Apple Wants You To Feel Better,1
2016-03-15,"Stocks Quiet Ahead Of Fed, But Apple Gaps Up",1
2016-03-15,"Stocks Mixed Again; Drug Issues Hammered, But Apple Gaps Up",1
2015-06-29,"Greece Sends Stock Futures Lower; Apple, Google, Boeing, Macy's Slide",0
2015-03-18,Year-To-Date Winners: We Have Found The Market And It's Apple,0
2015-02-17,"Tiger Management's Julian Robertson Buys Apple, Netflix, Illumina, Sells Alibaba, EBay, MasTec",0
2014-01-07,Apple And Amazon: Why Bill Miller Still Likes Them,0
2012-10-29,Microsoft Trying To Get Apple iPhone Users To Switch,0
2012-10-08,Two New Ways for Investors to Play Apple's Dominance,1
2012-10-08,Two New Ways for Investors to Play Apple's Dominance,1
2012-08-27,Stock Futures Rise Ahead of Jackson Hole; Apple Pops,1
2019-10-11,"Resource Sector Digest: The Value Of Apples, Oranges, And Ounces In The Ground",0
2017-02-15,"Warren Buffett Reveals New Picks - Apple, Airlines, And Arb",0
2018-06-04,"Stocks Higher As Apple Unveils Upgrades, But Why Are Leaders Underperforming?",1
2017-02-03,"Weekly Review: Apple, Facebook, Amazon, UPS, Schwab, Dow, Trump",0
2015-01-15,"Stocks Reverse Into Mild Losses; Apple, Lennar Dip; HDFC Leaps",-1
2012-04-18,"Zacks' Voice of the People highlights opportunities with Apple, Goldman Sachs, ICICI Bank and Buffalo Wild Wings - Press Releases",0
2011-02-22,'Mad Money Lightning Round': Take a Bite of Apple,0
2016-08-05,Restaurant Stocks Power Higher On Earnings; Apple Boosts Nasdaq,1
2016-07-18,Nasdaq Leads Stocks As Apple Hits 100; Monster Beverage Fizzles,0
2016-05-16,S&P 500 Retakes 50-Day Line; Apple Injects Fuel Into Rally,1
2017-08-18,"WFG Advisors, LP Buys PowerShares S&P 5…… Low Volatility Portfolio, Apple Inc, iShares ...",0
2020-04-30,"Capital Wealth Planning, LLC Buys Apple Inc, Raytheon Technologies Corp, Intercontinental ...",0
2019-09-15,"Houthis Cut Saudi Oil Supply, Who Wins? Hint: Not E&P Oil Names. Fintech Firesale, And Goldman Spoils Apple",0
2019-09-11,"China Bends, Bonds Bomb, Apple Shines, And We Are Going Back To Highs. Also, Let's Look At Inadvertent Upgrades",1
2018-07-12,"The Zacks Analyst Blog Highlights: Apple, NVIDIA, Lockheed Martin, Intercontinental Exchange and Johnson Controls",0
2018-07-11,"Top Stock Reports for Apple, NVIDIA & Lockheed Martin",0
2015-03-30,"Stocks Roll Out Healthy Start; JPMorgan, Apple, Gentherm Climb",1
2012-12-11,Apple Is a Bad Investment,-1
2018-05-07,Stocks Hitting New Highs: Is This Leader The 'Apple' Of The Medical Research Gear Group?,1
2015-08-25,"Stocks Rocket At Starting Bell; Netflix, Apple, Facebook Jump",0
2013-04-30,Techs Lead The Way Again; Apple Launches Huge Debt Offering,1
2016-03-21,"The Monday Morning Kickoff - Apple's Monday Event, Nike's Earnings, More Fed Head Jawboning And Good Friday",0
2016-07-25,Apples To Oranges: Why You Should Care More About Money Markets Than The iPhone 7,0
2019-04-28,"Eyes On Apple, Uber, F8 And Avengers (Stocks To Watch Podcast)",0
2019-04-27,"Stocks To Watch: Eyes On Apple, Uber, F8 And Avengers",0
2019-04-27,"Stocks To Watch: Eyes On Apple, Uber, F8 And Avengers",0
2018-09-11,Dow Jones Rally Led By Apple; PayPal Fuels Solid Gain For Nasdaq,1
2018-08-31,Apple Hits $1.1 Trillion Market Cap As More Nasdaq Growth Stocks Lead Stock Market,0
2017-09-13,These Chip Stocks Seen Benefiting From New Apple iPhones,1
2017-05-25,Stocks Steady At Highs: These 3 Apple Chip Plays Are Near Buys,1
2017-02-21,5 Stocks Likely To Benefit From Apple iPhone 8 Upgrade Supercycle,1
2017-01-03,"Stocks Up, Apple Fine; Why Nvidia's Correction Looks Normal So Far",1
2016-12-30,Report on Apple production cut ripples through tech sector,0
2016-08-18,"Galaxy Note 7: Apple Supplier Qualcomm Leads Broadcom, Qorvo, IDT",0
2016-07-18,"Apple Suppliers Intel, Broadcom, Qualcomm ARM Up With 'Hoard Of Cash'",0
2016-06-09,"Eye On Tech: Apple And Google Bet On App Subscriptions, And Qualcomm Targets Connected Cars",0
2016-05-28,Apple Chipmakers As iPhone Slows: Will Tesla CEO Musk Save Them?,-1
2016-05-23,"Apple Chip Suppliers Broadcom, NXP, Skyworks Up On iPhone 7 Hopes",0
2016-05-03,Apple Chipmaker Integrated Device Tops Q4 Views On Record Sales,1
2016-05-02,"After Hours: Sturm Ruger, Texas Roadhouse, Apple Supplier IDT",0
2016-04-25,Apple Supplier Integrated Device Rated Buy; Discount 'Unwarranted',1
2016-03-28,"Tesla's Apple, AMD Hiring Scoops Could Squeeze Chipmaker Nvidia",0
2016-03-23,"Inphi Rockets Speedy Digital Drone To Rival Apple, Amazon, Facebook",0
2016-03-22,"Microsoft, Inphi Plan To Leave Amazon, Apple In Digital Drone Dust",0
2016-03-09,Chinese ZTE Sanctions Over Iran Sales Could Hurt Apple Chipmakers,-1
2016-01-15,"Intel, Apple Chip Suppliers Slammed As Indexes Plunge",-1
2015-11-27,IPhone Demand Fears Might Bruise Apple Supplier Avago,-1
2015-10-20,Apple Chip Supplier Avago Ousts COO Position,0
2015-07-22,Chip stocks down sharply following Apple/ARM/Linear's Q2 reports,-1
2015-05-02,"BRCM, STM, ADI, IDTI, SNDK, MU land Apple Watch design wins",1
2015-05-01,9 chip stocks riding on Apple Watch,0
2015-01-23,Apple Watch to supercharge use of wireless charging,0
2014-10-03,Apple Watch production said delayed until January,-1
2014-07-14,"Apple, Intel Among 4 Techs Flexing Relative Strength",1
2012-03-16,"South Korea ETF: The Anti-Apple Trade? (EWY, IDX)",0
2012-03-15,"South Korea ETF, The Anti-Apple Trade?",0
2020-05-11,"Blair William & Co Buys Apple Inc, Microsoft Corp, Amazon.com Inc",0
2018-07-28,"Stocks To Watch: Apple, Harley And Tesla On The Marquee",0
2020-05-08,"Citizens Financial Group Inc Buys Apple Inc, iShares Core MSCI Emerging Markets, Facebook Inc, ...",0
2018-09-08,"Stocks To Watch: Apple Event, Chinese Auto IPO To Headline",0
2016-02-19,"Carl Icahn Buys AIG, Reduces Apple",0
2015-12-30,Bold Bets For 2016 - From Apple To Icahn,0
2015-12-29,"Amazon Soars, Apple Rebounds As Stocks Rally To Big Gains",1
2015-12-23,Apple Tax Charges 'Total Political Crap',0
2015-01-28,Apple Should Do A Bigger Buyback,1
2013-11-06,Hey Carl - Follow Warren's Example to Convince Apple You'll Be Here Long Term,0
2013-04-09,"""Don't Go, Apple Guy!"" – Who's Heartbroken Over Ron Johnson's Booting From JC Penney",0
2019-06-25,Emerson Rolls Out Appleton FELED & FNLED Linear Luminaries,0
2016-05-12,Apple And Disney Have Staying Power - Cramer's Mad Money (5/11/16),1
2017-05-10,"Cornerstone Advisors Inc Buys Apple Inc, Alpine Total Dynamic Dividend Fund, Amazon. ...",0
2010-06-30,The Next Apple: 3 Innovative Small-Caps,1
2019-04-21,"Podcast: Apple-Qualcomm, Intel 5G, Samsung Galaxy Fold",0
2019-03-24,"Podcast: Nvidia GTC, Google Stadia, HP And Oculus VR, Apple",0
2019-02-10,"Podcast: Apple, 5G Vs. WiFi, Digital Privacy, Spotify",0
2018-03-01,Multimedia Weekly Digest: Take A Bite Out Of Apple,0
2016-07-05,Stocks Sink To Session Lows; Will Brexit Take Bite Out Of Apple Sales?,-1
2010-09-14,Cramer's 'Mad Money' Recap: Apple New Retail King (Final),0
2019-08-23,"Apple, chip stocks take a beating after China tariffs, Trump tough talk",1
2018-10-15,"Tech lunch break: Netflix, Apple lead back down",-1
2018-03-01,Multimedia Weekly Digest: Take A Bite Out Of Apple,0
2013-01-15,3 Apple Proof ETFs - ETF News And Commentary,0
2012-05-03,Zacks.com ETF Strategist Eric Dutram highlights: Three Great Tech ETFs That Avoid Apple. - Press Releases,0
2012-05-02,Three Great Tech ETFs That Avoid Apple - ETF News And Commentary,0
2018-08-17,Apple Charges To 4% Weekly Gain As This Dow Jones Stock Is A New Emerging Winner,1
2018-01-05,Apple's (AAPL) App Store Reports Record New Year's Day Sales,1
2019-09-10,Apple fall event kicking off (live updates),0
2019-03-24,Apple Makes Its Video-Streaming Move (Stocks To Watch Podcast),0
2019-03-23,Stocks To Watch: Apple Makes Its Video-Streaming Move,0
2018-12-04,"Apple suppliers, chips drop on Cirrus cut",0
2018-11-13,Apple suppliers recover despite Qorvo guide cut,1
2018-11-12,"Apple suppliers drop on Lumentum guide, iPhone target cuts",-1
2018-11-05,Apple suppliers drop on production expansion halt,-1
2018-09-12,Apple suppliers to watch during the fall event,0
2018-09-11,What to expect during Apple's iPhone launch event,0
2018-07-31,What to watch in Apple's Q3 report today,0
2018-06-08,"Tech sector under pressure from Apple suppliers, semi equipment stocks",-1
2018-06-08,NAR: Apple drops iPhone parts orders by 20%; supplier stocks dip,-1
2018-04-02,Finisar down on report it's lost key Apple VCSEL deal,-1
2018-03-22,Apple's new iPhones could enter trial production in Q2,0
2018-01-29,Apple halving iPhone X production in Q1,1
2018-01-23,"Apple, suppliers move after JPMorgan says iPhone X build will weaken",-1
2017-02-13,Apple iPhone 8 Could Be Late To AR Smartphone Game,0
2017-02-13,Apple Gets Price-Target Hike On AR-Enabled iPhone 8,1
2017-01-25,Apple iPhone 8 To Get 3D-Sensing Tech For Augmented-Reality Apps,1
2020-05-08,"Shoker Investment Counsel, Inc. Buys iShares Core S&P Mid-Cap, SPDR S&P 5……, Apple ...",0
2019-11-21,"Headinvest, Llc Buys iShares MSCI KLD 4…… Social ETF, Apple Inc, Amazon. ...",0
2019-11-12,"Busey Trust CO Buys iShares Russell –……… ETF, Apple Inc, iShares TIPS Bond ETF, Sells ...",0
2019-10-17,"Amarillo National Bank Buys Pfizer Inc, Deere, Caterpillar Inc, Sells Apple Inc, Netflix Inc, ...",0
2017-07-28,"Coconut Grove Bank Buys iShares Core S&P Mid-Cap, Apple Inc, Procter & Gamble Co, Sells ...",0
2017-02-01,"Stock ETFs Mixed; Financials, Techs Lead After Cheery Apple Report",-1
2016-09-16,QQQ ETF Bucks Stock Malaise As Apple And Intel Stomp To High Ground,-1
2016-07-20,This Tech ETF With Less In Apple And Alphabet Is Better Off For It,1
2016-07-05,Gold ETF Streaks Further Ahead; Chip ETFs Hit On Apple IPhone Report,1
2016-06-02,"Tech ETFs Slide Along With Apple, Broadcom; Oil Sinks On No Deal",0
2016-05-16,"Stock ETFs Pop Amid Buffett's Apple Buy; Gold ETF, Miners Trim Gains",1
2016-04-28,"Tech Funds Finish Mixed With Apple, Facebook In Motion",0
2016-04-26,Small-Cap Funds Pop Amid Anemic S&P 500 Results; Apple Falls After Hours,-1
2016-03-30,"S&P 500, Dow ETFs Hit 2016 Highs Led By Apple; Oil Gives Up Gains",1
2016-03-28,"S&P 500, Dow ETFs Grapple For Gains As Oil Continues To Weigh",-1
2016-03-01,"Momentum, Growth Funds Lead In Strong March Start; Apple At $100",1
2020-01-23,"Executive Wealth Management, LLC Buys iShares Core S&P Small-Cap ETF, Apple Inc, Vanguard ...",0
2015-09-23,3 Cybersecurity Stock Picks on Apple Breach,0
2020-05-14,"Worldquant Millennium Quantitative Strategies Llc Buys Apple Inc, Amazon. ...",0
2020-05-06,"NN Investment Partners Holdings N.V. Buys Mastercard Inc, Apple Inc, The Estee Lauder Inc, ...",0
2019-07-31,"Names You Can Buy Before The Rate Cut; Also, Boo Apple, Yes, I Diss",0
2019-01-29,"Dow Jones Futures: Apple, AMD Lead These Big Earnings Movers Late",1
2019-01-28,Apple Earnings Lead Big Day For Stock Market: Investing Action Plan,0
2018-07-31,"Small Caps, Dow Stocks Lead Market Gains; Why Apple Is Poised For A Big Move",1
2018-07-31,Stocks Pare Early Gains; Apple Earnings On Tap,1
2018-07-31,"Illumina, KLA-Tencor Hoist Tech Stocks As Apple, Fed Loom: Stock Futures Rise",0
2018-07-28,"Stocks To Watch: Apple, Harley And Tesla On The Marquee",0
2018-05-07,Stocks Hitting New Highs: Is This Leader The 'Apple' Of The Medical Research Gear Group?,1
2018-01-30,"Stocks Down, More Homebuilders In Trouble; When To Sell Apple",-1
2017-08-02,Stocks Mixed As Illumina Breaks Out; Is It Still OK To Buy Apple?,1
2017-08-02,"Apple Fuels Dow Jones Above the ——,……… Mark",0
2017-08-02,"Stocks Open Higher: Apple Breaks Out, Dow Clears 22,000",0
2017-08-02,"Stock Futures Mixed: Apple Soars, 2 Leaders Suffer Hard Hits",-1
2017-01-10,"Small Caps Soar, Dow Off; Which Tech Stocks Beat Apple In Gains Today?",1
2017-01-10,Nasdaq Closes Higher; Apple Extends Gains On Product Buzz,1
2016-10-11,"Indexes Tank But Apple, Twitter Stay Afloat; Lumentum, Illumina Dive",0
2016-10-11,"Stocks Down, Nasdaq Gets Near 50-Day Line; Medicals Smacked, Apple Still Firm",-1
2016-10-11,Alcoa Kicks Off Earnings Season With Miss; Apple Jumps On Galaxy Halt,0
2016-10-11,"Stock Open Lower; Apple, Caterpillar, Airlines Climb",0
2016-09-12,"Stocks March Higher On Fed's Brainard; Apple, Wal-Mart Lead Dow",1
2016-03-30,Apple Upgraded; Tesla Rating Backed Ahead Of Model 3,1
2015-12-21,Apple Supplier Avago A Top Pick; BlackBerry PT Hiked,1
2015-12-08,"John Griffin Buys Autodesk, Apple, Sells AIG, Fitbit",0
2015-10-06,Illumina Downgraded; Apple Supplier Skyworks PT Cut,-1
2015-10-01,Apple Supplier Skyworks Is A Buy; Celgene Upgraded,1
2015-10-01,"Stocks Give Up Early Gains As Apple, Illumina, Sucampo Slide",1
2015-10-01,Apple Supplier Skyworks Is A Buy; Celgene Upgraded,1
2015-07-22,Bruised Apple Batters Stocks,0
2015-07-22,Apple and 3 Other Stocks with Major Price Changes Post-Earnings - Stocks in the News,0
2015-07-22,"Stock Futures Down, Action Mixed; Apple, Vasco, Illumina Tumble",-1
2015-07-21,"GoPro, Fitbit Surge As Indexes Dip; Apple Down Late",1
2015-07-21,"Stock Futures Mixed, IBM Weighs; Infosys, Tesla, Apple In Motion",0
2015-07-18,Move Aside Apple: 8 IBD 50 Stocks With Earnings Due,0
2015-06-25,"Tesla leads 'smartest' companies ranking; Apple, Facebook back on list",0
2015-06-22,"Illumina tops MIT 'smartest' companies ranking; Apple, Facebook dissed",0
2015-04-07,Apple: A Top Mutual Fund Manager's Concerns,-1
2015-01-28,Stock Indexes Turn Mixed; Apple Stays Strong,-1
2015-01-28,Nasdaq Recovers After Reversal; Apple Shines Brightly,1
2015-01-28,"Stocks Up On Apple, Yahoo Gains; Illumina, Skyworks, NXP Climb",1
2015-01-27,Stocks Weaken Late; Apple Jumps After Hours,-1
2015-09-03,V7 Introduces On-the-Go Flash Drives to Support Data Storage and Transfer From Apple and ...,0
2013-07-08,"Technology Stock Roundup: Apple Soars, Finally - Analyst Blog",0
2012-09-13,A Tech Stock That Isn't Apple,0
2019-09-30,"Should Apple's ""Theater-First"" Plan for Films Vex Netflix?",0
2019-04-28,"Eyes On Apple, Uber, F8 And Avengers (Stocks To Watch Podcast)",0
2019-04-27,"Stocks To Watch: Eyes On Apple, Uber, F8 And Avengers",0
2019-04-27,"Stocks To Watch: Eyes On Apple, Uber, F8 And Avengers",0
2018-09-08,"Stocks To Watch: Apple Event, Chinese Auto IPO To Headline",0
2015-12-21,Stocks Step Out To Early Gains; Ericsson Jumps On Apple Deal,1
2015-12-15,Stocks Rise As Fed Meeting Starts; Apple Falls,0
2011-03-25,Apple iPad 2 Restock: Morning Tech Bytes,0
2019-09-08,"Apple, IPOs And German Auto (Stocks To Watch Podcast)",0
2019-09-07,"Stocks To Watch: Apple, IPOs And German Auto",0
2016-05-26,Apple's Next Moves? Hints From M&A Talks,0
2016-07-20,A New Apple Partnership?,0
2016-06-24,"Apple, Facebook, Palo Alto: Tech Stocks To Buy After Brexit Deluge",1
2016-05-27,"Eye On Tech: Apple M&A Speculation Grows, And Google Triumphs Against Oracle",0
2015-02-04,What Made Apple (AAPL) Raise $6.5B in Bonds? - Analyst Blog,0
2014-09-02,"Apple, Home Depot Breaches Boost Security Stocks",1
2019-11-05,"Community Bank of Raymore Buys The Kraft Heinz Co, Stryker Corp, Apple Inc, Sells Realty Income ...",0
2018-07-28,"Stocks To Watch: Apple, Harley And Tesla On The Marquee",0
2016-06-20,India ETFs Perk Up But Now Grapple With Exit Of 'Rockstar' Rajan,0
2017-02-28,"Wal-Mart Tumbles, Apple Gains On Dow; Will Stocks Get Trump Bump Or Dump?",-1
2016-05-03,"Stocks Deep In Red, But Apple, Pfizer Defy Sell-Off",-1
2016-04-18,"Stocks Steady; Disney Leads, Apple Lags On Dow",1
2016-04-15,Stocks Rally For Week; Apple Breaks Key Support,1
2015-04-27,"Biotechs Weigh On Nasdaq, But Apple, Twitter Hold Firm",0
2020-01-03,"Stock Market Trims Losses After U.S. Airstrike Sends Stocks Tumbling; Apple, Incyte, Tesla Key Movers",-1
2020-01-02,"Dow Jones Futures: 2020 Stock Market Rally Starts Strong, But Watch The Rotation; Apple, AMD, SolarEdge, Tesla Lead; Incyte Dives",1
2019-12-10,"Stock Market Claws Back From Early 105-Point Dow Loss; Apple, Nike Continue Bullish Moves",1
2019-09-08,"Apple, IPOs And German Auto (Stocks To Watch Podcast)",0
2019-09-07,"Stocks To Watch: Apple, IPOs And German Auto",0
2019-07-12,"HMS Capital Management, LLC Buys Ulta Beauty Inc, Incyte Corp, IAC/InterActiveCorp, Sells Apple ...",0
2019-06-02,"Apple's WWDC, DuPont's Return And Tariff Anxiety (Stocks To Watch Podcast)",0
2019-06-01,"Stocks To Watch: Apple's WWDC, DuPont's Return And Tariff Anxiety",0
2019-01-30,Dow Pushes Forward Under Apple's Shadow,0
2018-10-28,Apple Looks To Recharge Tech Sector (Stocks To Watch Podcast),0
2018-10-27,Apple Looks To Recharge Tech Sector,0
2018-03-13,Road To Financial Independence: My February 88-Stock Portfolio Review With Big Apple Purchase,0
2017-05-18,"Stocks Cling To Gains; Apple, Netflix Lead Nasdaq; Time To Buy Biotechs?",1
2017-04-17,"Nasdaq Leads Stock Market Rally; Apple, Boeing, Caterpillar Boost Dow",1
2017-04-17,"Stocks Open Higher: McDonald's, Apple Rise On The Dow",1
2017-02-24,"Stocks Close Up, Apple Still Crisp; Did Nvidia Show A Bottoming Signal?",-1
2017-02-14,Dow Turns Positive As Yellen Speaks; Caterpillar Lags But Apple Keeps Rising,1
2017-01-31,"Stocks Battle Back, Trim Losses; Apple Beats",1
2017-01-10,"Small Caps Soar, Dow Off; Which Tech Stocks Beat Apple In Gains Today?",1
2016-11-09,Stocks Rally As Market Digests Trump's Surprise Win; Why Is Apple Down?,1
2016-06-20,India ETFs Perk Up But Now Grapple With Exit Of 'Rockstar' Rajan,0
2020-02-04,"Excalibur Management Corp Buys Apple Inc, Independent Bank Corp, AvalonBay Communities Inc, ...",0
2016-06-20,India ETFs Perk Up But Now Grapple With Exit Of 'Rockstar' Rajan,0
2012-07-07,Apple iPad Mini Rumors: Tech Weekly Recap,0
2012-07-07,Apple iPad Mini Rumors: Tech Weekly Recap,0
2012-07-06,"Informatica, Seagate, Apple: Tech Premarket",0
2012-07-06,"Informatica, Seagate, Apple: Tech Premarket",0
2016-07-28,Facebook Price Target Hike Frenzy; Apple Upgraded; T-Mobile PT Upped,1
2016-06-03,Apple Supplier Broadcom's Price Targets Hiked; John Deere Upgraded,1
2016-05-27,"Eye On Tech: Apple M&A Speculation Grows, And Google Triumphs Against Oracle",0
2015-07-22,"Apple, Microsoft Pull Nasdaq Lower; Cirrus Up Late",0
2017-06-07,"Stocks Open Higher; Apple, Nike Stake Early Leads",1
2015-09-28,"Citigroup, AbbVie Upgraded; Apple Supplier Qorvo Cut",1
2015-07-21,"Stock Futures Mixed, IBM Weighs; Infosys, Tesla, Apple In Motion",0
2012-12-13,Google Maps a Gift to Apple: Tech Winners & Losers,1
2012-12-13,Google Maps a Gift to Apple: Tech Winners & Losers,1
2012-08-23,"HP, Logitech, Infosys, Apple: Tech Premarket",0
2012-08-23,"HP, Logitech, Infosys, Apple: Tech Premarket",0
2011-02-24,Apple's New Mac: Morning Tech Bytes,0
2019-09-08,"Apple, IPOs And German Auto (Stocks To Watch Podcast)",0
2019-09-07,"Stocks To Watch: Apple, IPOs And German Auto",0
2015-11-19,Stocks Hit Session Highs As Apple Retakes Key Support,-1
2015-10-06,Stocks Mixed As Tesla Skids But Apple Avoids Supplier Stock Sell-Off,-1
2015-09-22,"Apple Gets Bullish Call; Nike, Amgen PTs Raised",1
2015-04-13,DexCom Launches CGM App on Apple Watch; Shares Rise - Analyst Blog,0
2018-09-08,"Stocks To Watch: Apple Event, Chinese Auto IPO To Headline",0
2017-08-29,"Dr Pepper Snapple Strong on RCI Program, CSD Volumes Weak",1
2016-09-21,Presenting Apple's First Car,0
2019-05-28,Apple Hospitality Trust: Sleep Well With This 7.3% Monthly Dividend REIT,1
2018-10-28,Apple Looks To Recharge Tech Sector (Stocks To Watch Podcast),0
2018-10-27,Apple Looks To Recharge Tech Sector,0
2018-10-09,How Do You Like Them Apples?,0
2020-03-03,"The Zacks Analyst Blog Highlights: Moderna, Inovio Pharmaceuticals, Co-Diagnostics and Apple",0
2016-08-30,Wall Street Breakfast: Apple Slammed In EU Tax Crackdown,-1
2020-05-15,"Arrowstreet Capital Limited Partnership Buys Microsoft Corp, Intel Corp, Apple Inc",0
2020-05-14,"Crake Asset Management LLP Buys Cigna Corp, Facebook Inc, Apple Inc, Sells United Airlines ...",0
2020-05-13,"Healthcare Of Ontario Pension Plan Trust Fund Buys Allergan PLC, Mastercard Inc, Apple Inc, ...",0
2020-05-13,"Cornerstone Advisors, LLC Buys Apple Inc, SPDR S&P 5……, Intel Corp, Sells Cisco Systems ...",0
2020-05-08,"BRYN MAWR TRUST Co Buys JPMorgan Ultra-Short Income, Apple Inc, Truist Financial Corp, Sells ...",0
2020-05-06,"Dow Jones Lower As Payroll Drop Weighs; Are Apple, Microsoft Still In Buy Zone?",-1
2020-04-24,"Dow Jones Erases 200-Point Gain On Coronavirus Stimulus; Intel Dives On Earnings, While Apple Nears New Buy Point",1
2020-04-23,"Dow Jones Gains 400 Points On Jobless Claims, Surging Oil Prices; Apple Nears New Buy Point",1
2020-04-23,"Apple Reportedly Shifting Away From Intel, Will Make Its Own Mac Chips",0
2020-04-22,"Dow Jones Futures: Coronavirus Stock Market Rally Powers Back; Apple, AMD, Tesla, Intel, Microsoft Near Buy Points, But Watch Out For This",-1
2020-04-21,"Dow Jones Gets Slammed As Apple, Microsoft Weigh, But Nasdaq Fares Worse",-1
2020-04-20,"Oregon Public Employees Retirement Fund Buys NVIDIA Corp, Netflix Inc, Apple Inc, Sells Procter ...",0
2020-04-20,"Newman Dignan & Sheerar, Inc. Buys Apple Inc, Johnson & Johnson, Intel Corp, Sells ...",0
2020-04-17,"The Zacks Analyst Blog Highlights: Apple, Intel, Walt Disney, Alphabet and QUALCOMM",0
2020-03-26,Will Apple (AAPL) Delay 5G iPhone Launch Due to Coronavirus Mess?,-1
2020-02-24,"Nomura Asset Management Co Ltd Buys Microsoft Corp, Alibaba Group Holding, Apple Inc",0
2020-02-20,"The Zacks Analyst Blog Highlights: Microsoft, International Business Machines, Intel, Apple and Amazon.com",0
2020-02-18,"Apple's Coronavirus Warning, Tesla Climbs & A Strong Buy Chip Stock - Free Lunch",1
2020-02-12,"The Zacks Analyst Blog Highlights: Microsoft, IBM, Intel, Apple and Lam Research",0
2020-02-07,"HCR Wealth Advisors Buys Vanguard High Dividend Yield Index Fund, Apple Inc, First Trust ...",0
2020-02-06,"Stratford Consulting, LLC Buys Apple Inc, PIMCO Enhanced Short Maturity Active Exchange-Trad, ...",0
2020-02-06,"Zacks Earnings Trends Highlights: Apple, Microsoft, Alphabet and Intel",0
2020-02-04,"Excalibur Management Corp Buys Apple Inc, Independent Bank Corp, AvalonBay Communities Inc, ...",0
2020-01-28,"The Zacks Analyst Blog Highlights: Apple, Amazon and Intel",0
2020-01-27,"Apple, Microsoft, Facebook, Amazon and Intel are part of Zacks Earnings Preview",0
2020-01-24,"Dow Jones Today Gets Intel, AmEx Lift; Futures Rise As Chips Rally; Broadcom Deepens Apple Ties",1
2020-01-23,"Dow Jones Futures: Intel, Atlassian Soar On Earnings, Boost AMD, Nvidia, ServiceNow; Broadcom Rises On Apple Deal",1
2020-01-21,Apple Partner Pegatron Plans New Facilities in Vietnam,0
2020-01-15,"Wedge Capital Management L L P Buys US Foods Holding Corp, Apple Inc, Skyworks Solutions Inc, ...",0
2020-01-15,"The Zacks Analyst Blog Highlights: Apple, Roku, Netflix, Intel and Advanced Micro Devices",0
2020-01-14,Tech Daily Roundup: Apple Protection & More,0
2020-01-03,Apple (AAPL) to Enter Samsung-Dominated 5G Handset Market,0
2020-01-03,Apple (AAPL) Launching iPhone Model to Drive Top Line in 2020,1
2020-01-02,"Dow Jones Rushes 230 Points To Record High Thanks To Disney, Apple",1
2020-01-02,"Stock Market Kicks Off 2020 With Solid Gains; Amazon, AMD, Apple And Tesla Are Key Leaders",1
2019-12-31,"Stock Market Flat In Final Day Of 2019; Apple, Roku, Tesla Are Key Movers",0
2019-12-27,"The Zacks Analyst Blog Highlights: Microsoft, Apple, Alphabet, IBM and Intel",0
2019-12-16,"Dow, Nasdaq Surge To Record High As Apple Avoids New China Tariffs",1
2019-12-06,Stock Market Jumps On Strong Jobs Report; Apple Hits Record High,1
2019-12-03,"Stock Market Slammed By Trump Trade Moves; Apple, Intel, Other Dow Stocks Tumble",-1
2019-12-03,"Charts I'd Worry About Near Term With China: Apple, Semis (And SMH)",-1
2019-12-02,Apple making mini LED push in 2020 - analyst,0
2019-11-21,"Trade War Updates, Trump & Apple, Target Earnings & Buy This Chip Stock",1
2019-11-21,"Apple, Intel sell SoftBank unit for patent hoarding",0
2019-11-06,"The Zacks Analyst Blog Highlights: Apple, Intel, JPMorgan Chase, United Technologies and Home Depot",0
2019-11-04,Swapping Apple For Apple - October Dividend Portfolio Update,0
2019-10-31,"Peel Some Apple; Twitter Loses, TV Wins; Boeing CEO Must Go",-1
2019-10-30,Apple Earnings After The Bell: Will It Remain The World's Most Valuable Company?,1
2019-10-28,"The Zacks Analyst Blog Highlights: Alphabet, Amazon, Microsoft, Apple and Intel",0
2019-10-28,Big Week With The FOMC And Apple - Various And Sundry Topics,0
2019-09-24,Setting The Record Straight On Apple's 'Custom' ARM Processors,1
2019-09-15,"Houthis Cut Saudi Oil Supply, Who Wins? Hint: Not E&P Oil Names. Fintech Firesale, And Goldman Spoils Apple",0
2019-09-11,Dow Jones Extends Win Streak As These Key Stocks Rally; Time To Buy Apple?,1
2019-09-04,"Dow Jones Rallies More Than 200 Points As Apple, Intel, Nike Score Gains",1
2019-09-03,"Market Roller Coaster Takes Another Plunge; Dow Stocks Apple, Intel, Boeing Dive",0
2019-08-26,Apple shelves 'Walkie-Talkie' phone project - report,0
2019-08-23,"Apple, chip stocks take a beating after China tariffs, Trump tough talk",1
2019-08-23,Apple: A Lost Year For iPhone,-1
2019-08-14,"The Zacks Analyst Blog Highlights: Intel, QUALCOMM, Micron Technology, Advanced Micro Devices, Skyworks Solutions and Apple",0
2019-08-05,"Dow Jones Plunges, As Trade War Intensifies; Apple Stock Hits Sell Signal",-1
2019-08-05,"The Zacks Analyst Blog Highlights: Alphabet, Apple and Intel",0
2019-07-30,Apple Earnings Ahead: Focus Turns To Services Business As Some Fear Slowdown,0
2019-07-28,"Headliners Include Apple, Beyond Meat And IBM (Stocks To Watch Podcast)",0
2019-07-27,"Stocks To Watch: Headliners Include Apple, Beyond Meat And IBM",0
2019-07-26,"The Zacks Analyst Blog Highlights: Amazon, Alphabet, Intel, Apple and Starbucks",0
2019-07-26,"Intel (INTC) Beats on Earnings in Q2, Inks Deal With Apple",1
2019-07-25,"Intel +6% on Apple's $1B purchase, raised FY view",1
2019-07-25,"Apple, Qualcomm, And ARM Dancing A New Dance",0
2019-07-25,Apple Seeks New Front In Qualcomm War Via Intel,0
2019-07-24,It Makes No Sense For Apple To Buy Intel's Modem Business,0
2019-07-24,"The Zacks Analyst Blog Highlights: Apple, Intel and Infineon",0
2019-07-24,Intel Rumored to Sell 5G Smartphone Modem Business to Apple,0
2019-07-23,Apple's Bet On 5G,0
2019-07-23,"Apple May Buy Intel's 5G Modem Business, ETFs to Rally",1
2019-07-23,Apple Reportedly In Talks To Buy Intel's 5G Modem Business For $1 Billion,0
2019-07-22,Dow Jones Futures: Apple-Intel Modem Chip Report Lifts Intel; Qualms For Qualcomm?,1
2019-07-22,"Apple, Intel in advanced talks over modem business - WSJ",0
2019-07-22,"Stock Market Builds On Gains Due To China Tone And Gains By Apple, Intel",1
2019-07-19,"Davy Asset Management Ltd Buys Amazon.com Inc, Apple Inc, Facebook Inc, Sells Automatic Data ...",0
2019-07-08,"Dow Jones Falls 100 Points, As Apple Stock Sells Off On Downgrade",0
2019-07-05,Apple Likely to Bring Scissor-Switch Keyboards in MacBook,0
2019-07-02,"Apple Inc.: Conjectures, Counterfactuals And More",0
2019-07-01,"Dow Jones Futures Soar; Apple, Chips, Stock Market Rally Are Trump-Xi Meeting Winners",1
2019-06-29,"Trump-Xi Meeting Winners: Apple, Micron, Qualcomm, Intel And The Stock Market Rally",1
2019-06-19,Qualcomm: Don't Fear Apple Modem Plans,0
2019-06-14,"Universal Display, Bed Bath, Apple, Boeing and Intel highlighted as Zacks Bull and Bear of the Day",0
2019-06-14,"Stock Market Rally Stumbles, As Dow Jones Stocks Apple and Intel Retreat",-1
2019-06-13,Apple And The New Chip Paradigm With Mark Hibben (Podcast),0
2019-06-12,Qualcomm -2.8% as Apple mulls Intel modem purchase,0
2019-06-11,"Baines Creek Capital, LLC Buys Comcast Corp, Sells Microsoft Corp, Apple Inc, Alphabet Inc",0
2019-06-11,Apple in talks to buy key Intel modem unit - report,0
2019-06-07,Apple: Disingenuous About Convergence,-1
2019-05-30,"The Zacks Analyst Blog Highlights: Apple, Intel, JP Morgan, Bank of America and Citigroup",0
2019-05-22,Apple to Repair Third Generation Faulty MacBook Keyboard,-1
2019-05-10,"Dow Jones Weighed Down By Apple, Intel; Tough Start For Uber IPO",-1
2019-05-09,"Apple Roundup: SAP Deal, Spotify Challenge, 5G, Market Share",-1
2019-05-09,"Zacks Earnings Trends Highlights: Apple, Intel, Advanced Micro Devices, Micron and Lam Research",0
2019-05-06,Apple: The Wall Street Quarter,0
2019-05-01,"Dow Jones Led By Apple; Netflix Buoys Nasdaq, Reclaims Buy Point",1
2019-04-30,Apple: Back In The Game,-1
2019-04-26,"Dow Jones Keeps Weekly Losses Small; Will Apple, Disney Outperform Intel In 2019?",1
2019-04-26,Apple discussed buying Intel modem chip business - WSJ,0
2019-04-23,"The Zacks Analyst Blog Highlights: Qualcomm, Apple and Intel",0
2019-04-21,"Podcast: Apple-Qualcomm, Intel 5G, Samsung Galaxy Fold",0
2019-04-17,Qualcomm Hands Apple A Stunning Defeat,-1
2019-04-17,Qualcomm-Apple Truce: Is There More Than What Meets the Eye?,0
2019-04-17,"Boxlight, CAI, Apple, Intel and Qualcomm highlighted as Zacks Bull and Bear of the Day",0
2019-04-17,Intel drops 5G phones after Qualcomm-Apple truce,0
2019-04-16,Will Apple Buy Huawei's 5G Chips?,0
2019-04-12,"The Zacks Analyst Blog Highlights: Apple, KLA-Tencor, Intel, Cree and Xilinx",0
2019-04-09,Apple: Dividend Hardly Counts,0
2019-04-09,"Apple Roundup: Beating Spotify, HomePod Price, AirPods, A.I. Hire, More",0
2019-04-05,Stock Market Rallies On Strong Jobs Report; Can Apple Stock Break Out?,1
2019-03-25,"Dow Finds Support As Boeing Lifts, Apple Drags In Stock Market Today",1
2019-03-22,"The Zacks Analyst Blog Highlights: Apple, Intel, Advanced Micro, Lenovo and HP",0
2019-03-11,"Apple, Facebook Lead FAANG Rally; Boeing Lags In Dow Jones",-1
2019-03-04,Qualcomm launches new Apple patent challenge,1
2019-02-20,"The Zacks Analyst Blog Highlights: Apple, Alphabet, Amazon, Intel and Qualcomm",0
2019-02-19,Qualcomm argues against Apple's patent workaround,0
2019-02-08,"Zacks Value Trader Highlights: IBM, Microsoft, Intel, Cisco and Apple",0
2019-02-07,Apple reorganization suggests modem chips - Reuters,1
2019-02-05,"Apple, Boeing Boost Dow In Stock Market Today; Growth Names Rally",1
2019-01-30,Breaking Down Apple's (AAPL) Dismal Q1 iPhone & Greater China Revenues,-1
2019-01-30,"Semis, suppliers gain on Apple, AMD reports",0
2019-01-28,"Dow Jones Futures: Caterpillar, Nvidia, Apple Woes Put China Trade Talks In Focus",-1
2019-01-25,"Apple Fuels Dow Jones Rally; Western Digital, Micron Lead Nasdaq",0
2019-01-22,Apple: Don't Blame Tim Cook,0
2019-01-16,Apple: Rethinking The iPhone,1
2019-01-15,Intel eyes Apple exec for CEO - Axios,0
2019-01-11,"Reuters: Apple eyed Samsung, MediaTek for 2019 iPhone modems",0
2019-01-09,Buy Microsoft (MSFT) Stock on the Dip Amid Apple (AAPL) Uncertainty?,1
2019-01-09,XLK Holdings Series Part 2: Analyzing Apple's Evaluation,0
2019-01-09,Dow Jones Extends Win Streak; Apple Cuts iPhone Production,-1
2019-01-07,"Apple: Regrets, I Had A Few, And Did It My Way",0
2019-01-03,Dow Tumbles More Than 550 Points; Apple Sells Off On Slashed Estimates,-1
2018-12-18,Stock Market Today Volatile Ahead Of Fed; What's Ahead For Apple?,0
2018-12-10,Apple suppliers dip on China's iPhone ban,-1
2018-12-10,"Historically, This Is An Extremely Rare Buying Opportunity For Apple",1
2018-12-05,Apple (AAPL) Likely to Delay the Launch of 5G iPhone to 2020,-1
2018-12-04,Stock Futures Dip On Apple Downgrade; This Marijuana Stock Spikes,-1
2018-12-03,Oil Groups Lead Stock Market Up; Will These 3 Large Cap Stocks Beat Apple In December?,1
2018-11-27,Apple Drops as Trump Threatens More Tariff on China Imports,-1
2018-11-13,Apple suppliers recover despite Qorvo guide cut,1
2018-11-12,Apple Takes A Position As 5G Race Catches On,0
2018-11-12,"Apple suppliers drop on Lumentum guide, iPhone target cuts",-1
2018-11-05,"Dow, S&P 500 Rally In Stock Market Today, But Why Did Apple Drop?",-1
2018-11-02,"Stock Market Today Drops As Apple Weighs, But Indexes Post Strong Weekly Gains",1
2018-10-31,"Apple Roundup: Regulatory, Privacy, TV, iPhone XR, Music, More",0
2018-10-25,"Dow Soars 470 Points As Apple, Microsoft Lead Stock Market Rally",1
2020-02-23,Dow Jones Futures Dive As Stock Market Faces Coronavirus Pandemic Fears; Apple Eyes Buy Point,1
2019-09-17,"The Zacks Analyst Blog Highlights: PayPal, Square, Intuit, Apple and JPMorgan Chase",0
2019-08-23,Stock Market Thrashed As China Trade War Takes Turn For Worse; Apple Tanks,-1
2019-08-06,"David Carlson Exits Medtronic, Trims Apple Holding",0
2019-05-22,Apple to Repair Third Generation Faulty MacBook Keyboard,-1
2018-11-19,Tech Stocks Lower As Apple Cuts iPhone Production; Tesla Breaks Out,-1
2016-12-21,"Apple, General Electric, Microsoft Lead Field In Stock Buybacks",0
2016-05-27,Apple Is Not Buying Time Warner - Cramer's Lightning Round (5/26/16),0
2016-05-25,"Eye On Tech: Twitter Redefines 140 Characters, And Apple Reportedly Works On An Echo Rival",0
2015-08-21,Apple Turns Red for the Year,1
2019-01-10,"Apple Roundup: Negative Preannouncement, Samsung Deal",-1
2017-03-10,Apple Goes Hollywood,0
2016-12-21,"Will Apple, Smartphone Makers Drive Lumentum, Finisar Sales?",0
2016-12-21,17% Pop On Apple Supplier Deal,0
2016-12-12,Apple Supplier In Sale Talks,0
2016-12-05,"Apple Price Target Cut; Broadcom, ADI Still Buys",-1
2016-09-08,"Apple News Positive For Broadcom, Negative For Qualcomm",1
2016-08-30,Broadcom Seen Delivering $50 Million Q3 Win On Apple iPhone 7 Gains,1
2016-08-27,Broadcom Likely Gained 20% Apple iPhone 7 Content Despite 'Muted' Ramp,1
2016-08-26,These Three Chipmakers Will Survive Apple's Rumored 15%-20% iPhone 7 Order Cut,-1
2016-08-09,Apple Pressuring iPhone Component Suppliers For Price Cuts,-1
2016-07-05,"Apple iPhone 7 Shipments Could Disappoint; Skyworks, Cirrus Logic Dive",-1
2016-05-23,"Apple Chip Suppliers Broadcom, NXP, Skyworks Up On iPhone 7 Hopes",0
2016-05-23,"Apple, suppliers gain following report of strong iPhone 7 production orders",1
2016-05-12,"Apple Falls Anew Amid iPhone 7 Worries, Chip Stocks Follow",-1
2016-05-11,Apple Suppliers Blame 'Tepid' iPhone 7 Demand On Lack Of Innovation,-1
2016-05-10,"Taiwan Semi, InvenSense Stumble Over Apple's iPhone Shortfall",-1
2016-05-09,InvenSense Sales Expected To Topple After Apple iPhone Shortfall,1
2016-04-29,Skyworks Guidance Lags By $50 Mil On Petering Apple iPhone Demand,-1
2016-04-11,"Apple Deflates iPad Pro, Taps Broadcom, NXP To Lead Smaller Device",0
2016-03-31,"Apple iPhone SE Teardown: Qualcomm, Qorvo Lead But Skyworks Gains",1
2016-03-27,Will Apple See A Big Impact From Small Phones?,0
2016-03-10,InvenSense: Not All Apple And Samsung,0
2016-02-11,"Qorvo: With Less Apple, Life May Still Be Healthy",1
2016-02-08,"LinkedIn, Tableau Specter Haunts Apple Chips, Security Stocks",0
2016-01-29,Apple suppliers up strongly following Skyworks/Synaptics' earnings,1
2016-01-27,"InvenSense, Knowles join ranks of iPhone suppliers lower after Apple's earnings",-1
2016-01-08,"Apple, Cirrus Logic Gain; Qorvo Sent To 'Penalty Box'",0
2016-01-07,"Broadcom 'Story Played Out,' NXP To Lead Apple Sphere",1
2016-01-05,Apple reportedly expected to cut iPhone 6S/6S+ orders; shares lower,-1
2015-12-22,"Apple Wireless Earbuds, Displays In 2016 Tech Outlook",0
2015-12-17,InvenSense Moves Beyond Mobile And Apple,0
2015-12-11,Apple iPhone 7 Win Leapfrogs Taiwan Semiconductor,1
2015-12-02,Apple Supplier Qualcomm Inks Chinese Xiaomi Deal,0
2015-09-28,Waning Apple Demand To Slug Chipmaker Qorvo: Analyst,-1
2015-09-28,Apple iPhone 6S component costs up 7% over prior model,1
2015-09-28,"InvenSense Sweeps Apple Designs, But Amazon Win Is More Interesting",1
2015-09-25,"Apple iPhone 6S Teardown: Skyworks, Avago Still In",0
2015-09-02,What InvenSense Investors Should Look For At Apple's Event Next Week And Beyond,0
2015-08-04,"Apple suppliers SWKS, QRVO, AVGO, INVN, CRUS, NXPI, SYNA sell off",0
2015-07-21,Apple suppliers sell off following Apple's results/guidance,-1
2015-06-18,"InvenSense, Apple, Google, And The Game Of IoThrones",0
2015-05-02,"BRCM, STM, ADI, IDTI, SNDK, MU land Apple Watch design wins",1
2015-05-01,9 chip stocks riding on Apple Watch,0
2015-04-28,Apple Suppliers Gain Focus Post-Apple's Solid Q2 Earnings - Analyst Blog,1
2015-04-28,"Apple (AAPL) Tops Q2 Earnings on Solid iPhone, Mac Sales - Analyst Blog",1
2015-04-14,"InvenSense Upgraded On Apple, Samsung, Xiaomi Sales",0
2015-03-25,Apple A Kingmaker In MEMS Market,0
2015-03-12,Small cap InvenSense Inc (INVN): A Good Bet on the Internet of Things and the Apple Watch? STM & ADI,1
2015-03-11,"InvenSense +4.7%; SA author likes new products, Apple/Samsung momentum",1
2015-03-10,InvenSense: MWC And Apple's Media Event,0
2015-02-19,"The 4 Biggest Questions, Concerns about the Apple Watch - Stocks in the News",-1
2015-02-18,Apple Copycat Xiaomi Leads China Smartphone Market,0
2015-02-03,Did InvenSense Make A Faustian Bargain With Apple And Samsung?,0
2015-01-28,Apple Q1 lifts iPhone suppliers,1
2015-01-27,"MU, SNDK, INVN gain thanks to Apple's numbers",1
2015-01-05,Apple Powers Chip-Heavy IBD Top 10,0
2014-10-17,Will Apple (AAPL) Beat Earnings Estimates this Season? - Analyst Blog,1
2014-10-03,Apple Watch production said delayed until January,-1
2014-09-25,Apple and China Will Drive InvenSense's Stock Higher,1
2014-09-18,Winning Chipmakers Benefit In Apple Product Rollout,1
2014-08-25,Will Apple Drive InvenSense Higher?,1
2014-07-24,Will InvenSense Really Benefit From Apple?,1
2014-07-03,Has InvenSense Landed a Spot in Apple?,0
2014-05-09,Apple's Potential Makes InvenSense a Great Buy,1
2014-04-21,Is Apple (AAPL) Poised to Beat Earnings Estimates? - Analyst Blog,1
2013-10-07,"Stocks Open Lower, Trade Rises; Apple Advances On Upgrade",1
2013-09-18,Will Motion Sensor Maker InvenSense Get Apple Slice?,0
2013-09-11,Is Apple iPhone 5S Motion Sensor Supplier InvenSense?,0
2013-07-19,Will Apple (AAPL) Beat Earnings Estimate This Quarter? - Analyst Blog,1
2012-05-04,"Apple, Other Top Stocks Join In Market Sell-Off",0
2012-04-10,Stocks Sharply Lower In Late Afternoon; Apple Dips,-1
2012-04-10,Indexes' Losses Pick Up in Afternoon; Apple Off Highs,1
2012-04-10,"Stock Futures Mixed; Apple, Priceline Inch Higher",1
2012-04-03,"Stock Futures Pare Losses; Apple, InvenSense Rising",-1
2012-04-02,"Stocks Higher In Late Afternoon, Apple Back Above 600",1
2012-04-02,Stocks Up In Afternoon As Apple Bounces Back Above 600,1
2012-03-28,"Stocks Lower At Midday, But Apple Keeps Climbing",1
2012-03-19,"Stock Futures Mixed; Apple, InvenSense Rising",1
2012-03-14,"Stocks Mixed; Apple, Celgene Gain, But InvenSense Slips",1
2012-03-14,Stock Futures Mixed On Bank Stress Test; Apple Rising,-1
2012-03-12,"InvenSense Wins Android MEMS Business, But Not Apple",1
2012-03-07,Stocks' Comeback Builds In Midday Trade; Apple Gains,1
2012-02-15,Stocks Reverse Lower; Apple Falls In Fast Trade,1
2017-03-14,Apple: Antifragile It Is Not,0
2016-06-20,India ETFs Perk Up But Now Grapple With Exit Of 'Rockstar' Rajan,0
2016-10-31,Will Apple Take The Bite?,0
2016-09-21,Presenting Apple's First Car,0
2016-08-19,U.S. V. Apple - The Looming Trial Of The Century?,0
2016-07-20,A New Apple Partnership?,0
2016-06-06,3-Way Apple V. Google V. Amazon Voice Assistant Battle Will Drive M&A,0
2016-05-27,Apple Is Not Buying Time Warner - Cramer's Lightning Round (5/26/16),0
2018-06-02,"Stocks To Watch: Eyes On Apple's WWDC, SCOTUS And D.C.",0
2016-08-21,"My Portfolio Update And Review Of 83 Stocks: Up 2 With Reynolds And Exelon, Down 1 With Apple",0
2015-01-28,Apple Earnings Boost Overall Q4 Growth - Ahead of Wall Street,1
2010-03-05,Cramer's 'Stop Trading': Buy Apple,1
2011-11-16,Apple Beats BlackBerry in Business Phones,0
2018-05-11,Indexes End Flat As These 3 Growth Stocks Join IBD 50; Still OK To Buy Apple Stock?,1
2017-12-14,Apple (AAPL) Awards $390M to Finisar for Laser Production,0
2017-12-12,Apple's (AAPL) Tax Tussle in India Appears Far From Over,0
2017-07-17,Tech Stocks Up As Russell 2000 Leads; Apple Flashed This Bullish Buy Signal,1
2017-05-01,"Apple, Opticals, Drug Giants Headline Tuesday's Investing Action Plan",0
2017-04-28,"Apple, Tesla, Facebook, Fed Will Grab Spotlight: Investing Action Plan",0
2013-01-15,Stocks Pare Losses In Afternoon; Apple Down Again,-1
2015-02-17,Stocks Turn Positive; Apple Marks New High,1
2012-09-21,Stocks Pare Gains In Afternoon; Apple At Record High,1
2012-08-06,"Stocks Hit Three-Month Highs, Apple Breaks Out",0
2016-02-17,"Top Funds Reshuffle Apple, Facebook, Northrop Stock In Q4 Moves",0
2012-02-13,Stocks Gain on Greek Austerity; Apple Above $500,1
2020-01-21,"Inphi, iRobot, Netflix, Disney and Apple highlighted as Zacks Bull and Bear of the Day",0
2019-07-31,"The Boston Beer Company, iRobot, Apple, Electronic Arts and Mondelez highlighted as Zacks Bull and Bear of the Day",0
2018-08-03,10 Reasons Apple Hit $1 Trillion - Cramer's Mad Money (8/2/18),-1
2018-07-09,Apple: 5th Best Still Great,1
2016-11-28,"Apple, iRobot, TV Makers See Brisk Sales Thanksgiving Weekend",-1
2015-09-17,Apple: Is GoPro A Compelling Acquisition Target?,1
2015-06-18,Alibaba Joins Apple China Supplier To Produce Robots,0
2015-06-01,Build It or Buy It? Apple's Deal Strategy,0
2015-05-08,"Conan O'Brien, other comics mock the Apple Watch",0
2015-02-20,Apple urged to develop personal robots,0
2013-11-25,Apple confirms PrimeSense acquisition; Plans unknown,0
2013-02-19,"Google ogles Apple Stores, plans own retail shops",0
2012-07-11,Could Apple Start Making Robots?,0
2012-07-11,Could Apple Start Making Robots?,0
2015-05-18,Apple bolsters mapping capabilities with acquisition,1
2015-05-17,Apple buys high-precision GPS service firm Coherent Navigation,0
2019-06-02,"Apple's WWDC, DuPont's Return And Tariff Anxiety (Stocks To Watch Podcast)",0
2019-06-01,"Stocks To Watch: Apple's WWDC, DuPont's Return And Tariff Anxiety",0
2016-09-09,#AppleTax,0
2016-09-07,Apple Gets A Shakedown From The EU - Is Ireland Next To Bail?,0
2019-09-08,"Apple, IPOs And German Auto (Stocks To Watch Podcast)",0
2019-09-07,"Stocks To Watch: Apple, IPOs And German Auto",0
2012-08-20,"Apple, Valero Energy Among Stocks Hitting 52-Week Highs Monday",0
2017-02-27,"Buffett Doubles Apple, Seeks Deals",0
2016-10-31,Will Apple Take The Bite?,0
2016-09-13,Stocks Open Lower; Bonds Flat; Apple Sparks On iPhone Preorders,0
2016-07-15,"Apple's iPhone 7, 'Less Bad' PC Sales Might Top Chips' Brexit Pain",-1
2017-01-25,"Amazon, Apple, And Netflix Versus Liberty",0
2016-02-01,"Through M&A, China Is After The Smartphone / Apple Supply Chain",0
2020-02-29,"Digital Pen Market (New PDF) [Review: —…—…-—…—9] | Top Players – Apple Inc, ...",0
2018-09-08,"Stocks To Watch: Apple Event, Chinese Auto IPO To Headline",0
2018-01-15,"The Zacks Analyst Blog Highlights: Gartner, Alphabet, Microsoft and Apple",0
2017-03-06,Apple Chip Deal?,0
2016-11-03,Will Google Overtake Apple's Market Cap?,0
2016-08-29,What the iPhone 7 Does Not Mean for Apple,0
2016-07-11,HP Gains On Lenovo In PC Shipments; Apple Slips,1
2016-04-14,"Apple iPhone Sales Could Fall For 3 Straight Quarters, Analyst Says",-1
2016-02-18,Apple Last Quarter Suffered First-Ever Decline In iPhone Sales,-1
2016-01-12,Apple bucks declining PC sales trend,-1
2015-10-13,Apple iMac refresh seen as 'slight positive',1
2015-10-09,"Apple, Dell Gain Global PC Market Share In Q3",1
2015-07-10,"The Zacks Analyst Blog Highlights: Gartner, Apple, Google, Hewlett-Packard and Seagate - Press Releases",0
2013-07-19,Will Apple (AAPL) Beat Earnings Estimate This Quarter? - Analyst Blog,1
2012-04-12,6 Tech Stocks That Rate Better Than Apple,1
2017-02-07,"M&r Capital Management Inc Buys Broadcom, Apple, SPDR S&P Regional Banking, Sells Time ...",0
2016-05-13,Apple Challenges Uber For The Future Of Driving,-1
2019-06-18,"Beyond Up 24.5 Points, Facebook Above $190, Apple $195, Amazon $1,900, Frothy?",1
2016-09-29,"Apple Loses Top Pick Status; Fitbit, Intra-Cellular Downgraded",-1
2018-06-02,"Stocks To Watch: Eyes On Apple's WWDC, SCOTUS And D.C.",0
2019-01-03,Dow Jones Drops Nearly 700 Points; When Long-Term Apple Holders Should Sell,0
2019-07-28,"Headliners Include Apple, Beyond Meat And IBM (Stocks To Watch Podcast)",0
2019-07-27,"Stocks To Watch: Headliners Include Apple, Beyond Meat And IBM",0
2018-07-28,"Stocks To Watch: Apple, Harley And Tesla On The Marquee",0
2017-04-12,"Oakmont Partners LLC Buys Johnson & Johnson, Illinois Tool Works, Apple, Sells Spirit ...",0
2012-12-31,Apple Stock and China and Capital Gains: The Case for Up,0
2012-08-27,"Apple, Dollar Thrifty Automotive Group Among Stocks Setting 52-Week Highs Monday",0
2012-03-06,8 Dividend Stocks To Consider While Waiting on Apple to Pay Its First Dividend,0
2019-10-15,"PrairieView Partners, LLC Buys Apple Inc, Schwab U.S. ...",0
2019-05-16,Apple: Assessing If ETF Ownership Is Impacting Potential Gains,0
2012-07-20,"Will Intevac Rebound Like Ford and Apple? (IVAC, F, AAPL)",1
2019-05-16,Apple: Assessing If ETF Ownership Is Impacting Potential Gains,0
2018-10-20,"Tech Sector: All About Apple Now, And S&P 500 Earnings Yield Closes At 6.27% Again",0
2018-02-02,"Picton Mahoney Asset Management Buys Apple Inc, Mastercard Inc, Abbott Laboratories, Sells ...",0
2018-01-19,"Plancorp, LLC Buys Vanguard Short-Term Bond, Apple Inc, Eversource Energy, Sells SPDR Nuveen ...",0
2020-04-15,"Diversified Investment Strategies, LLC Buys Miller Industries, Schwab US Aggregate Bond, Apple ...",0
2019-05-02,"25 Upcoming Dividend Increases Including Apple, Exxon And One Dividend King",1
2019-03-12,"Valueworks Llc Buys Goldman Sachs Group Inc, Apple Inc, Invesco, Sells Live Nation ...",0
2018-07-06,"Stonebridge Capital Management Inc Buys Apple Inc, Starbucks Corp, International Business ...",0
2014-07-02,Brooklyn Real Estate Pops As Borough Tops Big Apple,0
2012-04-16,"Zacks Bull and Bear of the Day Highlights: Invesco, Philips Electronics N.V., Hewlett-Packard, Dell and Apple - Press Releases",0
2019-11-12,"Busey Trust CO Buys iShares Russell –……… ETF, Apple Inc, iShares TIPS Bond ETF, Sells ...",0
2017-08-10,"Captrust Financial Advisors Buys Emerson Electric Co, Apple Inc, iShares U.S. ...",0
2020-02-12,"Mirae Asset Global Investments Co., Ltd. Buys Apple Inc, Wheaton Precious Metals Corp, ...",0
2017-02-07,"M&r Capital Management Inc Buys Broadcom, Apple, SPDR S&P Regional Banking, Sells Time ...",0
2020-01-15,"HT Partners LLC Buys Apple Inc, PowerShares QQQ Trust Ser –, iShares Russell Mid-Cap ETF",0
2020-05-04,"Planning Alternatives Ltd Buys Apple Inc, General Motors Co, iShares –-' Year Treasury ...",0
2020-04-27,"Cubic Asset Management, LLC Buys Amazon.com Inc, MetLife Inc, Lowe's Inc, Sells Apple Inc, ...",0
2019-11-13,"Amalgamated Bank Buys iShares Russell '……… ETF, Microsoft Corp, Apple Inc, Sells ...",0
2017-09-01,"Considering Apple, Amazon? Don't Overlook These 2 Breakouts",0
2017-08-31,Like Big-Cap Techs Such As Apple? You'll Love These 2 Equity Plays,0
2016-12-30,Report on Apple production cut ripples through tech sector,0
2017-07-25,"Stocks Mixed; Apple, Top Techs Still In Reach With These 2 Plays",0
2016-07-24,"S&P 500 Weekly Earnings Update: Technology - Ex-Apple - Energy, Basic Mat Sectors Look Healthy Into Year-End 2016",1
2015-02-21,"S&P 500 Weekly Earnings Update: Ex-Apple And Energy, Q4 2014 Earnings Grow 4%-4.5%",1
2018-04-09,"Conservest Capital Advisors, Inc. Buys Netflix Inc, Vanguard Real Estate, Sells Apple Inc, ...",0
2016-01-27,"The Rally Continues, But Apple May Slow The Momentum - Bezek's Daily Briefing",-1
2019-11-12,"HAP Trading, LLC Buys Humana Inc, VanEck Vectors Gold Miners ETF, Anthem Inc, Sells Apple Inc, ...",0
2018-03-01,Multimedia Weekly Digest: Take A Bite Out Of Apple,0
2018-07-28,"Stocks To Watch: Apple, Harley And Tesla On The Marquee",0
2017-01-13,Week In Review: Trump Murders Drug Stocks; Apple Breaks Out; GM Bullish,1
2017-01-05,Apple's Billion-Dollar Bet - A Rangeley Capital Discussion,0
2016-11-19,"Black Friday, Apple, Sina, Weibo In Focus For Investing Action Plan",0
2016-09-13,Stocks Fall Sharply As Oil Slides; Apple Defies Sell-Off On iPhone News,-1
2016-09-13,Can Apple TV App Deliver New Breakout For Papa John's?,0
2015-11-19,"Stocks Scrape Out Early Gains; Apple, Vipshop, ConAgra Advance",-1
2015-07-20,"Jack in the Box, Alcoa, eBay, Google and Apple highlighted as Zacks Bull and Bear of the Day - Press Releases",0
2010-04-05,"Apple: Analysts' Upgrades, Downgrades",0
2016-03-21,"The Monday Morning Kickoff - Apple's Monday Event, Nike's Earnings, More Fed Head Jawboning And Good Friday",0
2015-12-14,Apple's Love/Hate Relationship With Taylor Swift Heats Up,-1
2015-12-14,"Stock Futures Dig Moderate Losses; Apple Stumbles, Jarden Leaps",-1
2012-10-25,Stocks Seesaw In Mixed Trade; Apple Earnings On Tap,0
2019-09-08,"Apple, IPOs And German Auto (Stocks To Watch Podcast)",0
2019-09-07,"Stocks To Watch: Apple, IPOs And German Auto",0
2018-03-24,Stocks To Watch: Back To School For Apple,0
2016-02-01,"Through M&A, China Is After The Smartphone / Apple Supply Chain",0
2015-04-17,"SunPower, Apple Join Forces to Build Solar Plants in China - Analyst Blog",0
2019-10-30,"Small Step Back Ahead of Fed, Apple",0
2019-09-08,"Apple, IPOs And German Auto (Stocks To Watch Podcast)",0
2019-09-07,"Stocks To Watch: Apple, IPOs And German Auto",0
2019-06-02,"Apple's WWDC, DuPont's Return And Tariff Anxiety (Stocks To Watch Podcast)",0
2019-06-01,"Stocks To Watch: Apple's WWDC, DuPont's Return And Tariff Anxiety",0
2018-08-07,11 Blue Chips Drive Dow Jones Higher; How Apple Can Hit $1.25 Trillion In Market Cap,1
2016-05-13,"Week In Review: Apple, Macy's, Walt Disney Signal Consumer Slowdown",-1
2016-05-11,"Apple, Disney PTs Cut; Office Depot, Staples Downgraded",-1
2015-09-25,Stocks Mixed As Biotechs Sink; Apple Stages Downward Reversal,-1
2015-08-04,"Stocks Bleed More Red; Apple Weak Again, Suppliers Hit Too",-1
2015-05-07,Stocks Hang On To Solid Gains; Apple Suppliers Ramp Higher,1
2015-02-20,Boeing Lifts Dow; Nasdaq Gets Apple Boost,1
2014-01-13,"Stocks Mixed As Nasdaq Reverses; Apple, Netflix, Juniper Rising",0
2013-09-16,Uptrend Gains Traction Ahead Of Fed; Apple Gives Up Support,1
2012-11-09,"Stocks Improve Near Midday; Apple, Google Lift Nasdaq",1
2019-09-08,"Apple, IPOs And German Auto (Stocks To Watch Podcast)",0
2019-09-07,"Stocks To Watch: Apple, IPOs And German Auto",0
2014-05-19,Nasdaq Leads Way In Quiet Session; Apple Extends Gains,1
2019-12-12,Top Stocks Breaking Out To New Highs Include Key Apple Supplier,0
2019-06-19,Citi warns on Jabil's Apple pressure,-1
2018-12-04,"Apple suppliers, chips drop on Cirrus cut",0
2018-11-13,Apple suppliers recover despite Qorvo guide cut,1
2018-11-12,"Apple suppliers drop on Lumentum guide, iPhone target cuts",-1
2017-11-20,Apple HomePod Unlikely to Hit the Shelves This Christmas,-1
2017-11-15,Apple (AAPL) Leads the Wearables Space Courtesy of Watch 3,0
2017-11-10,Apple (AAPL) Acquires Nanotech Specialist Startup InVisage,0
2017-11-07,Apple Q4 Earnings Reflect China Resurgence and India Boom,1
2017-11-06,"Apple's iPhone Delivers the Goods in Q4, Others On Fire",1
2017-11-03,"Apple (AAPL) Q4 Earnings Impress, iPhones & Services Lead",-1
2017-10-13,Apple Finally Gets Approval to Build Data Center in Ireland,1
2017-10-09,Apple (AAPL) Names Katherine Adams the New Legal Chief,0
2017-10-05,Apple (AAPL) Launches Update to Fix LTE Connectivity Bug,0
2017-03-16,Swatch Finally Responds To Apple Watch,0
2016-09-22,"Apple, Alibaba Price Targets Hiked; Amazon Upgraded",1
2016-08-09,Apple Pressuring iPhone Component Suppliers For Price Cuts,-1
2016-05-27,Qorvo's Success Is Not Tied to Apple,1
2016-03-18,Apple's New Smaller iPhone May Be Nothing To Text Home About,0
2016-03-17,Jabil Circuit's Weak Guidance Suggests Soft Apple iPhone Demand,-1
2016-03-17,"Analysts Act On Apple Supplier Jabil Circuit, Microsoft",0
2016-02-01,"Through M&A, China Is After The Smartphone / Apple Supply Chain",0
2016-01-06,What Jabil Circuit Tells Us About Apple?,0
2015-10-02,Jabil Circuit (JBL) Benefits from Apple's Growth; Time to Buy?,1
2015-09-25,Apple Gives Jabil Circuit An Earnings Boost,1
2015-06-16,Watch Jabil Results For A Window Into Apple,0
2014-01-03,Earnings Review - Jabil's Poor Guidance Was Bad News for Apple,-1
2013-12-19,Apple iPhone 5S demand hasn't fallen off since launch,-1
2013-12-18,"Stocks Open Mixed As Techs Lag; Jabil Circuits, Apple Add Drag",-1
2013-01-08,"As Goes Apple, So Goes Qualcomm? Think Again",0
2012-09-21,"The Best Apple (AAPL) iPhone 5 Supplier Stocks? APH, FLEX, JBL & MOLX",1
2012-09-13,Apple iPhone 5 Suppliers See Rise In Shares,1
2012-03-08,"Amphenol, Jabil Part Of Apple's Manufacturing Team",0
2016-12-28,—' Questions With Adam Strauss of Appleseed Fund,0
2019-05-01,Apple and Nu Skin Enterprises among consumer gainers; Pitney Bowes leads the losers,-1
2019-01-08,John And Jane's Taxable Account Dividend Increases And Income Tracker - The Apple Effect,0
2018-07-12,"The Zacks Analyst Blog Highlights: Apple, NVIDIA, Lockheed Martin, Intercontinental Exchange and Johnson Controls",0
2018-07-11,"Top Stock Reports for Apple, NVIDIA & Lockheed Martin",0
2016-06-02,Apple Challenging Tesla,-1
2015-12-02,"Apple Chipmaker ARM Downgraded, Mobileye Gets Buy",1
2015-12-02,"Apple Chipmaker ARM Downgraded, Chevron Upgraded",1
2013-10-29,Apple's Q4 Earnings Beat Fails to Impress - Analyst Blog,-1
2017-07-26,"Zacks Market Edge Highlights: Facebook, Apple , Alphabet , Snapchat and J2 Global",0
2019-09-18,Corning Secures $250M Apple Funding for Glass Manufacturing,0
2020-03-17,"Dow Jones Futures Fall After New Rally Attempt In Coronavirus Stock Market Correction; Key Stocks To Watch Are Amazon, Apple",0
2020-03-11,"Dow Jones Futures: Coronavirus Stock Market Correction Is A Bear; Apple, Tesla, AMD Show Strength",1
2020-03-02,"Dow Jones Futures: Apple, Microsoft Lead Strong Market Rally, But It's Still A Coronavirus Stock Market Correction; Watch These Leaders",1
2020-03-02,"U.S. Stocks Soar After Brutal Week: Walmart, Apple Lead Dow Jones, Costco Surges Ahead Of Earnings",1
2020-03-02,"Dow Jones Today, Futures Rebound: Coronavirus Hits Global Growth; Twitter, Apple, JD.com Climb",1
2020-01-02,"Dow Jones Futures: 2020 Stock Market Rally Starts Strong, But Watch The Rotation; Apple, AMD, SolarEdge, Tesla Lead; Incyte Dives",1
2019-11-15,Dow Jones Today Rises On China Trade Hopes; Apple Gets Price Target Hikes; These 4 Stocks May Offer Buys,0
2019-11-10,"Dow Jones Futures: Alibaba Singles Day Starts Strong; Big Deal For JD.com, Pinduoduo, Apple",1
2019-09-30,"Dow Jones Futures Rise, Led By Apple; Alibaba Leads China Rally",1
2019-09-29,"Dow Jones Futures: China Stock Delisting Fears Fade For Alibaba, Huya; Apple Still Near Buy Point",1
2019-08-13,"Stock Market Extends Big Gains After Tariff Delay; China's JD.com, U.S.' Apple Surge",1
2019-08-13,Stock Market Soars On China Tariff News; Apple Surges 5%,1
2019-08-05,"Apple, semis slide as trade war weakens yuan",0
2019-04-02,Apple May Add Higher Capacity Batteries in 2019 iPhones,1
2019-04-01,"Apple (AAPL) Stock Outlook: Q2 Earnings, iPhone Sales & Services Growth",0
2019-01-30,"Boeing, Apple, AMD, Alibaba Are Poised To Soar On Jan. 30",1
2019-01-15,A Fresh Blow To Apple,-1
2018-07-13,Xiaomi - It's Not the Apple of China,0
2018-02-02,"Dow Plunges 600 Points As Interest Rates Run Higher; Alphabet, Apple Slammed",-1
2017-11-13,Stocks Up As Apple Still Leads; China Internets Strong; Could GE Hit $10 A Share?,1
2017-09-28,"Indexes Mixed, Apple Up; Here Is The Real Threat To Autohome Stock",-1
2017-06-19,Technology Stocks Surge; Apple Leads Broad-Based Advance,1
2017-05-08,"S&P 500, Nasdaq Ease After All-Time Highs; Apple Leads Dow",1
2017-01-10,Nasdaq Closes Higher; Apple Extends Gains On Product Buzz,1
2017-01-09,"Stocks Mixed, Nasdaq Up; Apple Breaks Out Past New Buy Point",1
2016-11-19,"Black Friday, Apple, Sina, Weibo In Focus For Investing Action Plan",0
2016-05-13,"Week In Review: Apple, Macy's, Walt Disney Signal Consumer Slowdown",-1
2016-05-06,"Week In Review: Stocks Tested As Apple, Tesla, Under Armour Sell Off",0
2016-03-01,"Momentum, Growth Funds Lead In Strong March Start; Apple At $100",1
2016-01-22,"Apple Supplier Qualcomm, JD Upgraded; Baidu Lowered",0
2015-09-15,"From Apple To Yelp, Tech Disruption To Crunch Profits",-1
2015-08-11,"Alibaba, Apple Fall As Yuan Seen Hitting Earnings",-1
2015-06-30,"Julian Robertson Discusses Greece Threat, Stocks and Apple",0
2014-09-22,Stocks Stumble In Early Trade; Apple Up On New Phone Sales,-1
2015-02-18,"Soros Dumps Apple, Buys China",0
2012-12-18,Apple Up On Busy News Day,0
2012-12-18,Apple TV Seen Using Xbox Kinect-Type Motion System,0
2012-12-18,Apple TV Seen Using Xbox Kinect-Type Motion System,0
2012-12-18,Apple TV Seen Using Xbox Kinect-Type Motion System,0
2012-08-17,"Apple iPad Mini, iTV In Production Now, Analyst Says",0
2012-04-24,"Zacks' Voice of the People highlights opportunities with Apple, Google, Medtronic and JDS - Press Releases",0
2011-07-08,"Chesapeake, Apple: New Targets, Estimates",0
2010-03-04,"Cramer's 'Stop Trading': Apple, Wal-Mart",0
2018-11-02,"Nasdaq Sinks On Apple Flop, Small Caps Up; Can This Sector Fight Back?",-1
2018-05-11,"Zacks Value Investor Highlights: Apple, Amazon, Alphabet, China Life Insurance and Jacobs Engineering",0
2018-02-16,"Stock Futures Attempt To Extend Rally As Apple Dips, Arista Dives",0
2017-02-08,"United Asset Strategies, Inc. Buys Hanesbrands, Colgate-Palmolive Co, Apple, Sells Lear, SPDR ...",0
2016-01-26,"Tricky Tuesday - China, Apple And The Fed",0
2012-09-13,"Apple, Jive Software, Intel: Tech Premarket",0
2012-09-13,"Apple, Jive Software, Intel: Tech Premarket",0
2012-08-21,Apple Buying Neflix? Don't Fall For This Wall Street Ruse,0
2019-11-11,"Gold Gagged With Bonds Away But Boeing, Boots, & Apple Save Stocks",0
2016-01-27,"The Rally Continues, But Apple May Slow The Momentum - Bezek's Daily Briefing",-1
2012-09-21,ETFs Take A Bite Out Of Apple,0
2017-09-06,Stock Indexes Edge Higher; Price Target Hike No Help To Apple,1
2016-02-01,"Through M&A, China Is After The Smartphone / Apple Supply Chain",0
2019-04-28,"Eyes On Apple, Uber, F8 And Avengers (Stocks To Watch Podcast)",0
2019-04-27,"Stocks To Watch: Eyes On Apple, Uber, F8 And Avengers",0
2019-04-27,"Stocks To Watch: Eyes On Apple, Uber, F8 And Avengers",0
2019-04-26,"Apple, IBM, Costco among those expected to raise payouts next week",0
2018-10-28,Apple Looks To Recharge Tech Sector (Stocks To Watch Podcast),0
2018-10-27,Apple Looks To Recharge Tech Sector,0
2018-05-23,Appleseed Fund Q1 2018 Quarterly Commentary,0
2012-12-11,Apple Is a Bad Investment,-1
2011-05-03,'Fast Money' Recap: Apple's Cash Mountain,0
2016-06-11,"Investing Action Plan: Apple WWDC, Fed, Disney, Oracle, E3",0
2015-09-25,Apple Chip Supplier ARM Started At Buy; Nike PT Upped,1
2013-04-17,"Brian Rogers of T Rowe Price Buys 4 New Stocks, Including Apple in Q1",0
2012-09-24,"Stocks Slide on Eurozone Worries, Apple",-1
2020-05-19,"APG All Pensions Group NV Buys Amazon.com Inc, Microsoft Corp, Apple Inc, Sells HCA Healthcare ...",0
2020-05-13,"Achmea Investment Management B.V. Buys Alphabet Inc, Merck Inc, Visa Inc, Sells Apple Inc, ...",0
2020-05-12,"Fishman Jay A Ltd Buys Apple Inc, Amazon. ...",0
2020-05-11,"Kahn Brothers Buys JPMorgan Chase, Navient Corp, Coal Creek Co, Sells New York Times Co, Apple ...",0
2020-05-11,"Tredje AP-fonden Buys Microsoft Corp, Amazon.com Inc, Apple Inc, Sells iShares U.S. ...",0
2020-05-07,"Rossmore Private Capital Buys Apple Inc, Amazon. ...",0
2020-05-05,"Eudaimonia Partners, LLC Buys Apple Inc, Amazon. ...",0
2020-05-04,"Forsta Ap-fonden Buys Microsoft Corp, Apple Inc, Facebook Inc, Sells SPDR Select Sector Fund - ...",0
2020-05-01,"State Treasurer State Of Michigan Buys Simon Property Group Inc, Apple Inc, Facebook Inc, Sells ...",0
2020-04-16,"Lincoln Capital LLC Buys JPMorgan Chase, Apple Inc, Brookfield Asset Management Inc, Sells ...",0
2020-02-24,"Nomura Asset Management Co Ltd Buys Microsoft Corp, Alibaba Group Holding, Apple Inc",0
2020-02-17,"GSB Wealth Management, LLC Buys Apple Inc, TC Energy Corp, ViacomCBS Inc",0
2020-02-11,"Summit Financial Strategies, Inc. Buys Packaging Corp of America, Apple Inc, Intel Corp, Sells ...",0
2020-02-11,"Marvin & Palmer Associates Inc Buys Apple Inc, JPMorgan Chase, Edwards Lifesciences Corp, ...",0
2020-02-10,"Essex Investment Management Co Llc Buys Apple Inc, Biogen Inc, Vivint Solar Inc, Sells The Home ...",0
2020-02-06,"Beach Investment Management, LLC. Buys Facebook Inc, Apple Inc, Energy Transfer LP, Sells ...",0
2020-02-06,"Stratford Consulting, LLC Buys Apple Inc, PIMCO Enhanced Short Maturity Active Exchange-Trad, ...",0
2020-02-04,"Peachtree Investment Partners, LLC Buys Apple Inc, Microsoft Corp, Global Payments Inc, Sells ...",0
2020-01-30,"Parkside Financial Bank & Trust Buys Apple Inc, iShares TIPS Bond ETF, SPDR S&P China ...",0
2020-01-14,"Dow Jones Futures: Stock Market Rally, Apple Pause As JPMorgan, RH, Vertex Rebound Bullishly; Beyond Meat Gets Protein Boost",1
2020-01-13,"The Zacks Analyst Blog Highlights: JPMorgan Chase, Johnson & Johnson, American Express Company, NIKE and Apple",0
2020-01-03,"Apple Leads Dividend Stock Play That Aims For Growing Profit, Yields",1
2019-12-19,"The Zacks Analyst Blog Highlights: Microsoft, Procter & Gamble, NIKE, Apple and JPMorgan Chase",0
2019-12-04,"Stock Market Gets Shot Of Adrenaline From Trump Trade Remarks; Dow's Apple, Goldman Rally",0
2019-11-18,"Thinking about trading options or stock in Apple, Alibaba, JPMorgan Chase, NVIDIA, or PepsiCo?",0
2019-11-15,"OneAscent Financial Services LLC Buys Facebook Inc, Apple Inc, SPDR S&P 5…… ETF Trust, ...",0
2019-11-14,"Zacks Market Edge Highlights: JPMorgan Chase, Bank of America, Citigroup, Apple and Alphabet",0
2019-11-14,"Hall Kathryn A. Buys Vanguard Total World Stock Index Fund, Vanguard Mid-Cap ETF, Apple Inc, ...",0
2019-11-14,"Ruane, Cunniff & Goldfarb L.P. Buys Wayfair Inc, Apple Inc, JPMorgan Chase, Sells ...",0
2019-11-13,"TCG Advisors, LP Buys Putnam Master Intermediate Income Trust, Exxon Mobil Corp, Apple Inc, ...",0
2019-11-07,"Thinking about trading options or stock in Apple, Baidu, JPMorgan Chase, Micron Technology, or ...",0
2019-11-06,"The Zacks Analyst Blog Highlights: Apple, Intel, JPMorgan Chase, United Technologies and Home Depot",0
2019-11-04,Swapping Apple For Apple - October Dividend Portfolio Update,0
2019-10-21,Nasdaq Rallies But Dow Jones Lags; Here's Why Apple Stock Hit A New Record High,1
2019-10-11,Dow Jones Powers Higher Amid China Trade Optimism; Apple Stock Hits An All-Time High,1
2019-10-07,"Apple Back In The ""Trillion Dollar"" Club, Closing In On Microsoft",0
2019-10-01,"Dow Jones Futures: Apple Strong But Stock Market Rally Fragile; JPMorgan, Proofpoint Falter; Tesla Deliveries Downside",1
2019-10-01,"Dow Jones Futures Rise, Led By JPMorgan, Goldman Sachs; Apple Stock In Buy Range",1
2019-09-30,"Dow Jones Stock Apple, JPMorgan, Nike Headline Leaders In Or Near Buy Zones",0
2019-09-30,"Dow Jones Futures Rise, Led By Apple; Alibaba Leads China Rally",1
2019-09-24,"Thinking about trading options or stock in Apple, JPMorgan Chase, Merck, NVIDIA, or Exxon Mobil?",0
2019-09-23,"Nike, ConAgra, Micron, JPMorgan and Apple are part of Zacks Earnings Preview",0
2019-09-17,"The Zacks Analyst Blog Highlights: PayPal, Square, Intuit, Apple and JPMorgan Chase",0
2019-09-03,"Market Roller Coaster Takes Another Plunge; Dow Stocks Apple, Intel, Boeing Dive",0
2019-08-19,Dow Jones Stock Apple Leads Stock Market Rally On China Trade News,1
2019-08-19,"Dow Jones Today: JPMorgan, Goldman Sachs Follow Bond Yields Higher; Apple Also Up",1
2019-08-16,Stock Market Soars As Recession Fears Go On Back Burner — For Now; Apple Leads Dow Jones,0
2019-07-31,"Apple Breaks Out Again, Dow Jones Reverses Lower; This Social Media Stock Crosses New Buy Point",1
2019-07-25,"Mount Vernon Associates Inc Buys Apple Inc, Amazon. ...",0
2019-07-25,"Royal Bank Of Scotland Group Plc Buys The Estee Lauder Inc, Danaos Corp, Apple Inc, Sells ...",0
2019-07-15,"Dow Jones, Nasdaq Mark Record Highs As Apple Stock Gains",1
2019-06-27,"Dow Jones Futures: Dow Stocks Apple, Boeing, Nike, JPMorgan, Goldman Sachs Moving Late",0
2019-05-30,"The Zacks Analyst Blog Highlights: Apple, Intel, JP Morgan, Bank of America and Citigroup",0
2019-05-08,"Welch Capital Partners Llc Buys Vanguard S&P 5……, Humana Inc, Apple Inc, Sells CVS ...",0
2019-05-02,"Andesa Financial Management Inc. Buys Microsoft Corp, Apple Inc, Cisco Systems Inc, Sells SPDR ...",0
2019-04-11,"Dow Jones Futures: Disney Takes Aim At Netflix, But Will It Hit Apple?",0
2019-04-09,"Stock Futures Edge Lower; Apple, Disney Lead Dow Jones",-1
2019-03-29,"Dow 30 Stock Roundup: Apple Launches New Services, JPMorgan to Trim Wealth Jobs",0
2019-03-25,"Forget Apple's Credit Card, Buy Fintech Power Square (SQ) Stock on the Dip",0
2019-03-21,"Apple Spikes, Leads Dow Jones Today; Biogen Stock Tanks On Alzheimer's News",0
2019-03-19,"Fishman Jay A Ltd Buys Apple Inc, JPMorgan Chase, Amazon. ...",0
2019-03-08,"Mitsubishi UFJ Securities International PLC Buys Alphabet Inc, Facebook Inc, Apple Inc, Sells ...",0
2019-02-18,"Berkshire's Revealing 13F: Buffett Didn't Buy The Dip - Didn't Add To Apple, Sold Oracle, Bought Banks",0
2019-01-24,"Zacks Earnings Trends Highlights: Apple, JPMorgan, Micron Technology",0
2019-01-14,Dow Jones Down As Apple Weighs Again; Will These 2 Stocks Lead Blue Chips Higher?,-1
2019-01-07,"Apple, JPMorgan and Wells Fargo are part of Zacks Earnings Preview",0
2018-11-14,"Dow Jones Futures: Apple, JPMorgan, Cisco Systems Lead 5 Notable Stocks Moving Late",0
2018-10-19,"Carlson Capital Management Buys Apple Inc, iShares Core MSCI Emerging Markets, Vanguard FTSE ...",0
2018-09-20,"Apple, Techs, Banks Rise; Tilray Stock Shows Signs Of A Near-Term Market Top",1
2018-01-17,"Dow Futures Lead Early Gains; Apple Downgraded, This Biotech Soars",1
2020-01-31,"Schulhoff & Co Inc Buys Nordstrom Inc, Amgen Inc, ConocoPhillips, Sells Apple Inc, The Home ...",0
2019-11-21,"Trade War Updates, Trump & Apple, Target Earnings & Buy This Chip Stock",1
2019-04-15,"Trading The Earnings And Analysts' Ratings - Case For Apple, Chipotle, And The Retailers",0
2019-03-24,Bitter Apple Puts,0
2019-01-03,Apple Warning Rattles Wall Street (Wall Street Breakfast Podcast),0
2019-01-03,Wall Street Breakfast: Apple Warning Rattles Wall Street,0
2018-08-17,Stocks Poised For Mixed Week; Apple Rises Fifth Day In Row,1
2017-09-12,S&P 500 Futures: Apple Leads 5 Stocks Active In Late Trading,0
2017-05-12,"Stocks Drift To Mixed Finish; Apple, Wynn, Trade Desk Score",0
2017-05-12,"Dow Stays Down, But Apple Rises; This Recent Issue Soars On A New Breakout",0
2017-05-12,"Stocks Open Mixed As Apple, GE Duke It Out On The Dow",0
2017-02-24,"Dow Nails 11th Straight On Late Rally; Apple, Nvidia Score Upside Reversals",1
2017-02-24,"Dow Threatens To End Win Streak As Apple, Goldman Weigh; Is Nvidia Reversing?",-1
2017-02-15,"Soros Goes For Facebook, Appaloosa Cuts Apple; Airlines Popular",0
2016-11-23,"Apple, Amazon, Macy's Lead Investing Action Plan For Black Friday",0
2016-11-13,"Why You Should Watch Apple, Microsoft, Facebook, Disney, Nordstrom",0
2016-11-10,"Nordstrom Crushes, Macy's Upbeat On Holidays As Apple Gadgets Hot",1
2016-11-09,"Apple, Alphabet Near Buys; Nvidia, Disney, Macy's Earnings: Investing Action Plan",0
2016-09-30,"Apple, Alphabet, Qualcomm PTs Hiked; Amazon Touted, NetApp Upgraded",1
2016-09-02,Stocks Off Highs: Apple Near Buy; New Tech IPO With Funny Name Soars,1
2016-05-13,"Week In Review: Apple, Macy's, Walt Disney Signal Consumer Slowdown",-1
2016-05-13,"Apple, Biotechs Dive Again; Time To Buy Retail? - Bezek's Daily Briefing",0
2016-05-04,Under Armour Downgraded; Apple Supplier A Buy; Halliburton PT Hiked,1
2015-09-15,"After Amazon Prime Day, Retail Sales Take Apple Pause",-1
2015-09-15,Fitbit A Buy Despite Apple Threat; Time Warner PT Cut,1
2014-10-01,"Holiday Shopping May Favor Hot Stocks, Apple iPhone 6",0
2013-04-11,Troubled Retailer J.C. Penney Apple Exodus Continues,-1
2012-09-25,Where Does J.C. Penney's Apple Guy Buy His Clothes? Here's Our Guess,0
2012-09-13,"Viewing Yoga Pants Like a Gadget, and Lululemon's Business Model vs. Apple's",0
2012-07-27,"How Even Apple's ""Weak"" Businesses, Compared to Competitors, Are Kicking Ass and Taking Names",-1
2012-07-05,"Apple, Kohl's Among Stocks Up on High Volume Thursday",0
2012-05-07,"Zacks Earnings Preview: Apple, Dish Network, Disney, Cisco and Nordstrom - Press Releases",0
2012-04-16,"Winmark is More Profitable than Apple with Insiders Buying (WINA, AAPL, JWN)",1
2011-06-14,Can Apple Exec Reinvent J.C. Penney?,1
2011-02-18,Apple's Antitrust Woes: Morning Tech Bytes,-1
2020-02-11,"Skylands Capital, LLC Buys Williams Inc, Hillenbrand Inc, Insperity Inc, Sells Apple Inc, ...",0
2019-07-22,"Major Stock Indexes Get Boost From Techs; Apple, Intel, AMD Lead",1
2019-06-02,"Apple's WWDC, DuPont's Return And Tariff Anxiety (Stocks To Watch Podcast)",0
2019-06-01,"Stocks To Watch: Apple's WWDC, DuPont's Return And Tariff Anxiety",0
2018-03-20,"The Zacks Analyst Blog Highlights: Apple, Adobe, Canadian National, Kellogg and Delta Air Lines",0
2018-03-19,"Top Stock Reports for Apple, Adobe & Canadian National",0
2017-01-12,Wall Street Breakfast: Apple Sets Its Sights On Hollywood,0
2016-01-06,"Stocks Falter In Weighty Trade; Smith & Wesson, Apple Slide",-1
2018-03-24,Stocks To Watch: Back To School For Apple,0
2017-08-03,"Gabelli Funds Llc Buys Panera Bread Co, Navistar International Corp, Dr Pepper Snapple Group ...",0
2017-05-08,"Nasdaq, S&P 500 Fight To Positive Finish; Apple Seizes New High",1
2017-05-08,"S&P 500, Nasdaq Ease After All-Time Highs; Apple Leads Dow",1
2017-02-27,"Buffett Doubles Apple, Seeks Deals",0
2016-03-22,"What Does Apple Watch Price Cut Mean For Wearables, Watchmakers?",0
2016-03-15,Is A Kate Spade Fossil Wearable Enough To Take On The Apple Watch?,0
2015-12-03,"Apple Tests Key Support Again As Stocks Sell Off On Yellen, ECB",0
2015-12-03,"Apple Tests Key Support Again As Stocks Sell Off On Yellen, EBC",0
2014-10-03,Concern Rises Apple Will Steal Show For Holiday Gifts,-1
2014-05-22,"Apple Gets Most Sales Per Square Foot, Tiffany Third",0
2019-05-08,"Welch Capital Partners Llc Buys Vanguard S&P 5……, Humana Inc, Apple Inc, Sells CVS ...",0
2017-06-12,These 3 Sectors Ignore Market Sell-Off; Is Apple Done for Now?,0
2017-06-07,"Apple Boosts Dow; Gold, Oil Slip, But This Sector Outperforms Again",1
2017-06-06,Apple Boosts Chip Stock; Gold Soars; Wal-Mart Weighs On Dow,1
2017-02-01,"Stock ETFs Mixed; Financials, Techs Lead After Cheery Apple Report",-1
2019-07-31,Is It Time To Invest In Apple?,0
2019-01-04,"Zacks Value Trader Highlights: Apple, NVIDIA, Colfax, Greenbrier and KBR",0
2017-10-16,"Energy, Banking Stocks Up; 4 More Reasons To Keep Holding Apple",1
2018-06-04,"Barclays Plc Buys iPath S&P 5…… VIX Short Term Futures TM ETN, Apple Inc, Microsoft ...",0
2012-12-18,"Stocks to Watch: GE, Apple, Oracle",0
2012-12-18,"Stocks to Watch: GE, Apple, Oracle",0
2012-11-26,"Stocks to Watch: Knight Capital, Apple, Amazon (Update 1)",0
2012-11-26,"Stocks to Watch: Knight Capital, Apple, Amazon",0
2012-11-02,Report: Rochdale Seeks Capital Injection After Apple Trading Error,0
2012-08-28,"Stocks to Watch: Apple, Knight Capital",0
2012-08-28,"Stocks to Watch: Apple, Knight Capital",0
2013-02-07,Cramer's 'Mad Money' Recap: The Apple of My Eye,0
2018-11-13,Apple suppliers recover despite Qorvo guide cut,1
2018-11-12,"Apple suppliers drop on Lumentum guide, iPhone target cuts",-1
2018-06-27,China Growth Stocks Slammed As Nasdaq Paces Drop; 3 Reasons To Hold Apple,-1
2017-11-01,Will Apple's (AAPL) Services Continue its Good Run in Q4?,1
2017-11-01,Apple Q4 Earnings: iPhone in the Spotlight More than Ever,1
2018-04-09,Apple Leads Stock Market Higher; Will These 3 Chip Stocks Rally Again?,1
2015-02-18,Major Stock Indexes Struggle; Apple And Starbucks Up,-1
2020-04-09,"KG&L Capital Management,LLC Buys The Wendy's Co, Apple Inc, KeyCorp, Sells Under Armour ...",0
2019-04-25,"Raub Brock Capital Management LP Buys FedEx Corp, KeyCorp, Apple Inc, Sells Schwab US Dividend ...",0
2019-04-14,"Spotlight On Earnings, Pinterest And Apple-Qualcomm (Stocks To Watch Podcast)",0
2019-04-13,"Stocks To Watch: Spotlight On Earnings, Pinterest And Apple-Qualcomm",0
2018-10-28,Apple Looks To Recharge Tech Sector (Stocks To Watch Podcast),0
2018-10-27,Apple Looks To Recharge Tech Sector,0
2017-08-25,"David Dreman Exits Total, Reduces Bank of America, Apple",0
2017-03-09,Stocks Turn Negative; Apple Erases Most Of Day's Loss,-1
2016-10-26,Don't Trade Apple - Cramer's Mad Money (10/25/16),0
2012-02-13,JPMorgan's 24 Stocks That Are More Attractive Than Apple,1
2012-02-13,JPMorgan's 24 Stocks That Are More Attractive Than Apple,1
2010-04-07,"Apple: Analysts' Upgrades, Downgrades",0
2020-02-23,Dow Jones Futures Dive As Stock Market Faces Coronavirus Pandemic Fears; Apple Eyes Buy Point,1
2019-10-22,Do You Own These Three Top Tech Stocks (And It's Not Just Apple)?,0
2019-10-16,Apple Adds Noise Cancelling to New Beats Solo Pro Headphones,-1
2019-08-21,"Dow Jones Futures: Stock Market Rally Hits Resistance, Apple Flashes Bullish Signal; Three Key Earnings Movers Late",1
2017-02-15,"Warren Buffett Reveals New Picks - Apple, Airlines, And Arb",0
2018-09-07,"Tesla Slammed, Stocks Fall As Economists See Inflation Firming; Why Apple's Drop Is Normal",-1
2016-05-16,"Warren Buffett Buys Apple, One Of Two Things Buffett Is Doing That He Doesn't Do",0
2019-06-02,"Apple's WWDC, DuPont's Return And Tariff Anxiety (Stocks To Watch Podcast)",0
2019-06-01,"Stocks To Watch: Apple's WWDC, DuPont's Return And Tariff Anxiety",0
2019-07-09,Kirkland's (KIRK) Grapples with Weak Traffic & Rising Costs,-1
2016-12-30,Top 10 Trends To Watch For 2017: From Trump To Apple's iPhone 8,0
2016-05-13,"Week In Review: Apple, Macy's, Walt Disney Signal Consumer Slowdown",-1
2016-03-21,"The Monday Morning Kickoff - Apple's Monday Event, Nike's Earnings, More Fed Head Jawboning And Good Friday",0
2013-12-03,"Stock Futures Click Lower; Apple, Tesla Motors Rising",-1
2011-08-24,Market Preview: A New Era Awaits Apple,-1
2018-09-08,"Stocks To Watch: Apple Event, Chinese Auto IPO To Headline",0
2016-08-30,Wall Street Breakfast: Apple Slammed In EU Tax Crackdown,-1
2020-05-06,"Dow Jones Lower As Payroll Drop Weighs; Are Apple, Microsoft Still In Buy Zone?",-1
2020-01-28,Stock Market Rebounds Bullishly After Monday Sell-Off; Apple Rallies Ahead Of Earnings,1
2019-10-17,"Droms Strauss Advisors Inc Buys Terex Corp, Sells KLA Corp, Boeing Co, Apple Inc",0
2019-04-12,"The Zacks Analyst Blog Highlights: Apple, KLA-Tencor, Intel, Cree and Xilinx",0
2018-09-28,IBM to Assist Banco Inter's Workplace to Adopt Apple MacOS,0
2018-09-13,"Semi stocks rebound after Apple event, analyst actions, morning news",1
2018-09-08,"Stocks To Watch: Apple Event, Chinese Auto IPO To Headline",0
2018-09-06,"Etsy, Apple Cool Off More As These 5 Industry Groups Weigh On Nasdaq",-1
2018-07-31,"Small Caps, Dow Stocks Lead Market Gains; Why Apple Is Poised For A Big Move",1
2018-07-31,"Illumina, KLA-Tencor Hoist Tech Stocks As Apple, Fed Loom: Stock Futures Rise",0
2018-06-08,"Tech sector under pressure from Apple suppliers, semi equipment stocks",-1
2018-03-19,"Nasdaq Futures Lead Declines As Apple, Facebook News Roils Market",-1
2018-01-25,"Dow Up, But Nasdaq Stalls, Chip Stocks Reverse Badly; Sell Apple Now?",1
2017-06-27,"Apple, Chips Lead Stocks Down; Are These 4 Tech Leaders Issuing A 'Sell'?",-1
2017-01-30,"Stocks Off, But Apple OK; Which Techs Are Not Failing Post-Breakout?",1
2017-01-27,"Nasdaq Scores 1.9% Weekly Gain; Facebook, Apple Steady Ahead Of Earnings",1
2016-08-19,"Applied Materials Bolts To 16-Year High On Apple-, Intel-Facing Markets",1
2016-07-15,"Apple's iPhone 7, 'Less Bad' PC Sales Might Top Chips' Brexit Pain",-1
2016-05-20,"Apple iPhone, Samsung Galaxy OLED Swap May Juice Applied Materials",0
2016-05-20,"Eye On Tech: Apple Grows Its Indian Presence, And Yahoo Bids Come In Light",1
2016-05-16,"Warren Buffett Buys Apple, One Of Two Things Buffett Is Doing That He Doesn't Do",0
2016-02-12,Chip Equipment Makers Eye An Era Of Waning Apple iPhone Demand,-1
2015-12-08,Apple Supplier NXP Muscles Up With Freescale Merger,0
2015-11-19,Two Apple Suppliers Among 3 Top Overseas Chipmakers,0
2015-11-19,Two Apple Suppliers Among 3 Top Overseas Chipmakers,0
2015-11-19,Two Apple Suppliers Among 3 Top Overseas Chipmakers,0
2015-11-19,Two Apple Suppliers Among 3 Top Overseas Chipmakers,0
2015-11-19,Chip Fever: Microsemi Ups PMC Bid Over Apple Supplier,0
2015-09-14,"Stocks Fall In Quiet Trading; Chip Names, Apple, Buffer Nasdaq 100",0
2015-08-10,"Stocks Open Up In Mixed Trade; Apple, Boeing, CyberArk Climb",0
2012-03-09,"Top 7 Stocks Apple iPad May Help, Chips To Test Gear",1
2020-05-04,"Payden & Rygel Buys International Business Machines Corp, Apple Inc, Comcast Corp, Sells ...",0
2020-03-13,"Thinking about trading options or stock in Apple, Intel, Kimberly Clark, Merck, or Tesla?",0
2019-04-28,"Eyes On Apple, Uber, F8 And Avengers (Stocks To Watch Podcast)",0
2019-04-27,"Stocks To Watch: Eyes On Apple, Uber, F8 And Avengers",0
2019-04-27,"Stocks To Watch: Eyes On Apple, Uber, F8 And Avengers",0
2017-06-01,Like Apple? Watch These 2 Big ETFs For Potential Breakout,0
2016-10-26,Don't Trade Apple - Cramer's Mad Money (10/25/16),0
2016-10-25,Wall Street Breakfast: Apple Earnings Take Center Stage,0
2016-08-21,"My Portfolio Update And Review Of 83 Stocks: Up 2 With Reynolds And Exelon, Down 1 With Apple",0
2014-10-21,"Stock Futures Point Higher; Earnings Boost Illumina, Apple",1
2010-09-23,'Fast Money' Recap: No Stopping Apple,0
2019-11-04,Swapping Apple For Apple - October Dividend Portfolio Update,0
2019-04-14,"Spotlight On Earnings, Pinterest And Apple-Qualcomm (Stocks To Watch Podcast)",0
2019-04-13,"Stocks To Watch: Spotlight On Earnings, Pinterest And Apple-Qualcomm",0
2018-10-28,Apple Looks To Recharge Tech Sector (Stocks To Watch Podcast),0
2018-10-27,Apple Looks To Recharge Tech Sector,0
2018-05-24,"The No. 1 Stock In The World (Revisited) - Visa And Apple Up, Kinder Morgan And Gilead Down",0
2018-05-15,"Glenview added Express Scripts, exited Apple in Q1",0
2017-05-17,"Aristotle Capital Management, LLC Buys Acadia Healthcare Co Inc, Ansys Inc, Apple Inc, Sells ...",0
2018-09-08,"Stocks To Watch: Apple Event, Chinese Auto IPO To Headline",0
2017-06-16,"Kennametal, Bioverativ and Apple highlighted as Zacks Bull and Bear of the Day",0
2020-02-07,"USA Financial Portformulas Corp Buys Microsoft Corp, Apple Inc, Procter & Gamble Co, Sells ...",0
2019-09-24,"Dow Jones Today: Apple, Nike Climb; Disney Upgraded, CarMax Surges On Earnings",1
2019-05-13,"Schwerin Boyle Capital Management Inc Buys Alphabet Inc, CarMax Inc, Apple Inc, Sells Coca-Cola ...",0
2019-03-24,Apple Makes Its Video-Streaming Move (Stocks To Watch Podcast),0
2019-03-23,Stocks To Watch: Apple Makes Its Video-Streaming Move,0
2016-12-23,"Week In Review: Dow 20K Elusive; Boeing Meets Trump; Apple, Netflix Near Buys",-1
2018-05-15,"Glenview added Express Scripts, exited Apple in Q1",0
2018-03-24,Stocks To Watch: Back To School For Apple,0
2015-12-22,"Agilent, Apple and Canadian Pacific Are Among Larry Robbins' New Buys",0
2015-03-09,"Tesla Cuts Jobs As Apple, Benz And China Rivals Loom",-1
2015-02-16,More Apple aftershocks: Select Chinese auto stocks rally,1
2015-02-14,Apple aftershocks: Maybe it's Toyota that should be worried?,-1
2014-02-18,Tesla Hits High Before Q4 Earnings After Apple Report,-1
2020-05-28,"Tredje AP-fonden Buys Microsoft Corp, Amazon.com Inc, Apple Inc, Sells iShares U.S. ...",0
2020-05-15,"Ethic Inc. Buys Microsoft Corp, Apple Inc, Healthpeak Properties Inc, Sells Discover Financial ...",0
2020-05-13,"AlphaCrest Capital Management LLC Buys AT&T Inc, Eli Lilly and Co, Apple Inc, Sells The ...",0
2020-05-04,"Forsta Ap-fonden Buys Microsoft Corp, Apple Inc, Facebook Inc, Sells SPDR Select Sector Fund - ...",0
2020-05-04,"Payden & Rygel Buys International Business Machines Corp, Apple Inc, Comcast Corp, Sells ...",0
2016-10-10,"Watch Out Apple And Huawei, Kodak Is Coming Up With A New Smartphone",0
2015-02-06,GoPro: Apple Is Not The Threat,-1
2013-02-11,Earnings Preview: Dr Pepper Snapple - Analyst Blog,0
2018-10-15,"Tech lunch break: Netflix, Apple lead back down",-1
2016-10-26,Wearables Go! Industry Notes: Apple's Love Affair With Wearables Is Growing,0
2017-08-08,"Small Caps Rise, Consumer Stocks Thrive; Apple Leads Blue-Chip Dow",1
2017-02-27,"Buffett Doubles Apple, Seeks Deals",0
2016-11-10,"Nordstrom Crushes, Macy's Upbeat On Holidays As Apple Gadgets Hot",1
2016-11-09,"Apple, Alphabet Near Buys; Nvidia, Disney, Macy's Earnings: Investing Action Plan",0
2016-08-11,"Apple, CyberArk PTs Hiked; Kors PT Cut; Shake Shack Upgraded",0
2016-05-11,"Fossil Sees Watch 'Malaise' As Wearables, Apple Watch Threaten",-1
2016-05-04,"Einhorn Discusses SunEdison, Apple, Bullish Investment Themes in Conference Call",1
2016-04-27,"Apple PTs Get Whipped; Twitter, Chipotle Served Downgrades",0
2016-04-27,Apple Miss Fuels Early Selling In Nasdaq; Upgrade Lifts Kors,-1
2016-04-26,Stocks Mixed Ahead Of Fed; Apple Gets Whacked,-1
2016-04-26,Stocks Quiet Ahead Of Fed; Apple Tests Support,1
2016-03-22,"What Does Apple Watch Price Cut Mean For Wearables, Watchmakers?",0
2016-03-15,Is A Kate Spade Fossil Wearable Enough To Take On The Apple Watch?,0
2016-03-15,"Stocks Wade Lower; Oil Adds Drag; Apple, Mead Power Up",-1
2016-12-19,Wall Street Breakfast: Apple Set To Appeal EU Tax Ruling,0
2019-09-12,Dow Jones Near Record High Amid U.S.-China Trade War News; Apple Stock In Buy Zone,1
2019-09-08,"Apple, IPOs And German Auto (Stocks To Watch Podcast)",0
2019-09-07,"Stocks To Watch: Apple, IPOs And German Auto",0
2019-05-07,Better Long-Term Buy: Amazon (AMZN) vs. Apple (AAPL) Stock,1
2019-03-26,Better Buy Amid Tech Diversification: Apple (AAPL) vs. Amazon (AMZN) Stock,1
2018-10-28,Apple Looks To Recharge Tech Sector (Stocks To Watch Podcast),0
2018-10-27,Apple Looks To Recharge Tech Sector,0
2018-09-13,Chip Stocks Lead Futures Higher; Apple Gets Price Target Hike,1
2018-09-08,"Stocks To Watch: Apple Event, Chinese Auto IPO To Headline",0
2018-02-26,Apple? Home Depot? MasterCard? Orbital ATK? What Should I Buy?,0
2017-03-03,"The Zacks Stocks in the News Blog Highlights: Snapchat, Walmart, Apple, Boeing, McDonald's",0
2017-01-24,"Cascade Investment Advisors, Inc. Buys Apple Inc, Williams-Sonoma Inc, Scripps Networks ...",0
2016-10-11,"Apple Wins, Samsung Loses; Amazon Going Curbside?; Twilio's Good Results - Eye On Tech",1
2016-09-09,"Week In Review: Apple iPhone 7 Doesn't Wow, Cheap Food Slams Grocers",0
2016-09-03,"Investing Action Plan: Apple, iPhone 7 On Tap, Is Among Top Techs Near Buys",1
2016-06-17,"Week In Review: Fed Off The Table, Microsoft Buys LinkedIn, Apple WWDC, Net Neutrality, E3",0
2016-06-11,"Investing Action Plan: Apple WWDC, Fed, Disney, Oracle, E3",0
2016-03-01,"From Apple Pay To Chip Cards, Vantiv Rides Changing Landscape",0
2015-12-14,"Apple PT Cut; GoPro Downgraded; Tesla, Square Started",0
2015-09-08,Will Stocks' Vitamin Boost Come From China Stimulus Or Apple Show?,1
2013-04-17,Indexes Notch Sharp Declines; New 52-Week Low For Apple,-1
2012-03-01,Stocks Gain; Gap Climbs But Apple May End Winning Streak,1
2010-06-18,"Apple: Analysts' Upgrades, Downgrades",0
2019-06-02,"Apple's WWDC, DuPont's Return And Tariff Anxiety (Stocks To Watch Podcast)",0
2019-06-01,"Stocks To Watch: Apple's WWDC, DuPont's Return And Tariff Anxiety",0
2018-06-02,"Stocks To Watch: Eyes On Apple's WWDC, SCOTUS And D.C.",0
2017-06-12,These 3 Sectors Ignore Market Sell-Off; Is Apple Done for Now?,0
2017-06-07,"Apple Boosts Dow; Gold, Oil Slip, But This Sector Outperforms Again",1
2017-06-06,Apple Boosts Chip Stock; Gold Soars; Wal-Mart Weighs On Dow,1
2017-02-07,"M&r Capital Management Inc Buys Broadcom, Apple, SPDR S&P Regional Banking, Sells Time ...",0
2019-06-02,"Apple's WWDC, DuPont's Return And Tariff Anxiety (Stocks To Watch Podcast)",0
2019-06-01,"Stocks To Watch: Apple's WWDC, DuPont's Return And Tariff Anxiety",0
2013-09-16,Uptrend Gains Traction Ahead Of Fed; Apple Gives Up Support,1
2019-04-14,"Spotlight On Earnings, Pinterest And Apple-Qualcomm (Stocks To Watch Podcast)",0
2019-04-13,"Stocks To Watch: Spotlight On Earnings, Pinterest And Apple-Qualcomm",0
2018-11-20,Stock News Today: Apple Hit Again As Dow Jones Slumps Nearly 600 Points,-1
2018-11-20,Apple Taken Down To Correction Levels,-1
2018-07-31,Can Apple Save Us From this Tech Wreck?,-1
2018-06-04,"Stocks Higher As Apple Unveils Upgrades, But Why Are Leaders Underperforming?",1
2018-05-15,"General Re New England Asset Management Inc Buys Apple Inc, USG Corp, Royal Dutch Shell PLC, ...",0
2018-01-10,Herbalife (HLF) Continues to Grapple With Lower Sales Volume,-1
2017-08-10,"Stock Futures Down; Apple, FANGs Sag; 3 Retail Names Dive",-1
2017-07-25,J. C. Penney Deploys Apple Pay for Rich Customer Experience,0
2017-01-28,"Facebook, Apple, Amazon, Fed, Jobs Report: Investing Action Plan",0
2017-01-05,"Stocks Mixed, Nvidia Down 2.5%; Is Apple Still Poised For A Breakout?",-1
2017-01-05,"Stocks Mixed; Apple, Big Cap Techs Lift Nasdaq; Why Did Nvidia Reverse?",1
2016-11-23,"Apple, Amazon, Macy's Lead Investing Action Plan For Black Friday",0
2016-11-19,"Black Friday, Apple, Sina, Weibo In Focus For Investing Action Plan",0
2016-11-15,Kohl's looks for an edge with Apple partnership,1
2016-11-14,Apple Vs. Kohl's: Eppur Si Muove,0
2016-11-10,"Dow Hits High, Nasdaq Reverses Sharply Lower; Why Is Apple Getting Hit?",-1
2016-11-10,"Nordstrom Crushes, Macy's Upbeat On Holidays As Apple Gadgets Hot",1
2016-11-09,"Apple, Alphabet Near Buys; Nvidia, Disney, Macy's Earnings: Investing Action Plan",0
2016-11-03,Kohl's to sell Apple Watch in 400 stores,0
2016-07-29,"Apple, Facebook, Alphabet, Amazon, Ford, McDonald's Headlined Busy Week",0
2016-05-25,How Does Apple Compare To Ugly Duckling Kohl's?,0
2016-05-13,"Week In Review: Apple, Macy's, Walt Disney Signal Consumer Slowdown",-1
2016-05-13,"Apple, Biotechs Dive Again; Time To Buy Retail? - Bezek's Daily Briefing",0
2016-05-12,"Stocks Pare Losses In Afternoon; Apple Cedes Crown As Kohl's, Gap Fall",-1
2016-05-12,Stocks Retreat As Apple Tumbles To 2-Year Low,-1
2016-05-04,Under Armour Downgraded; Apple Supplier A Buy; Halliburton PT Hiked,1
2015-12-18,Apple: Strategy Behind Retailers Discounting Apple Watch And iPad,0
2015-12-10,"Stocks: Weak Open, Thin Gains; LendingTree, Chipotle, Apple Up",-1
2015-10-09,"Apple Pay Coming to Starbucks, KFC in 2016",0
2015-09-15,"After Amazon Prime Day, Retail Sales Take Apple Pause",-1
2015-06-26,Apple Pay Turns To Rewards,0
2015-06-26,Apple Pay Taps Rewards; Google A White Knight?,1
2014-11-12,Best Buy Announces Deep-Discounts on Apple Products - Analyst Blog,0
2020-01-16,"Dow Jones Futures: Stock Market Rally Keeps Testing Limits; Google Joins Apple, Microsoft In $1 Trillion Club",0
2018-09-14,Apple's Innovation - Cramer's Mad Money (9/13/18),0
2017-10-02,"Stocks Look For 5th Up Day In A Row; Can Apple, Tesla Regroup?",0
2010-03-29,'Fast Money' Recap: Apple's Hot New iPhone,1
2019-09-15,"Houthis Cut Saudi Oil Supply, Who Wins? Hint: Not E&P Oil Names. Fintech Firesale, And Goldman Spoils Apple",0
2018-05-08,"Boulegeris Investments, Inc. Buys Intel Corp, Applied Materials Inc, 'M Co, Sells Apple Inc, ...",0
2018-12-10,"Tech lunch: Apple's China woes weigh, semis strong",1
2018-12-06,"Tech lunch: Sector slides on Huawei arrest, Apple supplier print",0
2016-10-24,"Your ETF Investing Action Plan This Week: Apple, Amazon And Solar",0
2015-02-11,Will Solar ETFs Shine on Apple-First Solar Deal? - ETF News And Commentary,0
2015-05-21,Universal Display Up on Prospects of Apple Adopting OLED - Analyst Blog,0
2014-07-28,How many iPhones must die before Apple protects them?,0
2013-09-17,"Stock Futures Inch Forward; Apple Slips, Aeropostale Surges",-1
2017-07-31,Q2 Earnings From Apple,0
2017-07-31,"Q2 Earnings Continue, Apple Tomorrow",0
2019-05-02,"25 Upcoming Dividend Increases Including Apple, Exxon And One Dividend King",1
2015-02-23,Lithia Motors: Auto Stock That Outperformed Apple - Analyst Blog,1
2015-02-19,5 Stocks That Crushed Apple - Investment Ideas,1
2015-01-15,"Stocks Reverse Into Mild Losses; Apple, Lennar Dip; HDFC Leaps",-1
2014-08-07,"Apple, Lithia Motors Test Key Support Areas",0
2014-07-22,"Stocks Rise; Apple, Microsoft Steady In Post-Session",1
2016-08-21,"My Portfolio Update And Review Of 83 Stocks: Up 2 With Reynolds And Exelon, Down 1 With Apple",0
2014-07-07,CBOE Grapples with Tepid Near-Term Volumes - Analyst Blog,-1
2019-06-02,"Apple's WWDC, DuPont's Return And Tariff Anxiety (Stocks To Watch Podcast)",0
2019-06-01,"Stocks To Watch: Apple's WWDC, DuPont's Return And Tariff Anxiety",0
2018-09-08,"Stocks To Watch: Apple Event, Chinese Auto IPO To Headline",0
2020-02-11,"Summit Financial Strategies, Inc. Buys Packaging Corp of America, Apple Inc, Intel Corp, Sells ...",0
2018-06-02,"Stocks To Watch: Eyes On Apple's WWDC, SCOTUS And D.C.",0
2017-10-30,Fresh Slice of Apple This Week: Global Week Ahead,0
2017-03-10,Apple Goes Hollywood,0
2017-01-24,Apple Making America Great Again?,1
2016-10-31,Will Apple Take The Bite?,0
2010-04-20,'Fast Money' Recap: Apple Pullback,1
2019-05-02,"25 Upcoming Dividend Increases Including Apple, Exxon And One Dividend King",1
2016-05-13,Apple Challenges Uber For The Future Of Driving,-1
2015-07-14,Apple Risk Not Cable TV Stock Killer: Analyst,0
2016-05-13,Apple Challenges Uber For The Future Of Driving,-1
2018-09-08,"Stocks To Watch: Apple Event, Chinese Auto IPO To Headline",0
2017-12-08,"Telecom Stock Roundup: Verizon's 5G Broadband in 2018, Qualcomm Sues Apple Again",-1
2017-05-08,"Nasdaq, S&P 500 Fight To Positive Finish; Apple Seizes New High",1
2017-01-25,"Amazon, Apple, And Netflix Versus Liberty",0
2016-09-14,Apple's New Hire Signals Tech Giant Serious About Streaming TV Service,-1
2014-09-26,Video: Apple Outpaces Most U.S. Techs Amid Weak Euro,1
2013-05-16,"George Soros Buys Google, Liberty Global, Sells Citigroup, AIG, GE, Apple",0
2014-11-14,"Wallace Weitz Buys Discovery Communications, Sells Apple in Q3",0
2015-09-09,Tech Stocks Rally Reverses After Apple Announcement,1
2015-09-03,Stocks Turn Mixed; ECB Hints At More QE; Apple Car In Works?,-1
2015-05-06,"Stocks Bleed More Red; Apple, LinkedIn Pressured Again",-1
2015-04-17,Global Worries Sink U.S. Stocks; Apple Breaches Support Level,-1
2015-03-26,Indexes Slip In Seesaw Session; Apple Sets Up Potential Buy,1
2015-02-17,Stocks Turn Positive; Apple Marks New High,1
2020-05-27,"Leidos Awarded Payment From VirnetX, Inc. Lawsuit Against Apple Inc.",0
2016-02-23,It's Not Easy Being Wal-Mart In An Apple World,0
2014-09-10,"Stock Futures Sketch Thin Gains; Apple Flat, Palo Alto In Motion",1
2019-01-08,John And Jane's Taxable Account Dividend Increases And Income Tracker - The Apple Effect,0
2019-11-08,"Perella Weinberg Partners Capital Management LP Buys Adobe Inc, Apple Inc, Berkshire Hathaway ...",0
2019-10-02,"Dow Jones Plunges 500 Points, Hurt By Recession Fears; Cisco, Intel, Apple Hit Hard",-1
2019-03-27,"Travelers, Apple Lead Dow Jones Today; Advanced Micro Devices Weighs On Nasdaq",0
2019-03-24,Apple Makes Its Video-Streaming Move (Stocks To Watch Podcast),0
2019-03-23,Stocks To Watch: Apple Makes Its Video-Streaming Move,0
2018-03-24,Stocks To Watch: Back To School For Apple,0
2017-12-05,"Dow Down, But Alphabet, Apple Show Fortitude; Can Snap Turn Higher?",1
2017-04-11,"Stocks Pare Losses As Apple Suppliers Sink, But Homebuilders Rally",-1
2017-03-21,Stocks Pull Back After Nasdaq Hits New Record; What's Driving Apple To New Highs?,1
2017-03-21,"Nasdaq Reverses After Opening At Record High On Apple, Facebook",0
2017-03-20,"Apple, Nike, Cisco, Microsoft, FedEx Lead Investing Action Plan",0
2017-02-07,"Hexavest Inc. Buys Lennar, Bristol-Myers Squibb Company, Apple, Sells Procter & Gamble Co, ...",0
2016-12-19,"Stocks, Apple Off Highs As Russia's Turkish Ambassador Slain",-1
2016-12-19,"Nasdaq Backs Off High; Apple Near Buy Point, Gets Irish Help Vs. EU",1
2016-09-29,"Apple Loses Top Pick Status; Fitbit, Intra-Cellular Downgraded",-1
2015-08-28,"Apple, Amazon Among 27 'Quality' Buys On Dip: Analyst",0
2015-07-22,"Apple, Microsoft Pull Nasdaq Lower; Cirrus Up Late",0
2015-06-24,"Stocks Fall To Session Lows; Apple, Facebook Gain",0
2015-06-24,"Stocks Fade On Greece News, But Icahn Likes Apple's Future",0
2015-01-15,"Stocks Reverse Into Mild Losses; Apple, Lennar Dip; HDFC Leaps",-1
2015-01-13,"Stocks Rumble Ahead Despite Oil; Alaska Air, Celgene, Apple Jump",0
2014-07-22,"Stocks Rise; Apple, Microsoft Steady In Post-Session",1
2014-01-07,Apple And Amazon: Why Bill Miller Still Likes Them,0
2013-12-18,"Stocks Open Mixed As Techs Lag; Jabil Circuits, Apple Add Drag",-1
2013-11-26,Stocks Close Mixed; Apple Helps Nasdaq To New High,1
2018-05-11,"Zacks Value Investor Highlights: Apple, Amazon, Alphabet, China Life Insurance and Jacobs Engineering",0
2017-03-13,Connecting Dots: Why Apple Invested $1B In Chinese Ride-Hailing Service Didi Chuxing,0
2012-05-16,"Zacks Bull and Bear of the Day Highlights: Texas Capital Bancshares', China Life Insurance, Apple, Google and Amazon.com - Press Releases",0
2019-09-08,"Apple, IPOs And German Auto (Stocks To Watch Podcast)",0
2019-09-07,"Stocks To Watch: Apple, IPOs And German Auto",0
2019-07-28,"Headliners Include Apple, Beyond Meat And IBM (Stocks To Watch Podcast)",0
2019-07-27,"Stocks To Watch: Headliners Include Apple, Beyond Meat And IBM",0
2018-07-28,"Stocks To Watch: Apple, Harley And Tesla On The Marquee",0
2016-08-30,Apple Owes Ireland Billions - Good,1
2015-12-30,"Stocks Open With Losses, But Volume Slides; Apple Down 1%",-1
2015-04-28,Apple Watch Makes A Hush-Hush Entry Into The Boutique Stores Globally,0
2015-04-16,Samsung And Apple - From Enemies To Friends,0
2015-03-16,Android Watch Vs. Apple Watch - Who Will Steal The Show,0
2015-03-13,Apple Watch Adding Fashion To Technology,1
2015-02-05,Apple Now Sets Foot In Samsung's Home Turf,0
2016-11-10,"John Malone Talks Up Apple Buy Of Disney, Likes AT&T Strategy",0
2016-08-02,Apple-Backed Didi's Uber Deal,0
2016-07-01,Jay Z Sells Out To Apple,0
2015-10-13,"Teens cool with Apple, but with GoPro they can't even",0
2015-09-01,"Netflix Breaks Key Level As Apple, Others Pressure",0
2015-08-31,"As Netflix Doubles Down, Apple Mulls Original Content?",0
2013-02-12,"Stocks to Watch: Coca-Cola, Apple, Goodyear",0
2013-02-12,"Stocks to Watch: Coca-Cola, Apple, Goodyear",0
2011-08-30,'Fast Money' Recap: Can Amazon.com Take a Bite Out of Apple?,0
2018-05-15,Stocks Torched By Hot Treasury Bond Sell-Off; Why Apple Gap Down Is Not A Sell Signal,0
2018-03-26,"Dow Jones Leads Rally, Apple Up; Do These 2 China Stock Markets Hint At Trade War?",1
2016-03-15,"Stocks Quiet Ahead Of Fed, But Apple Gaps Up",1
2016-03-15,"Stocks Mixed Again; Drug Issues Hammered, But Apple Gaps Up",1
2015-05-01,"Fr. Emmanuel Lemelson Discusses Apple's iPhone Sales, World Wrestling Entertainment's Strategy And Other Issues",0
2015-03-30,"Fr. Emmanuel Lemelson Discusses Apple's Economic Prospects, World Wrestling Entertainment's Financial Condition And Other Issues",0
2019-09-08,"Apple, IPOs And German Auto (Stocks To Watch Podcast)",0
2019-09-07,"Stocks To Watch: Apple, IPOs And German Auto",0
2018-10-26,"First National Bank of Hutchinson Buys Apple Inc, Microsoft Corp, Laboratory Corp of America ...",0
2018-05-15,"Glenview added Express Scripts, exited Apple in Q1",0
2017-05-02,"Sheaff Brock Investment Advisors, LLC Buys Dr Pepper Snapple Group Inc, Fidelity National ...",0
2016-10-26,Stocks Pare Losses; Apple Weighs On Nasdaq As Medical Sector Tumbles,-1
2012-03-12,"The Zacks Analyst Blog Highlights: Google, Apple, eBay, Laboratory Corporation of America Holdings, Quest Diagnostics - Press Releases",0
2015-10-06,Illumina Downgraded; Apple Supplier Skyworks PT Cut,-1
2014-10-06,"Apple Now a Strong Buy, New iPhones & iPad Key Catalysts - Analyst Blog",1
2016-10-24,"Your ETF Investing Action Plan This Week: Apple, Amazon And Solar",0
2013-08-14,Major Indexes Hold Lower; Apple Softens Nasdaq's Hit,-1
2016-06-17,"Stocks Open Lower; Apple Falls, Elizabeth Arden Soars",0
2015-03-30,"Fr. Emmanuel Lemelson Discusses Apple's Economic Prospects, World Wrestling Entertainment's Financial Condition And Other Issues",0
2013-07-24,"Stock Futures Look Positive; Apple, Ford Lead Early Surge",1
2013-04-24,"Futures Slip On Orders Data; Boeing, Ford Rise, Apple Slides",-1
2013-04-23,"Indexes End Near Highs Ahead Of Earnings from Apple, Cree",0
2016-10-26,Stocks Pare Losses; Apple Weighs On Nasdaq As Medical Sector Tumbles,-1
2016-04-27,"Akamai Revenue Guidance Light Amid Concern Over Apple, Facebook",-1
2016-02-10,"Akamai Stock Jumps On Q1 Beat, Despite Apple, Facebook Trend",1
2015-12-23,"Akamai In Contract Talks; Apple, Facebook Shift Eyed",0
2015-12-09,"Apple Web TV Hits Pause, Akamai Stock Nears A Low",-1
2015-07-28,"Apple TV Delay Crushes Akamai Stock, Guidance Light",-1
2015-06-09,Apple Silence On Web TV Deals Akamai A Downgrade,-1
2015-06-09,"Akamai -3.3%; Macquarie downgrades, cites lack of Apple TV news",-1
2015-03-20,"Akamai Like Apple and Google, But UBS Cuts Estimates",-1
2015-02-11,Akamai Data Traffic Growth Offsets Apple Concern,1
2014-02-03,"Akamai Slips, Apple Contract Key Amid CDN Report",-1
2017-03-06,Apple Chip Deal?,0
2016-08-26,These Three Chipmakers Will Survive Apple's Rumored 15%-20% iPhone 7 Order Cut,-1
2016-08-18,Analog Devices Expected To Add $100 Million-Plus In Apple iPhone 7 Sales,1
2016-08-16,Analog Devices Expected To Grow Apple iPhone 7 Content by 30%,1
2016-07-29,"Apple, Facebook, Alphabet, Amazon, Ford, McDonald's Headlined Busy Week",0
2016-07-27,"Apple Chip Supplier NXP Earnings Fall, But Top Views",-1
2016-07-27,Analog Devices' Linear Deal Cuts Apple Exposure; Could Spur M&A Fever,1
2016-07-27,Apple Upgraded; Twitter A 'Loser'; Caterpillar Price Target Hiked,1
2016-07-26,Linear Rockets On Acquisition By Apple Supplier Analog Devices,0
2015-07-22,5 key takeaways from Apple's mixed Q3 earnings report,-1
2015-05-15,Why This Apple Supplier is a Top Pick,1
2015-02-19,Apple's Dirty Little Rare Earth Secret,0
2014-09-24,Skyworks Solutions Big Winner In Apple iPhone 6 Chips,1
2012-04-12,6 Tech Stocks That Rate Better Than Apple,1
2012-04-12,6 Tech Stocks That Rate Better Than Apple,1
2020-05-13,"AlphaCrest Capital Management LLC Buys AT&T Inc, Eli Lilly and Co, Apple Inc, Sells The ...",0
2020-05-08,"Sustainable Insight Capital Management, LLC Buys Apple Inc, Eli Lilly and Co, Truist Financial ...",0
2020-05-06,"NN Investment Partners Holdings N.V. Buys Mastercard Inc, Apple Inc, The Estee Lauder Inc, ...",0
2020-04-27,"Huntington National Bank Buys Apple Inc, NVIDIA Corp, Fidelity Total Bond, Sells iShares Core ...",0
2020-04-22,"Dow Jones Futures: Coronavirus Stock Market Rally Powers Back; Apple, AMD, Tesla, Intel, Microsoft Near Buy Points, But Watch Out For This",-1
2020-04-21,"Cordatus Wealth Management LLC Buys Apple Inc, Eli Lilly and Co, Netflix Inc, Sells Danaher ...",0
2020-03-11,"Dow Jones Futures: Coronavirus Stock Market Correction Is A Bear; Apple, Tesla, AMD Show Strength",1
2020-02-06,"Thinking about trading options or stock in Apple, Eli Lilly, Microchip Technology, Tesla, or ...",0
2019-09-08,"Apple, IPOs And German Auto (Stocks To Watch Podcast)",0
2019-09-07,"Stocks To Watch: Apple, IPOs And German Auto",0
2019-08-08,Apple devices + mobile apps show potential to screen for Alzheimer's,1
2020-02-19,"Tesla a standout as US markets sink following Apple warning, Franklin Resources Buys Legg Mason",0
2019-08-02,"Chicago Equity Partners Llc Buys Carlisle Inc, Integer Holdings Corp, Southern Co, Sells Apple ...",0
2019-04-28,"Eyes On Apple, Uber, F8 And Avengers (Stocks To Watch Podcast)",0
2019-04-27,"Stocks To Watch: Eyes On Apple, Uber, F8 And Avengers",0
2019-04-27,"Stocks To Watch: Eyes On Apple, Uber, F8 And Avengers",0
2019-04-26,"Apple, IBM, Costco among those expected to raise payouts next week",0
2016-11-10,"John Malone Talks Up Apple Buy Of Disney, Likes AT&T Strategy",0
2016-09-22,"Apple, Alibaba Price Targets Hiked; Amazon Upgraded",1
2016-09-08,"Stocks Fall On ECB, Apple, Nike; Oil Prices Rally",0
2016-08-19,"Pandora To Take On Apple, Spotify In On-Demand Subscription Music: Report",0
2012-12-17,Stocks Climb In Mixed Volume; Apple Turns Positive,1
2017-03-10,Apple Goes Hollywood,0
2019-03-24,Apple Makes Its Video-Streaming Move (Stocks To Watch Podcast),0
2019-03-23,Stocks To Watch: Apple Makes Its Video-Streaming Move,0
2017-12-01,"BioTelemetry Ties Up With Apple, Grows in Cardiac Monitoring",0
2017-11-29,"GNC Holdings Grapples With Margin Weakness, Stiff Competition",-1
2019-10-09,"Old North State Trust, LLC Buys iShares Core –-5 Year USD Bond ETF, BB&T Corp, Apple Inc, ...",0
2019-09-08,"Apple, IPOs And German Auto (Stocks To Watch Podcast)",0
2019-09-07,"Stocks To Watch: Apple, IPOs And German Auto",0
2018-10-28,Apple Looks To Recharge Tech Sector (Stocks To Watch Podcast),0
2018-10-27,Apple Looks To Recharge Tech Sector,0
2018-06-02,"Stocks To Watch: Eyes On Apple's WWDC, SCOTUS And D.C.",0
2011-06-29,'Fast Money' Recap: Apple's Freebie iPhone,1
2015-12-23,Apple Tax Charges 'Total Political Crap',0
2015-10-06,Illumina Downgraded; Apple Supplier Skyworks PT Cut,-1
2020-01-22,"Appleton Group Wealth Management Llc Buys Schwab Emerging Markets Equity ETF, Industrial Select ...",0
2019-10-16,Appleton Group Wealth Management Llc Buys Schwab U.S. ...,0
2016-08-21,"My Portfolio Update And Review Of 83 Stocks: Up 2 With Reynolds And Exelon, Down 1 With Apple",0
2016-12-12,Apple Supplier In Sale Talks,0
2016-11-21,"Stocks Close At Record Highs; Oil Jumps 4%, Apple Leads Dow",1
2015-01-02,Stocks Reverse Lower; Apple Plunges Below Support,-1
2017-03-21,"Nasdaq Reverses After Opening At Record High On Apple, Facebook",0
2017-04-28,Stocks Mixed; Qualcomm Shocks On Apple; GDP Growth Worst In 3 Years,-1
2015-10-08,"Apple (AAPL) Unveils Latest Beats Bluetooth Speakers, Pill+",0
2014-05-27,Apple home-automation plan already has skeptics,-1
2013-10-03,Apple-Logitech pairing a potential Nintendo handheld killer,0
2013-02-13,Has Intel cracked the TV problem that Apple couldn't?,-1
2012-08-23,Apple's Steve Jobs Found His Mortality A Motivator,1
2012-08-23,"HP, Logitech, Infosys, Apple: Tech Premarket",0
2012-08-23,"HP, Logitech, Infosys, Apple: Tech Premarket",0
2012-03-29,"Zacks Bull and Bear of the Day Highlights: The Washington Post, Logitech International, Research In Motion, Apple and Google - Press Releases",0
2018-11-09,"Wilkins Investment Counsel Inc Buys LogMeIn Inc, Texas Instruments Inc, Apple Inc",0
2018-02-15,"Apple, Dow Jones, S&P 500 Make Key Technical Gains; Arista Networks, LogMeIn Dive On Outlooks",1
2018-02-15,"Stock Market Surges Again; Dow Led By Cisco, Apple, Boeing",1
2017-04-20,"Indexes End Solidly Higher; AmEx Leads Dow, Apple Also Up",1
2017-02-14,Stock Market Hits New High As Yellen Lifts Banks; What's Next For Apple?,0
2016-07-29,"Apple, Facebook, Alphabet, Amazon, Ford, McDonald's Headlined Busy Week",0
2016-07-27,Stocks Rise At Open As Apple Hauls Techs Higher,1
2016-06-09,"Eye On Tech: Apple And Google Bet On App Subscriptions, And Qualcomm Targets Connected Cars",0
2017-08-02,"Stocks Wipe Away Gains, But Apple Helps Dow Stay Afloat",1
2014-11-28,Schools Grapple With Change,0
2012-10-12,"Google, DaVita Balance Leaders Against Apple's Dive",0
2016-07-07,"First Eagle Investment Is Acquiring Apple, Amazon",0
2020-04-27,"Cubic Asset Management, LLC Buys Amazon.com Inc, MetLife Inc, Lowe's Inc, Sells Apple Inc, ...",0
2020-01-31,"Gunderson Capital Management Inc. Buys Bristol-Myers Squibb Company, Apple Inc, NetEase Inc, ...",0
2019-11-21,"Thinking about trading options or stock in Apple, Celgene, Lowe's, NVIDIA, or Target?",0
2019-07-12,"HMS Capital Management, LLC Buys Ulta Beauty Inc, Incyte Corp, IAC/InterActiveCorp, Sells Apple ...",0
2018-05-15,"Glenview added Express Scripts, exited Apple in Q1",0
2017-04-28,"Apple, Tesla, Facebook, Fed Will Grab Spotlight: Investing Action Plan",0
2016-08-30,Stocks Drop Mildly; Investors Yawn At Apple's $14.5 Billion Tax Bill,-1
2015-05-01,Apple Has Cursed The Market - Cramer's Mad Money (4/30/15),0
2019-10-04,Apple orders 10% boost to iPhone 11 production - Nikkei,1
2019-09-30,"Apple's mini LED switch benefits LG, says analyst",1
2019-09-10,Apple fall event kicking off (live updates),0
2019-04-09,LG +3% on Apple shift to mini LEDs - Kuo,1
2018-09-11,What to expect during Apple's iPhone launch event,0
2018-09-08,"Stocks To Watch: Apple Event, Chinese Auto IPO To Headline",0
2018-06-15,WSJ: Apple expects to sell more LCD iPhones than OLED,0
2018-06-04,What Are Some Of The Tradable Impacts Of Apple Moving To All OLED Screens This Fall?,0
2018-04-20,Apple's reach for new screen supplier hits hurdles,-1
2018-03-21,Apple Must Change To A Hands-On Display (And Other Critical Component Strategies),0
2018-03-19,Apple's MicroLED Secret is Out: Will it Upset Display Makers?,0
2018-03-19,"Markets Start Week Slowly, Apple Looks At Screens, Twitter And Mastercard Eye Crypto Cautiously (Wall Street Breakfast Podcast)",0
2018-03-19,Apple is developing MicroLED screens,0
2017-12-15,LG Display: Potential Apple News Might Be A Lucrative Tradable Event,1
2016-12-19,Apple iPhone 8 Could Throw Users A Curve,1
2016-06-30,"AU Optronics: Improving Trends, Apple Evidence Building",1
2016-06-24,Anticipation: Apple iPhone 8 Could Rain On Upcoming iPhone 7 Parade,-1
2016-06-08,"Synaptics' Apple Business Safe For Another iPhone, Says Rosenblatt",0
2016-05-27,Apple's OLED iPhone Decision Could Lift These Companies,1
2016-03-30,"Apple Stock Upgraded To Buy On iPhone 7, 8 Prospects",1
2016-03-28,Apple's Reported 2017 iPhone Plans Could Mean Its 2-Year Upgrade Cycle Is Over,0
2016-03-27,Will Apple See A Big Impact From Small Phones?,0
2016-03-08,Apple Making The Perfect Smartphone For Donald Trump,1
2016-02-01,"Through M&A, China Is After The Smartphone / Apple Supply Chain",0
2015-12-30,"Stock Futures Quietly Lower; Universal, LG Display Get Apple Lift",1
2015-12-23,Smartphones moving to AMOLED screens; Is Apple next?,0
2015-11-25,Report: Apple to begin using OLED iPhone displays in 2018,0
2015-11-19,"Universal Display surges amid Apple patent application, LG OLED TV buzz",1
2015-07-22,Apple's Slip Ripples Through Int'l Supply Chain,0
2015-06-09,"The Zacks Analyst Blog Highlights: Apple, LG Display, Siliconware Precision Industries, Samsung Electronics and United Microelectronics - Press Releases",0
2015-05-22,Apple might copy Samsung with OLED phone displays,0
2015-05-21,Universal Display Up on Prospects of Apple Adopting OLED - Analyst Blog,0
2015-05-20,Universal Display higher amid Apple speculation,1
2015-05-13,Apple Watch gross margins will start low but then rise,-1
2015-05-01,9 chip stocks riding on Apple Watch,0
2015-04-16,"Apple Collaborates with Rival Samsung for Screen, Chip - Analyst Blog",0
2015-03-24,Apple reportedly cuts Apple Watch production in half,-1
2014-08-22,Apple blunder could impact iPhone 6 supply this fall,-1
2014-06-19,"Apple iWatch said to have 2.5-inch screen, wireless charging",0
2014-04-01,Megasize Apple iPhone 6 could face production delays,-1
2014-01-18,Apple's Smartphone Dominance Increases in the Domestic Market,1
2013-11-13,"Apple iPad Mini 2 winners include Cirrus Logic, STMicro",0
2013-11-01,Apple iPad Air teardown reveals the usual suspects inside,0
2013-04-22,"Apple facing delays for next iPhones, iPad mini",-1
2013-01-18,"Apple iPad Demand Falls Off Cliff, Report Signals",-1
2013-01-14,Apple Stock Falls On iPhone 5 Demand Concerns,-1
2012-11-27,"Corning Climbs On Apple, Samsung Phone-Screen Demand",1
2012-10-03,Apple iPad Mini Tablet Reportedly In Mass Production,0
2012-09-25,Apple iPhone 5 Hampered By Component Shortages,-1
2012-09-05,Apple iPhone 5 Display Screen To Take Center Stage,0
2012-05-16,New Apple iPhone Might Copy Samsung's Larger Display,0
2012-03-08,Apple's New iPad Has Head Start On Retina Displays,0
2012-02-14,Mini iPad? Apple Tests Tablet With Smaller Screen,0
2017-12-04,"Dow, Finance Stocks Lead; Apple Fine; Time To Buy Alphabet, Square?",0
2017-01-12,Wall Street Breakfast: Apple Sets Its Sights On Hollywood,0
2015-09-14,"Stocks Quietly Lower As Apple Tops Dow, Tyler Tech Breaks Out",1
2015-02-05,Major hospitals evaluating Apple's HealthKit service,0
2016-12-14,Apple's (AAPL) Wireless AirPods Finally Reach the Market,1
2016-12-13,Apple (AAPL) Reportedly Set to Invest $1B in SoftBank Fund,0
2015-03-12,"Apple App Store, iTunes Down Due to DNS Glitch - Analyst Blog",-1
2015-01-14,"Apple, Ericsson Fight Over Patent Royalties - Analyst Blog",0
2019-08-29,"Douglas Dynamics, Louisiana Pacific, Facebook, Apple and Microsoft highlighted as Zacks Bull and Bear of the Day",0
2012-11-23,"Apple, Winnebago Lead Top Industry Gains For Week",1
2016-12-21,17% Pop On Apple Supplier Deal,0
2019-07-24,"Cypress Wealth Services, LLC Buys Apple Inc, Schwab U.S. ...",0
2015-10-14,Apples To Oranges: Equities Vs. Bonds,0
2019-10-29,Dow Jones Futures: AMD Leads 4 Chip Earnings Reports After Stock Market Rally Hits Resistance; Apple Earnings In Focus,0
2019-09-13,"Dow Jones Win Streak Set To Continue, But Apple Slides Below Entry On Price Cut",1
2019-07-26,"Intel (INTC) Beats on Earnings in Q2, Inks Deal With Apple",1
2019-09-08,"Apple, IPOs And German Auto (Stocks To Watch Podcast)",0
2019-09-07,"Stocks To Watch: Apple, IPOs And German Auto",0
2018-09-06,"Apple, Amazon Weigh On Stock Market, But These 3 Break Out To Highs",-1
2019-01-08,John And Jane's Taxable Account Dividend Increases And Income Tracker - The Apple Effect,0
2018-03-01,Multimedia Weekly Digest: Take A Bite Out Of Apple,0
2015-03-06,Stocks Stumble In Firm Trade; Apple To Take AT&T's Dow Seat,-1
2019-01-03,New Age Beverages and China XD Plastics among consumer gainers; Apple and Fabrinet among losers,0
2014-11-14,"Wallace Weitz Buys Discovery Communications, Sells Apple in Q3",0
2020-03-27,"Dow Jones Dives 1,000 Points, As U.S. Coronavirus Cases Top 85,000; Apple, Home Depot, Lululemon Are Key Movers",0
2020-05-13,"Berkshire Asset Management Llc Buys Southwest Airlines Co, Apple Inc, The Walt Disney Co, Sells ...",0
2020-05-12,"Apple, Amazon and Share Buybacks",0
2020-04-16,"Thinking about buying stock in Apple, Ford, Kraft Heinz, Southwest Airlines, or Wayfair?",0
2019-02-18,"Berkshire's Revealing 13F: Buffett Didn't Buy The Dip - Didn't Add To Apple, Sold Oracle, Bought Banks",0
2018-08-14,"Berkshire boosts stakes in Apple, US Bank, Teva, BNY Mellon, Delta in Q2",1
2018-07-28,"Stocks To Watch: Apple, Harley And Tesla On The Marquee",0
2018-05-11,"Weil Company, Inc. Buys Starbucks Corp, ishares Gold Trust, Nutrien, Sells Apple Inc, ...",0
2018-05-04,"Southwest's Woes, Musk's Mysteries, and Apple's Great Quarter",-1
2018-05-02,"The Fed Expected To Hold Steady, Apple Beats, Facebook Dates (Wall Street Breakfast Podcast)",1
2017-11-10,"The Zacks Analyst Blog Highlights: Apple, Facebook, MetLife, Zoetis and Southwest Airlines",0
2017-11-09,"Top Stock Reports for Apple, Facebook & MetLife",0
2017-08-25,"Stocks Up, Transports Rebound; 5 Reasons To Keep Holding Apple",1
2017-05-16,"Berkshire Hathaway Buys Apple, Bank of New York Mellon, Southwest Airlines, Sells IBM, Delta ...",0
2017-05-16,"Warren Buffett Doubles Apple Stake, Cuts Twenty-First Century Fox in –st Quarter",0
2017-04-17,Apple and the Airlines in Buffett and Munger's Own Words,0
2017-03-14,Markets Stumble Amid Broad-Based Selling; Apple Edges Lower,-1
2017-03-06,Better Investing Members Net Sellers Of Apple,1
2017-02-27,Buffett Doubled Apple Stake In January: Why He Won't Buy The iPhone Maker Now,0
2017-02-27,"Buffett Doubles Apple, Seeks Deals",0
2017-02-17,"Week In Review: Dow Keeps Rising As Apple Hits High, Verizon Unlimited, Kraft Eyes Unilever",0
2017-02-15,"Stock Market Rallies On Data, Trump Tax Talk; Buffett Boosts Airlines, Apple",1
2017-02-15,"Warren Buffett Reveals New Picks - Apple, Airlines, And Arb",0
2017-02-14,"Buffett's Berkshire Piles On Shares Of Apple, Airlines, Cuts Wal-Mart",0
2017-02-14,"Warren Buffett Buys Apple, Delta Air Lines, Southwest Airlines Co, Sells Deere, Wal-Mart ...",0
2017-02-02,Apple Could Hit $134 - Cramer's Mad Money (2/1/17),1
2017-01-24,"First National Bank Of Omaha Buys Zoetis Inc, CME Group Inc, Dr Pepper Snapple Group Inc, Sells ...",0
2017-01-13,Week In Review: Trump Murders Drug Stocks; Apple Breaks Out; GM Bullish,1
2017-01-12,Wall Street Breakfast: Apple Sets Its Sights On Hollywood,0
2015-06-04,Apple's Next Product Frontier: Augmented Reality,1
2017-02-15,"Warren Buffett Reveals New Picks - Apple, Airlines, And Arb",0
2017-01-25,"Amazon, Apple, And Netflix Versus Liberty",0
2016-12-12,Apple Supplier In Sale Talks,0
2016-10-31,Apple To Bid On Time Warner?; Tesla's Solar Roof Unveiled; M&A Train Rolls - Eye On Tech,0
2016-10-31,Will Apple Take The Bite?,0
2016-10-27,"Amazon Misses, Google Beats; Apple's New Products; Verizon-Yahoo Is On -- Eye On Tech",-1
2016-04-27,"Akamai Revenue Guidance Light Amid Concern Over Apple, Facebook",-1
2016-02-10,"Akamai Stock Jumps On Q1 Beat, Despite Apple, Facebook Trend",1
2016-02-05,"Apple May Push Into Corporate Cloud Computing Vs. Amazon, Microsoft",0
2015-12-23,"Akamai In Contract Talks; Apple, Facebook Shift Eyed",0
2015-12-09,"Apple Web TV Hits Pause, Akamai Stock Nears A Low",-1
2015-08-25,"OTT Services By Apple And Verizon Won't Have A Big Impact On Akamai, Here Are The Numbers",0
2015-07-28,"Apple TV Delay Crushes Akamai Stock, Guidance Light",-1
2015-06-09,Apple Silence On Web TV Deals Akamai A Downgrade,-1
2015-03-20,"Akamai Like Apple and Google, But UBS Cuts Estimates",-1
2015-02-11,Akamai Data Traffic Growth Offsets Apple Concern,1
2014-02-03,"Akamai Slips, Apple Contract Key Amid CDN Report",-1
2019-01-03,New Age Beverages and China XD Plastics among consumer gainers; Apple and Fabrinet among losers,0
2014-09-26,Video: Apple Outpaces Most U.S. Techs Amid Weak Euro,1
2012-08-29,"Apple, Yelp, Lexmark: Tech Winners & Losers",-1
2012-08-29,"Apple, Yelp, Lexmark: Tech Winners & Losers",-1
2012-07-24,Stocks Down on Euro Zone Woes; Apple Misses in After Hours,-1
2012-02-01,An Apple Dividend Could Be Sweet Indeed,1
2011-11-21,"The Zacks Analyst Blog Highlights: Hewlett Packard, Canon, Lexmark, Apple and Dell - Press Releases",0
2016-08-21,"My Portfolio Update And Review Of 83 Stocks: Up 2 With Reynolds And Exelon, Down 1 With Apple",0
2020-05-06,"Eidelman Virant Capital Buys Conagra Brands Inc, Apple Inc, Box Inc, Sells Liberty SiriusXM ...",0
2018-05-15,"Glenview added Express Scripts, exited Apple in Q1",0
2017-03-06,"Jeff Auxier Invests in Gilead, Wells Fargo, Apple",0
2015-08-19,"Zacks Investment Ideas feature highlights: Apple, LyondellBasell, Sanmina, Meritor and American Axle & Manufacturing",0
2015-02-18,"Soros Dumps Apple, Buys China",0
2020-05-28,"Tredje AP-fonden Buys Microsoft Corp, Amazon.com Inc, Apple Inc, Sells iShares U.S. ...",0
2020-05-11,"Tredje AP-fonden Buys Microsoft Corp, Amazon.com Inc, Apple Inc, Sells iShares U.S. ...",0
2019-07-19,"Hanseatic Management Services Inc Buys Apple Inc, Facebook Inc, Progressive Corp, Sells Boeing ...",0
2018-09-12,"As Goes Apple, So Goes the Market",0
2018-09-08,"Stocks To Watch: Apple Event, Chinese Auto IPO To Headline",0
2017-03-13,"Microsoft, Cisco, Apple Among Tom Gayner's Recent Investments",0
2015-07-10,"Zacks Investment Ideas feature highlights: Live Nation, Apple and Madison Square Garden - Press Releases",0
2013-01-03,Apple Predicted To Launch Internet Radio Service,0
2012-09-20,"Could Apple Buy the LA Kings, Part of the Lakers in AEG Deal?",0
2012-09-20,"Could Apple Buy the LA Kings, Part of the Lakers in AEG Deal?",0
2018-03-24,Stocks To Watch: Back To School For Apple,0
2015-10-21,"Zacks Investment Ideas feature highlights: Atmos Energy, Chubb, Dr Pepper Snapple, America Apartment Communities and Smith & Wesson",0
2015-03-16,"The Zacks Analyst Blog Highlights: Alcoa, RTI International Metals, Simon Property Group, Macerich and Apple - Press Releases",0
2015-03-13,"Dow 30 Stock Roundup: Apple to Replace AT&T, Intel Cuts Guidance - Analyst Blog",-1
2015-03-09,"Stocks Open To Quiet Gains; Apple, General Motors In Focus",0
2015-03-09,"Today's Market: The Fed, Activist Investors, Apple's Watch And REIT Merger And Acquisition Activity",0
2019-11-04,Swapping Apple For Apple - October Dividend Portfolio Update,0
2018-03-13,Road To Financial Independence: My February 88-Stock Portfolio Review With Big Apple Purchase,0
2017-12-15,"My Journey To Financial Independence: 86-Stock November Portfolio Update - Buying Apple, AbbVie And BMW",0
2016-08-21,"My Portfolio Update And Review Of 83 Stocks: Up 2 With Reynolds And Exelon, Down 1 With Apple",0
2019-04-28,"Eyes On Apple, Uber, F8 And Avengers (Stocks To Watch Podcast)",0
2019-04-27,"Stocks To Watch: Eyes On Apple, Uber, F8 And Avengers",0
2019-04-27,"Stocks To Watch: Eyes On Apple, Uber, F8 And Avengers",0
2019-04-26,"Apple, IBM, Costco among those expected to raise payouts next week",0
2016-09-12,"Lee Ainslie Invests in Apple, American Airlines",0
2016-07-01,"Apple Suppliers, SolarCity Downgraded; Netflix Is A Buy",1
2019-07-19,"Hanseatic Management Services Inc Buys Apple Inc, Facebook Inc, Progressive Corp, Sells Boeing ...",0
2015-07-18,Move Aside Apple: 8 IBD 50 Stocks With Earnings Due,0
2015-05-26,Stock Indexes Suffer Hard Hits; Apple And Visa Among Big Losers,-1
2014-12-31,Stocks Notch Bearish End To '14; Apple And Ambarella Stumble,-1
2018-09-19,"Apple Roundup: iPhones, Watch, China",0
2020-05-14,"united american securities inc. (d Buys Apple Inc, Sysco Corp, Mastercard Inc, Sells Alphabet ...",0
2020-04-16,"Lincoln Capital LLC Buys JPMorgan Chase, Apple Inc, Brookfield Asset Management Inc, Sells ...",0
2019-04-28,"Eyes On Apple, Uber, F8 And Avengers (Stocks To Watch Podcast)",0
2019-04-27,"Stocks To Watch: Eyes On Apple, Uber, F8 And Avengers",0
2019-04-27,"Stocks To Watch: Eyes On Apple, Uber, F8 And Avengers",0
2019-04-26,"Apple, IBM, Costco among those expected to raise payouts next week",0
2018-10-09,How Do You Like Them Apples?,0
2018-06-02,"Stocks To Watch: Eyes On Apple's WWDC, SCOTUS And D.C.",0
2018-04-28,"Stocks To Watch: Apple, FOMC And China On Tap",0
2017-05-02,"Sheaff Brock Investment Advisors, LLC Buys Dr Pepper Snapple Group Inc, Fidelity National ...",0
2017-03-21,Stocks Pull Back After Nasdaq Hits New Record; What's Driving Apple To New Highs?,1
2017-03-21,"Nasdaq Reverses After Opening At Record High On Apple, Facebook",0
2017-02-21,"Apple, Broadcom Hit Highs As PTs Raised; Freeport, Marriott Downgraded",-1
2016-04-25,Apple Supplier Integrated Device Rated Buy; Discount 'Unwarranted',1
2016-03-21,Mergers Lift Stocks; Apple Launch Fails To Excite,-1
2016-03-21,"Stocks Rise As Nike Sprints, But Apple Falls Flat",0
2015-05-08,"Knock, Knock: Apple iBeacons, Looking For You",0
2017-11-30,"Apple, Banks Lead Dow Futures Higher; FANGs Gear For Tech Bounce",1
2016-01-28,"Marathon Patent Group Announces Trial Date of May 2, 2016 in Case Against Apple",0
2012-02-13,Stocks Gain on Greek Austerity; Apple Above $500,1
2020-03-20,"Dow Jones Down As Much As 4,200 Points For Week; Apple Is Doing This, Unlike Most Techs",0
2017-02-15,"Dow Strikes New Record High As P&G Rallies, Apple Keeps Rising",1
2020-05-14,"Employees Retirement System of Texas Buys Microsoft Corp, Apple Inc, iShares iBoxx $ High Yield ...",0
2020-05-08,"Hancock Holding Co Buys Amazon.com Inc, Microsoft Corp, Apple Inc, Sells iShares Core S&P ...",0
2020-04-22,"Streettalk Advisors, LLC Buys iShares MBS ETF, Apple Inc, Boeing Co, Sells Amazon. ...",0
2019-07-24,"Cypress Wealth Services, LLC Buys Apple Inc, Schwab U.S. ...",0
2019-02-26,Apple And Goldman: Pure Gold,0
2017-08-03,"Gabelli Funds Llc Buys Panera Bread Co, Navistar International Corp, Dr Pepper Snapple Group ...",0
2017-03-13,Stocks Mixed; Can These 3 IBD 50 Names Keep Up With Apple?,0
2017-02-26,"Why It May Be Time To Sell Apple, Tesla; Starbucks Nears Buy Point",0
2017-02-24,"Dow Nails 11th Straight On Late Rally; Apple, Nvidia Score Upside Reversals",1
2017-02-17,Dow Threatens To End Win Streak; Apple On Track For New Closing High,1
2017-02-17,Dow Threatens To End Win Streak; Apple On Track For New Closing High,1
2017-02-17,"Week In Review: Dow Keeps Rising As Apple Hits High, Verizon Unlimited, Kraft Eyes Unilever",0
2017-02-01,"Apple, Western Digital PTs Raised; Under Armour, Mobileye Downgraded",0
2017-01-10,Musk Goes To 'Tesla Graveyard' To Hire Away Two Apple Execs,0
2017-01-04,"Apple, Google Car Apps Get Pushback from Ford, Toyota",0
2016-12-30,Top 10 Trends To Watch For 2017: From Trump To Apple's iPhone 8,0
2016-12-19,Apple: Best To Go The Route With Cars That It Went With TV,1
2016-12-04,"Apple Confirms Self-Driving Car Interest, 'Investing Heavily' In Automation",1
2016-09-21,"Can Pentagon Tap Apple, Facebook, Tesla To Rule Future Battlefield?",0
2016-09-20,"Apple Price Target Hiked, Nvidia Started At Neutral, Mobileye A Buy",1
2016-09-16,Week In Review: Apple iPhone Demand Lifts Markets; GM Takes On Tesla,1
2016-09-12,"Apple's Mythical Car Stalls, Stripped For Parts",0
2016-09-10,Apple Car: Dozens Of Staff Exit Amid Strategy Shift,0
2016-07-29,"Apple, Facebook, Alphabet, Amazon, Ford, McDonald's Headlined Busy Week",0
2016-07-27,"Apple, Facebook Lead Nasdaq Higher; Dow Turns Up; Fed Leaves Rates Unchanged",1
2016-07-27,It's An Apple Rally: Nasdaq Rises While S&P 500 Dips,1
2016-07-26,"Apple Tops Earnings, BlackBerry's New Phone, Amazon Prime Heads To India - Eye On Tech",1
2016-07-25,"Investing Action Plan For Tuesday: Apple, Mobileye, McDonald's Lead Earnings Wave",0
2016-07-19,"Intel Regains 'Mojo' On Apple iPhone 7, Self-Driving Cars, Better PC Sales",1
2016-07-15,"With Apple, Google And Every Automaker In The Race, Tesla Crash Won't Slow Self-Driving Cars",0
2016-07-05,"Apple Chip Suppliers, Netflix Downgraded; Mobileye, CyberArk Buys",-1
2016-05-27,"Eye On Tech: Apple M&A Speculation Grows, And Google Triumphs Against Oracle",0
2016-05-06,"Week In Review: Stocks Tested As Apple, Tesla, Under Armour Sell Off",0
2016-04-29,The Week In Review: Is Apple Still A Growth Enterprise? Is America?,0
2016-04-20,"Apple, Alphabet May Gain If Self-Driving Cars Are 4th Video Screen",1
2016-03-14,Chip ETFs Get Their Mojo On: Inside 4 As Apple To Reveal New iDevices,0
2016-01-07,AI Race Heats Up With Apple's Purchase Of Emotient,0
2015-12-10,"Suppliers For Apple, Tesla Initiated With Bullish PTs",1
2015-12-10,"Apple Supplier Avago Is A Buy, Mobileye Started Lower",0
2015-12-02,"Apple Chipmaker ARM Downgraded, Mobileye Gets Buy",1
2015-12-02,"Apple Chipmaker ARM Downgraded, Chevron Upgraded",1
2015-10-20,"Apple Sees Car Revolution As GM, Ford Race To Adapt",1
2015-10-01,"GM To Test Autonomous Volt As Apple Car, Tesla Loom",0
2015-09-21,Apple Car faces challenges,-1
2015-09-21,Apple Car 'Not Answer to Autonomous Investing',0
2015-08-28,"Apple, Amazon Among 27 'Quality' Buys On Dip: Analyst",0
2015-08-24,"Apple, Netflix, Fitbit, Other Techs Go Bungee Jumping",0
2015-08-24,Indexes Slump In Volatile Session; Cook Email Lifts Apple,1
2014-10-09,Stocks' Slide Picks Up Steam; Icahn Note Buoys Apple,1
2014-09-09,Stocks Weaken In Late Trade; Apple Up On New Phones,-1
2014-09-09,"Stocks Stumble In Weak Trade; GoPro, Mobileye, Apple Rise",-1
2014-09-09,"Stock Futures Narrowly Mixed; Mobileye Jumps, Apple On Deck",0
2018-09-08,"Stocks To Watch: Apple Event, Chinese Auto IPO To Headline",0
2017-01-25,"Amazon, Apple, And Netflix Versus Liberty",0
2014-10-20,Apple Easily Beats in Fiscal Fourth Quarter,1
2020-05-08,"Sustainable Insight Capital Management, LLC Buys Apple Inc, Eli Lilly and Co, Truist Financial ...",0
2020-03-04,Apple Supplier Qorvo (QRVO) Trims Q4 View on Coronavirus Woes,-1
2020-01-15,"The Zacks Analyst Blog Highlights: Apple, Applied Materials, NVIDIA, Microchip Technology and Alphabet",0
2019-04-05,"Stock Market Scores Big Weekly Gain As Apple, Chips Fuel Nasdaq",1
2019-01-17,"Chips, Apple suppliers slip on TSMC guidance",-1
2019-01-16,"Semis, Apple suppliers face tough reports - KeyBanc",-1
2018-12-04,"Apple suppliers, chips drop on Cirrus cut",0
2018-11-13,Apple suppliers recover despite Qorvo guide cut,1
2018-11-12,"Apple suppliers drop on Lumentum guide, iPhone target cuts",-1
2018-06-26,"Apple Roundup: Kids Content, Repair Issues, Qualomm, Pay",0
2017-09-27,"Nasdaq Kicks Higher, Apple Up Again; Can These 5 Chip Stocks Catch Nvidia?",1
2017-09-27,"Nasdaq Kicks Higher, Apple Up Again; Can These 4 Chip Stocks Catch Nvidia?",1
2017-07-28,"Apple, Tesla, Shale, Jobs To Dominate The Week: Investing Action Plan",1
2017-05-01,"Apple Supplier Tests Key Benchmark, Earns Ratings Upgrade",0
2017-02-06,"Stock Market Dips, Apple Extends Gains; Nvidia, Tesla Gearing Up For Breakout?",1
2017-01-31,Trump Dump Continues As Stocks Sell Off; Will Apple Sales Growth Return?,-1
2017-01-27,"Nasdaq Scores 1.9% Weekly Gain; Facebook, Apple Steady Ahead Of Earnings",1
2016-12-01,Nasdaq Slumps On Chip Weakness; Apple Lags On IPhone 7 Concerns,-1
2016-12-01,Nasdaq Loses Key Support As Techs Sell Off; Apple Extends Losing Streak,-1
2016-09-07,"Stocks Nearly Flat As Apple Fails To Excite, But Nintendo Soars",-1
2016-07-27,Analog Devices' Linear Deal Cuts Apple Exposure; Could Spur M&A Fever,1
2016-07-15,"Apple's iPhone 7, 'Less Bad' PC Sales Might Top Chips' Brexit Pain",-1
2016-05-17,Apple Chip Suppliers Touted; Intel Seen As A Laggard,-1
2016-01-19,Could Microchip-Atmel Mix Slug Apple Supplier NXP?,-1
2016-01-19,Fitbit PT Cut; Apple Supplier Skyworks Upgraded,1
2016-01-15,Microchip Undercuts Apple Supplier Dialog For Atmel,0
2015-07-22,Chip stocks down sharply following Apple/ARM/Linear's Q2 reports,-1
2015-03-30,Analog Devices Upgraded On Apple Design Win,1
2014-11-21,"NXP Semiconductors Banks On Apple, China Growth",0
2014-11-05,Skyworks Seen With Apple iPhone Boost In Fiscal Q4,1
2019-09-08,"Apple, IPOs And German Auto (Stocks To Watch Podcast)",0
2019-09-07,"Stocks To Watch: Apple, IPOs And German Auto",0
2019-07-28,"Headliners Include Apple, Beyond Meat And IBM (Stocks To Watch Podcast)",0
2019-07-27,"Stocks To Watch: Headliners Include Apple, Beyond Meat And IBM",0
2019-05-13,"Schwerin Boyle Capital Management Inc Buys Alphabet Inc, CarMax Inc, Apple Inc, Sells Coca-Cola ...",0
2018-05-15,"Glenview added Express Scripts, exited Apple in Q1",0
2018-02-26,Apple? Home Depot? MasterCard? Orbital ATK? What Should I Buy?,0
2018-02-21,Appleseed Fund Q4 2017 Quarterly Letter,0
2017-07-05,"Apple's Tim Cook earns $145M in 2016, Tops S&P 500 CEOs",0
2017-02-17,"Laffer Investments Buys Schlumberger, Medtronic PLC, Union Pacific, Sells Apple, Exxon Mobil, ...",0
2017-02-15,"Soros Goes For Facebook, Appaloosa Cuts Apple; Airlines Popular",0
2016-10-28,"Week In Review: Apple, Amazon, Alphabet Are A-Listers On Crowded Earnings Stage",0
2017-10-19,"The Zacks Analyst Blog Highlights: Berkshire Hathaway, Moody's, Visa, Apple and Wal-Mart Stores",0
2015-02-26,Apple's Dirty Little Rare Earth Secret: Follow-Up Points,0
2015-02-23,"Apple's Use Of Rare Earths: Hardly A Secret, Or A Threat",-1
2015-02-19,Apple's Dirty Little Rare Earth Secret,0
2010-10-27,'Fast Money' Recap: Apple's Speed Bump,1
2019-09-08,"Apple, IPOs And German Auto (Stocks To Watch Podcast)",0
2019-09-07,"Stocks To Watch: Apple, IPOs And German Auto",0
2019-04-28,"Eyes On Apple, Uber, F8 And Avengers (Stocks To Watch Podcast)",0
2019-04-27,"Stocks To Watch: Eyes On Apple, Uber, F8 And Avengers",0
2019-04-27,"Stocks To Watch: Eyes On Apple, Uber, F8 And Avengers",0
2018-04-28,"Stocks To Watch: Apple, FOMC And China On Tap",0
2018-10-28,Apple Looks To Recharge Tech Sector (Stocks To Watch Podcast),0
2018-10-27,Apple Looks To Recharge Tech Sector,0
2013-06-28,"Apple, Google could shake up console video game market",0
2020-01-30,Seven Dow Jones Stocks Sink 2 Points Or More; Why It's Not Time To Sell Apple Stock Yet,-1
2019-04-28,"Eyes On Apple, Uber, F8 And Avengers (Stocks To Watch Podcast)",0
2019-04-27,"Stocks To Watch: Eyes On Apple, Uber, F8 And Avengers",0
2019-04-26,"Apple, IBM, Costco among those expected to raise payouts next week",0
2017-06-14,"Stocks Fall On Rate Hike, Apple Down; Can This Group Supply New Buy Points?",-1
2017-01-27,"Expectations High For Apple, Facebook, Amazon Ahead Of Earnings",1
2016-09-29,"Apple Loses Top Pick Status; Fitbit, Intra-Cellular Downgraded",-1
2012-11-09,"Stocks Improve Near Midday; Apple, Google Lift Nasdaq",1
2020-05-15,"Profund Advisors Llc Buys Groupon Inc, Generac Holdings Inc, Baker Hughes Co, Sells Apple Inc, ...",0
2018-07-28,"Stocks To Watch: Apple, Harley And Tesla On The Marquee",0
2017-01-13,Week In Review: Trump Murders Drug Stocks; Apple Breaks Out; GM Bullish,1
2013-04-23,"Indexes End Near Highs Ahead Of Earnings from Apple, Cree",0
2013-04-23,"Stocks Pull Back Late Session; Apple, Panera Earnings On Tap",0
2020-05-12,"Farr Miller & Washington Llc Buys Mondelez International Inc, Apple Inc, Starbucks Corp, ...",0
2020-01-29,Bitcoin Jumps Near Three-month High While Apple Delivers Record Earnings,1
2019-07-31,"The Boston Beer Company, iRobot, Apple, Electronic Arts and Mondelez highlighted as Zacks Bull and Bear of the Day",0
2019-07-30,"Apple (AAPL) Beats on Surprise China Numbers; Plus EA, MDLZ",1
2019-07-28,"Headliners Include Apple, Beyond Meat And IBM (Stocks To Watch Podcast)",0
2019-07-27,"Stocks To Watch: Headliners Include Apple, Beyond Meat And IBM",0
2019-04-30,"Apple (AAPL) Beats & Raises; AMD, Mondelez Also Outperform",1
2019-03-17,Buy Apple For Great Total Return And Future 10% Growth,1
2018-10-28,Apple Looks To Recharge Tech Sector (Stocks To Watch Podcast),0
2018-10-27,Apple Looks To Recharge Tech Sector,0
2018-02-26,Apple? Home Depot? MasterCard? Orbital ATK? What Should I Buy?,0
2018-01-30,"Dr Pepper Snapple, Keurig to Merge in a $18.7 Billion Deal",0
2018-01-03,"Top Analyst Reports for Apple, Mastercard & 3M",0
2017-11-09,"Mitsubishi UFJ Securities International PLC Buys Apple Inc, General Motors Co, Time Warner Inc, ...",0
2017-10-25,"Dr Pepper Snapple (DPS) Lags Q3 Earnings, Cuts 2017 EPS View",-1
2017-07-27,"Dr Pepper Snapple (DPS) Q2 Earnings Lag, Sales Top Estimates",-1
2017-07-26,"Eidelman Virant Capital Buys Ally Financial Inc, Apple Inc, Atento S. ...",0
2017-02-27,"Buffett Doubles Apple, Seeks Deals",0
2017-02-17,Dow Threatens To End Win Streak; Apple On Track For New Closing High,1
2017-02-17,Dow Threatens To End Win Streak; Apple On Track For New Closing High,1
2017-02-17,"Week In Review: Dow Keeps Rising As Apple Hits High, Verizon Unlimited, Kraft Eyes Unilever",0
2017-01-11,"Simplex Trading, Llc Buys SPDR S&P 5……, Apple Inc, Alphabet Inc, Sells SPDR Gold Trust, ...",0
2016-08-30,Apple Owes Ireland Billions - Good,1
2016-08-30,"Stocks Drift Lower; Apple Dips As Hershey, Abercrombie Dive",-1
2016-08-30,Wall Street Breakfast: Apple Slammed In EU Tax Crackdown,-1
2016-08-21,"My Portfolio Update And Review Of 83 Stocks: Up 2 With Reynolds And Exelon, Down 1 With Apple",0
2016-07-02,"Investing Action Plan: Summer Camp For Apple, Facebook, Disney CEOs; Jobs Data",0
2016-07-01,Jay Z Sells Out To Apple,0
2016-04-29,The Week In Review: Is Apple Still A Growth Enterprise? Is America?,0
2016-03-04,"Trump's Tough Talk On Apple Rings Hollow, But Rivals Don't Tout Trade",0
2015-12-28,"Caxton Gains From Apple, Morgan Stanley, Disney, McDonald's, PepsiCo",1
2014-09-04,Will Dr Pepper Snapple's Asset Buy in PA Boost Sales? - Analyst Blog,1
2013-08-02,Dr. Pepper Snapple Group (DPS): A Cheap Stock with Dividend Growth Potential,1
2013-03-04,Dr. Pepper Buys Back Asian Snapple Rights from Mondelez,0
2016-01-08,Apple Reads Your Mind,0
2019-08-22,Allscripts debuts Apple Health Records,0
2014-08-12,"New Apple iPads, HealthKits",0
2014-08-12,"Apple makes new iPads, sees fitness band as medical",0
2012-04-23,"The Zacks Analyst Blog Highlights: Allscripts Healthcare Solutions, Apple, Cerner, Quality Systems and Athenahealth - Press Releases",0
2017-06-06,"Stocks Rebound From Open; Apple Rally Fades, RV Maker Surges",1
2012-04-12,6 Tech Stocks That Rate Better Than Apple,1
2020-02-18,Apple Warns On Coronavirus To Send Shockwaves Through Markets,0
2020-02-07,"USA Financial Portformulas Corp Buys Microsoft Corp, Apple Inc, Procter & Gamble Co, Sells ...",0
2019-12-03,"The Zacks Analyst Blog Highlights: Medtronic, Apple, Stryker and Intuitive Surgical",0
2019-11-14,"DZ BANK AG Deutsche Zentral Genossenschafts Bank, Buys Comcast Corp, Apple Inc, Broadcom Inc, ...",0
2019-11-07,"TDAM USA Inc. Buys Phillips 66, DuPont de Nemours Inc, Agilent Technologies Inc, Sells Apple ...",0
2019-11-05,"Community Bank of Raymore Buys The Kraft Heinz Co, Stryker Corp, Apple Inc, Sells Realty Income ...",0
2019-09-30,"The Zacks Analyst Blog Highlights: Apple, Comcast, Nike, Medtronic and salesforce.com",0
2019-09-08,"Apple, IPOs And German Auto (Stocks To Watch Podcast)",0
2019-09-07,"Stocks To Watch: Apple, IPOs And German Auto",0
2019-08-06,"David Carlson Exits Medtronic, Trims Apple Holding",0
2019-08-02,"Quilter Investors LTD Buys Medtronic PLC, Gap Inc, Sells Apple Inc, Altria Group Inc, S&P ...",0
2019-05-16,"Cumberland Partners Ltd Buys Apple Inc, TJX Inc, Cognizant Technology Solutions Corp, Sells CGI ...",0
2019-04-14,"Spotlight On Earnings, Pinterest And Apple-Qualcomm (Stocks To Watch Podcast)",0
2019-04-13,"Stocks To Watch: Spotlight On Earnings, Pinterest And Apple-Qualcomm",0
2018-09-16,Fitbit: Apple Watch Is No Threat,0
2018-07-31,"Cascade Investment Advisors, Inc. Buys Nutrien, JM Smucker Co, F5 Networks Inc, Sells Apple ...",0
2018-05-24,"The No. 1 Stock In The World (Revisited) - Visa And Apple Up, Kinder Morgan And Gilead Down",0
2017-01-04,Apple Should Buy Sirius XM - Cramer's Lightning Round (1/3/17),0
2016-11-19,"Black Friday, Apple, Sina, Weibo In Focus For Investing Action Plan",0
2016-08-24,"Apple, Ulta, Medtronic, Dollar Stores Lead Thursday's Action Plan",0
2016-08-23,Apple Wants You To Feel Better,1
2016-07-26,"T. Rowe Price Buys Apple, Pepsi, Western Digital",0
2016-07-15,T Rowe Price Buys Apple and — Other Companies,0
2016-01-21,"Alphabet, Apple In Tech Health Care 'Convergence'",0
2015-09-12,Apple Watch: 'Apple Inside',0
2015-04-14,An Apple Watch A Day & IBM To Keep Doctor Away?,0
2015-04-13,"IBM Pulls Apple, J&J Into Watson Health Data Alliance",0
2015-04-13,"IBM buys health tech startups, launches Watson Health, expands Apple deal",0
2015-01-13,"Apple + Medtronic = Cell MedX (CMXC, MDT, AAPL)",0
2016-08-23,Apple Wants You To Feel Better,1
2016-08-19,U.S. V. Apple - The Looming Trial Of The Century?,0
2016-07-02,"Investing Action Plan: Summer Camp For Apple, Facebook, Disney CEOs; Jobs Data",0
2016-06-02,Apple Challenging Tesla,-1
2016-05-26,Apple's Next Moves? Hints From M&A Talks,0
2016-05-13,Apple Challenges Uber For The Future Of Driving,-1
2016-04-29,The Week In Review: Is Apple Still A Growth Enterprise? Is America?,0
2016-04-18,"Stocks Steady; Disney Leads, Apple Lags On Dow",1
2019-03-24,Apple Makes Its Video-Streaming Move (Stocks To Watch Podcast),0
2019-03-23,Stocks To Watch: Apple Makes Its Video-Streaming Move,0
2019-07-30,"Bfsg, Llc Buys Vanguard Real Estate, iShares Edge MSCI Min Vol USA, Fastenal Co, Sells Apple ...",0
2017-08-04,"Thomas Story & Son Llc Buys Apple Inc, SPDR MidCap Trust Series I, Sells Verizon ...",0
2019-06-24,Apple Ban Rumor Creates Trade Opportunity In The Meet Group,1
2019-06-24,MEET -4.8% as Apple considers app ban - NYP,0
2017-03-01,Apple (AAPL) 2017 Shareholders Meet: Important Takeaways,0
2015-05-14,Google Debuts on Apple Watch with News & Weather App - Analyst Blog,0
2016-08-22,Berkshire Boosts Apple Stake And Other Moves From Top Managers,1
2016-01-08,Apple Reads Your Mind,0
2015-12-23,Apple Tax Charges 'Total Political Crap',0
2017-02-27,"Buffett Doubles Apple, Seeks Deals",0
2017-01-24,Apple Making America Great Again?,1
2016-12-30,"What Nvidia, Apple, Facebook Insiders Did Right Before Year-End",0
2016-11-14,Fresh High For Dow But Apple Weighs; 10-Year Yield Up Again,1
2016-06-10,"Carl Icahn Sells Apple, Tegna, Paypal",0
2020-04-27,"Cubic Asset Management, LLC Buys Amazon.com Inc, MetLife Inc, Lowe's Inc, Sells Apple Inc, ...",0
2020-02-06,"Beach Investment Counsel Inc Buys Facebook Inc, Apple Inc, Alphabet Inc, Sells Ameren Corp, ...",0
2019-05-02,"25 Upcoming Dividend Increases Including Apple, Exxon And One Dividend King",1
2018-01-18,"Top Research Reports for Apple, JPMorgan & AbbVie",0
2017-11-10,"The Zacks Analyst Blog Highlights: Apple, Facebook, MetLife, Zoetis and Southwest Airlines",0
2017-11-09,"Top Stock Reports for Apple, Facebook & MetLife",0
2017-04-26,"Scott & Selber, Inc. Buys Apple, Boeing Co, United Technologies, Sells Constellation ...",0
2017-02-01,"New Century Advisors, LLC Buys SunTrust Banks, Cisco Systems, Apple, Sells SPDR Bloomberg ...",0
2017-01-23,Qualcomm Downgraded After Apple Suit; Verizon Downgraded; Dish Upgraded,-1
2016-11-16,"Ray Dalio Raised Apple, Intel in 'rd Quarter",0
2016-11-16,"Ray Dalio Raises Apple, Intel in 'rd Quarter",0
2016-08-21,"My Portfolio Update And Review Of 83 Stocks: Up 2 With Reynolds And Exelon, Down 1 With Apple",0
2015-09-14,Why Apple May Be A Good And Bad Stock For Rate Hike,1
2013-10-25,"Week Ahead: FOMC Meeting, Apple and Facebook Earnings",0
2012-02-14,"Stocks to Watch: Apple, Boeing, MetLife",0
2011-06-29,'Fast Money' Recap: Apple's Freebie iPhone,1
2011-05-17,"Appaloosa's Tepper Buys Apple, Dumps Cisco",0
2019-09-08,"Apple, IPOs And German Auto (Stocks To Watch Podcast)",0
2019-09-07,"Stocks To Watch: Apple, IPOs And German Auto",0
2017-08-02,"Davis-Rea Ltd. Buys Goldman Sachs Group Inc, Apple Inc, Manulife Financial Corp",0
2016-05-17,"Recent Buys: Apple, Kinder Morgan And Manulife",0
2016-03-22,Will Apple Get Imagination?,0
2016-01-15,Multi-Fineline Electronix: In Apple's Crushing Bear Hug,1
2016-01-14,"Apple suppliers Cirrus Logic, Multi-Fineline post big gains",1
2016-01-14,Apple Supplier Qualcomm Deal 'Much Ado About Nothing',0
2012-12-05,"Dow, S&P 500 Strengthen After Obama Speaks; Nasdaq Dips on Apple",1
2018-07-28,"Stocks To Watch: Apple, Harley And Tesla On The Marquee",0
2019-04-26,"Barry Investment Advisors, LLC Buys Schwab US Aggregate Bond, Apple Inc, FedEx Corp, Sells ...",0
2018-09-11,Evidence For The Coming Apple Car?,1
2018-08-27,Prospects For An Apple Car... Sharing Service,1
2018-06-13,Deciphering Apple's Autonomous Vehicle Strategy,0
2017-12-20,"Auto Sector Grapples with Peak U.S. Sales, Safety Recalls",-1
2016-12-03,Apple: Project Titan Far From Dead,0
2016-09-16,Magna International linked to Apple car project again,0
2016-09-12,Apple: 6 Reasons For Optimism,-1
2016-04-14,Apple Car: Let's Hope Motor Trend Is Wrong,0
2015-02-20,Apple's Electric Vehicle Opportunity,1
2016-08-21,"My Portfolio Update And Review Of 83 Stocks: Up 2 With Reynolds And Exelon, Down 1 With Apple",0
2020-04-16,"Capital Financial Planning, LLC Buys Pimco Investment Grade Corporate Bond Index Exchan, Apple ...",0
2020-02-03,"Apple, Microsoft, Tesla Drive Big Gains In These Top Stock Plays This Year",1
2019-05-20,"Richard Snow Adds to Apple, Buys General Dynamics",0
2019-09-08,"Apple, IPOs And German Auto (Stocks To Watch Podcast)",0
2019-09-07,"Stocks To Watch: Apple, IPOs And German Auto",0
2019-06-02,"Apple's WWDC, DuPont's Return And Tariff Anxiety (Stocks To Watch Podcast)",0
2019-06-01,"Stocks To Watch: Apple's WWDC, DuPont's Return And Tariff Anxiety",0
2018-10-28,Apple Looks To Recharge Tech Sector (Stocks To Watch Podcast),0
2018-10-27,Apple Looks To Recharge Tech Sector,0
2016-08-15,"Ronald Muhlenkamp Sells Allegiant, Microsoft, Apple",0
2019-05-01,Apple and Nu Skin Enterprises among consumer gainers; Pitney Bowes leads the losers,-1
2017-08-09,Which Is A Better Value Play: Apple Or Microsoft?,1
2015-03-17,AT&T To Be Replaced By Apple On Dow Jones From 19th March,0
2015-03-13,"Dow 30 Stock Roundup: Apple to Replace AT&T, Intel Cuts Guidance - Analyst Blog",-1
2015-03-10,Apple Joins The DJIA: So Let's Analyze What Its Impact Will Be On Funds,0
2016-07-07,"First Eagle Investment Is Acquiring Apple, Amazon",0
2017-06-14,"Stocks Fall On Rate Hike, Apple Down; Can This Group Supply New Buy Points?",-1
2013-12-18,"Stocks Open Mixed As Techs Lag; Jabil Circuits, Apple Add Drag",-1
2012-12-05,Stocks Stage Rebound From Slide; Apple Stays Sour,1
2012-11-05,Stocks Turn Narrowly Mixed; Apple Lifts Nasdaq,-1
2019-11-04,Swapping Apple For Apple - October Dividend Portfolio Update,0
2019-04-26,"Zacks Value Trader Highlights: Apple, Crane, H&E Equipment Services, Macquarie Infrastructure and Norwegian Cruise Line",0
2019-01-08,John And Jane's Taxable Account Dividend Increases And Income Tracker - The Apple Effect,0
2018-03-13,Road To Financial Independence: My February 88-Stock Portfolio Review With Big Apple Purchase,0
2017-02-06,"Insiders Week: Microsoft, Apple, Trinet Group",0
2017-01-24,"First National Bank Of Omaha Buys Zoetis Inc, CME Group Inc, Dr Pepper Snapple Group Inc, Sells ...",0
2016-05-12,"Stocks End Mixed As Apple Weighs On Dow; Airlines, Biotechs Lag",0
2015-02-26,Apple Set To Dominate Again In 2015: A Fundamental And Algorithmic Analysis,0
2020-01-05,"Bulls And Bears Of The Week: Apple, Disney, Starbucks, Tiffany And More",0
2018-01-19,"Ingalls & Snyder Llc Buys Berkshire Hathaway Inc, Apple Inc, Abbott Laboratories, Sells ...",0
2015-03-19,"Stocks Mixed; Apple Joins Dow, Cerner Gets Upgrade",0
2020-02-06,"Stratford Consulting, LLC Buys Apple Inc, PIMCO Enhanced Short Maturity Active Exchange-Trad, ...",0
2018-06-02,"Stocks To Watch: Eyes On Apple's WWDC, SCOTUS And D.C.",0
2016-05-16,"Warren Buffett Buys Apple, One Of Two Things Buffett Is Doing That He Doesn't Do",0
2017-02-02,"Stocks Turn Up As Chips Crash; Will Amazon Follow Apple, Facebook's Lead?",0
2016-03-15,"Stocks Wade Lower; Oil Adds Drag; Apple, Mead Power Up",-1
2019-11-12,"Royal London Asset Management Ltd Buys Apple Inc, Amazon. ...",0
2019-03-24,Apple Makes Its Video-Streaming Move (Stocks To Watch Podcast),0
2019-03-23,Stocks To Watch: Apple Makes Its Video-Streaming Move,0
2017-08-29,"Dr Pepper Snapple Strong on RCI Program, CSD Volumes Weak",1
2017-03-28,"Dow Upends Losing Streak: Amazon, Apple Do Heavy Lifting",-1
2015-12-01,"Weekly 52-Week Highs Highlight: Dr Pepper Snapple, Check Point Software, McCormick & ...",0
2015-10-01,"Stocks Give Up Early Gains As Apple, Illumina, Sucampo Slide",1
2011-06-30,"6 Stocks to Watch: Apple, Darden",0
2018-08-02,Warren Buffett's Apple Eclipses $– Trillion Market Cap,0
2019-09-11,"Semis gain after Apple event, trade optimism",1
2017-09-18,"Stocks Up, Small Caps Lead, Apple Dips; This Semiconductor Play Just Broke Out",0
2017-06-12,"Stocks Lower As Netflix, Apple Flash A Troubling Signal",-1
2016-05-31,Apple's Rumored iPhone 8 OLED Swap Could Buoy This Company,1
2016-05-27,Apple's OLED iPhone Decision Could Lift These Companies,1
2015-06-09,Apple: WWDC15 And The Evolution Into The First Trillion Dollar Market Cap Company,1
2019-09-15,"Houthis Cut Saudi Oil Supply, Who Wins? Hint: Not E&P Oil Names. Fintech Firesale, And Goldman Spoils Apple",0
2019-09-18,"Dow Jones Futures: Stock Market Rally Steady, Apple In Buy Range After Fed Rate Cut; Microsoft Sets Big Buyback",1
2019-05-16,"Harvey Partners, LLC Buys Martin Marietta Materials Inc, Apple Inc, Analog Devices Inc, Sells ...",0
2017-05-02,Dow Higher On Intel Gain; Apple Q2 Earnings After The Close,1
2017-05-01,"Apple, Opticals, Drug Giants Headline Tuesday's Investing Action Plan",0
2017-02-28,Buffett Sees Apple Differently - Cramer's Mad Money (2/27/17),0
2017-02-27,"Stocks Edge Lower, But Apple, Nvidia Up; Tesla Drops 4% On Goldman Downgrade",1
2017-02-14,Dow Turns Positive As Yellen Speaks; Caterpillar Lags But Apple Keeps Rising,1
2016-11-28,Stocks Drift Lower As Crude Oil Jumps; Apple Shows Resilience In Dow,1
2015-08-04,"Stocks Bleed More Red; Apple Weak Again, Suppliers Hit Too",-1
2012-05-17,Apple's 'Misunderstood': David Einhorn,0
2012-05-17,"Apple's ""Misunderstood"": David Einhorn",0
2019-03-17,"Podcast: Apple-Spotify, Facebook Issues, Nvidia-Mellanox, Tesla Model Y",0
2019-03-11,"Apple, Facebook Lead FAANG Rally; Boeing Lags In Dow Jones",-1
2018-08-14,"The Zacks Analyst Blog Highlights: Microsoft, Apple, Mellanox, Vishay and Cypress",0
2016-07-15,"Apple's iPhone 7, 'Less Bad' PC Sales Might Top Chips' Brexit Pain",-1
2016-03-21,"Apple Supplier Broadcom, Tech Giant Cisco Pitted In Data Center War",0
2016-03-14,Chip ETFs Get Their Mojo On: Inside 4 As Apple To Reveal New iDevices,0
2016-03-11,"5 Chip Stocks To Watch, Moving Up, With Apple's Big Event March 21",0
2016-01-14,"Apple, Facebook Data Center Capital Spending Eyed",0
2013-01-24,"Apple, Mellanox, Netflix, Microsoft: Tech Premarket",0
2013-01-24,"Apple, Mellanox, Netflix, Microsoft: Tech Premarket",0
2013-01-03,"Mellanox, Allot, Facebook, Apple: Tech Premarket",0
2013-01-03,"Mellanox, Allot, Facebook, Apple: Tech Premarket",0
2013-01-03,"Stocks to Watch: Apple, AMD, Mellanox",0
2013-01-03,"Stocks to Watch: Apple, AMD, Mellanox",0
2012-11-08,Apple Breakdown Strips Tech Stocks From Leadership,1
2012-10-12,"Google, DaVita Balance Leaders Against Apple's Dive",0
2012-10-11,"Stock Futures Rising; Google, Apple, Ebay Lead Techs",1
2012-09-24,"Chips, Apple Weigh On Nasdaq; Rentech Gains",0
2012-09-10,"Mellanox, HP, Apple: Tech Premarket",0
2012-09-10,"Mellanox, HP, Apple: Tech Premarket",0
2012-08-28,"Kors, Apple Among High Tech, High Fashion Highfliers",0
2012-07-30,"Mellanox, Facebook, Apple: Tech Premarket",0
2012-07-30,"Mellanox, Facebook, Apple: Tech Premarket",0
2012-07-05,Comparing Price Performance: Apple vs. Priceline.com,0
2012-06-18,"Stocks Show Mixed Action, But Align, Apple Rally",1
2020-05-12,MAUI LAND & PINEAPPLE ANNOUNCES COMPLETION OF REPAIR TO THE WEST MAUI DITCH,0
2020-05-01,MAUI LAND & PINEAPPLE APPOINTS MICHAEL S. HOTTA AS CFO,0
2020-04-23,Maui Land & Pineapple Reports –st Quarter —…—… Results,0
2020-03-03,Maui Land & Pineapple Reports —…–9 Results,0
2019-12-04,MAUI LAND & PINEAPPLE ANNOUNCES REPAIR TO THE WEST MAUI DITCH,0
2019-11-07,Maui Land & Pineapple reports Q3 results,0
2019-11-07,Maui Land & Pineapple Reports 'rd Quarter —…–9 Results,0
2019-08-08,Maui Land & Pineapple Reports —nd Quarter —…–9 Results,0
2019-08-08,Maui Land & Pineapple reports Q2 results,0
2019-04-24,Maui Land & Pineapple Reports –st Quarter —…–9 Results,0
2019-04-24,Maui Land & Pineapple reports Q1 results,0
2019-02-20,Maui Land & Pineapple Reports —…–8 Net Income of $….6 Million,0
2019-02-20,Maui Land & Pineapple reports Q4 results,0
2018-11-11,Maui Land & Pineapple (MLP) Investment Thesis – Papyrus Capital,0
2018-11-02,Maui Land & Pineapple reports Q3 results,0
2018-11-02,Maui Land & Pineapple Reports 'rd Quarter —…–8 Results,0
2018-09-11,Maui Land & Pineapple Company: A Piece Of Maui Selling At A 45% Discount,0
2018-08-08,Maui Land & Pineapple reports Q2 results,0
2018-04-26,Maui Land & Pineapple reports Q1 results,0
2018-04-26,Maui Land & Pineapple Reports –st Quarter —…–8 Results,0
2017-11-01,Maui Land & Pineapple Reports 'rd Quarter —…–7 Results,0
2017-04-28,Maui Land & Pineapple Reports –st Quarter —…–7 Results,0
2017-02-23,Maui Land & Pineapple reports FY results,0
2016-11-16,Maui Land & Pineapple: Compelling Upside With A Large Margin Of Safety,1
2016-11-03,Maui Land & Pineapple reports Q3 results,0
2016-08-10,Maui Land & Pineapple reports Q2 results,0
2016-04-26,Maui Land & Pineapple reports Q1 results,0
2015-08-06,Maui Land & Pineapple reports Q2 results,0
2012-10-25,Maui Land and Pineapple Company Inc Reports Operating Results (10-Q),0
2012-08-03,Maui Land and Pineapple Company Inc Reports Operating Results (10-Q),0
2012-05-04,Maui Land and Pineapple Company Inc Reports Operating Results (10-Q),0
2011-11-03,Maui Land and Pineapple Company Inc Reports Operating Results (10-Q),0
2010-06-29,Stock Offerings: Maui Land & Pineapple,0
2020-04-09,"XR Securities LLC Buys SPDR S&P 5……, United States Oil Fund, Alerian MLP, Sells Apple ...",0
2020-04-15,"Diversified Investment Strategies, LLC Buys Miller Industries, Schwab US Aggregate Bond, Apple ...",0
2012-12-18,"Facebook, Apple Mobile Ads Growing, But Google Leads",1
2018-10-29,"Bell Asset Management Ltd Buys The Hershey Co, Avery Dennison Corp, Raytheon Co, Sells Apple ...",0
2016-09-20,Why Apple Also Counts As A Budding Income Stock Play,0
2012-04-13,"The Zacks Analyst Blog Highlights: Google, Motorola Mobility, Apple, Cisco Systems and NetApp - Press Releases",0
2012-03-16,"The Zacks Analyst Blog Highlights: Apple, QUALCOMM, Motorola Mobility Holdings, Microsoft and Dick's Sporting Goods - Press Releases",0
2012-03-15,The Dutch Side with Apple - Analyst Blog,0
2012-03-06,Apple: Wraps Come Off Wed.,0
2012-03-06,Judge Sides With Apple In Legal Case Against Motorola,0
2012-03-06,"The Zacks Analyst Blog Highlights: Apple, Motorola Mobility Holdings, BP Plc, Transocean and Halliburton - Press Releases",0
2012-03-05,Apple iPhone 4S Crushing Smartphone Competition,1
2012-03-05,Apple vs Samsung: War Continues - Analyst Blog,0
2012-03-03,"IBD 50's Top 5 Stocks Led By Lululemon, Apple, Ulta",0
2012-02-28,German Court Rules in Favor of Apple - Analyst Blog,0
2012-02-27,Apple scores in German court,0
2012-02-24,German suit bans Apple alerts,-1
2012-02-24,How High Can Apple Go,0
2012-02-21,"Abusive Relationships: Apple is No Sweetheart to AT&T, Verizon and Sprint",0
2012-02-13,Stocks Up In Late Afternoon; Apple Tops 500,1
2012-02-13,Stocks Up In Early Afternoon; Apple Briefly Tops 500,1
2012-02-13,"Stocks to Watch: Apple, GE (Update 1)",0
2012-02-10,Apple wins in German court,1
2012-02-03,Apple wins in German court,1
2012-02-01,"The Zacks Analyst Blog Highlights: Apple, Nokia, Motorola Mobility Holdings, AT&T and United States Steel Corporation - Press Releases",0
2012-01-26,"Amazon Fire, Android Tablets Gain Share On Apple IPad",1
2012-01-26,"Amazon Fire, Android Tablets Gain Share On Apple IPad",1
2012-01-25,Stellar 1Q for Apple - Analyst Blog,1
2012-01-16,Apple Receives Unfavorable Ruling - Analyst Blog,-1
2012-01-13,"Apple Discloses Audit Results, Pledges Transparency",0
2011-12-22,Apple losing share in Europe,-1
2011-12-20,"Apple, Android Smartphone Patent Wars Just Heating Up",-1
2011-12-05,"In Patent Wars, Apple Tries to Make Nice",1
2011-11-30,Samsung Wins Latest Round Against Apple In Court,0
2011-11-21,"Amazon (AMZN) Kindle Fire Leaps To No. 2 Behind Apple (AAPL) IPad, Consumer Survey Shows",0
2011-11-14,"Amazon Kindle Fire Apps, Like Apple iPad Apps, Hot",0
2011-11-07,Apple suffers patent setback,-1
2011-09-09,All but Apple Brace for Phone Slump,-1
2011-08-30,"Apple, Google Hunt Growth on the Cheap",1
2011-08-26,Apple and LTE: What to Expect,0
2011-08-18,Apple Exec Departs; Kodak Thinks Patent Sale,0
2011-08-15,Google's Strategy: Look Like Apple,0
2011-07-29,"Apple, Samsung Eclipse Nokia",0
2011-07-19,"Apple, Android: Navigating the Patent Wars",1
2011-07-18,Apple Tastes Victory against HTC - Analyst Blog,1
2011-07-12,Apple Drags HTC to Court - Analyst Blog,0
2011-07-06,Predicting What's Next for Apple's iPad,0
2011-06-24,Apple Empire in Danger? - Tactical Trading,-1
2011-05-13,Apple Loses Patent Lawsuit - Analyst Blog,-1
2011-04-30,Apple iPhone Tracking: Tech Weekly,0
2011-04-29,"Motorola, RIM, Apple: Delays Pile Up",-1
2011-03-30,Nokia Sues Apple Again - Analyst Blog,0
2011-03-28,Apple's Mixed Fortunes at ITC - Analyst Blog,-1
2011-03-25,Apple Targets #1 in Tech Industry - Analyst Blog,0
2011-03-16,Apple Delays iPad2 Launch in Japan - Analyst Blog,-1
2011-03-16,Tablet Space: Apple and Its Rivals,0
2011-03-11,Apple iPad 2: Clock Ticking to 1 Million,0
2011-03-09,Apple iPad 2 Inflates Tablet Bubble,0
2011-03-01,iPad 2 Critical for Apple: Analyst,0
2011-03-01,5 Reasons Apple Won't Cut iPad2 Price,0
2011-02-28,Apple Set for iPad 2 Boost: Goldman,1
2011-02-24,Apple's New Mac: Morning Tech Bytes,0
2011-02-24,Apple Delays 4G LTE iPhone to 2012,-1
2011-02-22,Apple Set for iPad 2 Intro Next Week,0
2011-02-17,Apple Stands Above New Tablets: Analyst,0
2011-02-14,Apple Shrinks Android Attack: Tech Edge,1
2011-01-10,"Apple, Sprint: Tech Winners & Losers",-1
2020-02-12,"Delta Investment Management, LLC Buys Global Water Resources Inc, Apple Inc, Equinix Inc, Sells ...",0
2019-05-02,"25 Upcoming Dividend Increases Including Apple, Exxon And One Dividend King",1
2018-08-14,"Raub Brock Capital Management LP Buys Zoetis Inc, Sells Magellan Midstream Partners LP, Apple ...",0
2017-02-01,Apple Shows It Is Still About Earnings - Cramer's Mad Money (1/31/17),0
2017-01-20,"Liberty Capital Management, Inc. Buys Apple Inc, Alphabet Inc, Celgene Corp, Sells Ford Motor ...",0
2015-05-13,"MAXIMUS, NVIDIA, PepsiCo, Coca-Cola and Dr Pepper Snapple Group Holdings highlighted as Zacks Bull and Bear of the Day - Press Releases",0
2015-03-09,"Stocks Open To Quiet Gains; Apple, General Motors In Focus",0
2016-12-30,"What Nvidia, Apple, Facebook Insiders Did Right Before Year-End",0
2019-09-08,"Apple, IPOs And German Auto (Stocks To Watch Podcast)",0
2019-09-07,"Stocks To Watch: Apple, IPOs And German Auto",0
2018-04-28,"Stocks To Watch: Apple, FOMC And China On Tap",0
2017-06-05,Stocks Down As Apple Dips; IBD 50 Plays Generally Up,-1
2016-03-15,"Stocks Quiet Ahead Of Fed, But Apple Gaps Up",1
2016-03-15,"Stocks Mixed Again; Drug Issues Hammered, But Apple Gaps Up",1
2015-11-25,"Palo Alto Networks, Apple Chip Supplier ADI Upgraded",0
2019-06-02,"Apple's WWDC, DuPont's Return And Tariff Anxiety (Stocks To Watch Podcast)",0
2019-06-01,"Stocks To Watch: Apple's WWDC, DuPont's Return And Tariff Anxiety",0
2016-03-22,Will Apple Get Imagination?,0
2011-04-27,'Mad Money Lightning Round': Stick With Apple,0
2016-11-04,"Stocks Down, But Small Caps Up; Can Apple Break Out Again?",0
2016-11-02,"Starbucks, Apple Suppliers, Activision: Investing Action Plan For Thursday",0
2016-08-05,Restaurant Stocks Power Higher On Earnings; Apple Boosts Nasdaq,1
2016-08-05,Why Does Dr Pepper Snapple Keep Going Up?,0
2016-07-27,"Coca-Cola Sales, Guidance Fizzle, But Dr Pepper Snapple Outlook Pops",-1
2016-07-18,"Apple, Tesla Lead Nasdaq To Big Gains, But Netflix Sinks After Hours",1
2016-07-18,Nasdaq Leads Stocks As Apple Hits 100; Monster Beverage Fizzles,0
2016-02-17,Dr Pepper Snapple's High Valuation Is Not Supported By Strong Sales Growth,-1
2015-10-22,Dr Pepper Snapple Tops Views As Non-'Carb' Drinks Fly,0
2015-07-07,Apple: A Top Fidelity Manager Sticks By The Stock,0
2015-05-07,Stocks Hang On To Solid Gains; Apple Suppliers Ramp Higher,1
2015-04-27,"Apple, LinkedIn Lead Big Cap Stocks Near Buy Zone",1
2015-03-30,"The Zacks Analyst Blog Highlights: PepsiCo, Coca-Cola, Dr Pepper Snapple Group and Monster Beverage - Press Releases",0
2015-03-03,"Top Funds Buying Rackspace, Allergan, Biogen Idec, Apple",0
2015-02-09,Can Dr Pepper Snapple (DPS) Continue the Earnings Streak? - Analyst Blog,0
2014-10-23,"Dr Pepper Snapple Fizzes On Mineral Water, Clamato",0
2014-10-23,"Dr Pepper Snapple Beats Earnings, Revenues, Ups FY View - Analyst Blog",1
2014-09-22,"Stocks Trade Lower On Housing Data, China; Apple Rises",-1
2014-08-19,Dr Pepper Snapple Has Been Sweet To Investors In '14,0
2014-04-29,Dr Pepper Snapple Group Hits 52-Week High - Analyst Blog,0
2014-04-23,"Dr Pepper Snapple Beats on Q1 Earnings, Revs - Analyst Blog",1
2014-02-27,Dr Pepper Snapple Reaches 52-Week High - Analyst Blog,0
2014-02-10,Dr Pepper Snapple Ups Div by 7.9% - Analyst Blog,0
2013-07-22,Will Dr Pepper Snapple (DPS) Beat Earnings Estimates This Quarter? - Analyst Blog,1
2013-02-14,"Wedgewood Partners' David Rolfe Buys Apple Inc., Priceline.com Inc., Monster Beverage Corp",0
2012-07-18,"Apple, Alexion Lead IBD 50's Top 5 Big Cap Leaders",1
2012-05-22,"Apple, Other Top 5 Big Caps Less Big But Still Strong",1
2012-05-04,"Apple, Other Top Stocks Join In Market Sell-Off",0
2020-05-14,"Financial Partners Group, Inc Buys Microsoft Corp, Apple Inc, Amazon. ...",0
2020-01-28,"Cornerstone Wealth Group, LLC Buys Apple Inc, VanEck Vectors ETF Trust - VanEck Vectors ...",0
2016-06-09,"Eye On Tech: Apple And Google Bet On App Subscriptions, And Qualcomm Targets Connected Cars",0
2016-03-31,Billions Of Apple iPhones May Be Vulnerable To Attack: Check Point,-1
2015-06-16,MobileIron +7.9%; company working with Apple on iOS enterprise deployments,0
2014-08-25,IPO Stock Watch: MobileIron Up On Apple Speculation,0
2018-10-12,"Centene: This Fortune 500 Insurer Beats Apple, Amazon In Key Metric",1
2017-02-17,"Week In Review: Dow Keeps Rising As Apple Hits High, Verizon Unlimited, Kraft Eyes Unilever",0
2017-01-12,Wall Street Breakfast: Apple Sets Its Sights On Hollywood,0
2016-10-25,Wall Street Breakfast: Apple Earnings Take Center Stage,0
2016-08-02,Apple-Backed Didi's Uber Deal,0
2016-05-04,Under Armour Downgraded; Apple Supplier A Buy; Halliburton PT Hiked,1
2019-12-13,"Stocks Mixed As Trump Reveals Trade Deal Details; Apple, Visa, Amex Shine On Dow",-1
2019-12-10,"Stock Market Claws Back From Early 105-Point Dow Loss; Apple, Nike Continue Bullish Moves",1
2019-12-03,"Stock Market Slammed By Trump Trade Moves; Apple, Intel, Other Dow Stocks Tumble",-1
2018-09-13,Chip Stocks Lift Nasdaq To 0.7% Gain; Apple Rebounds; Momo Nears Breakout,1
2018-09-13,"Chips, Internets Boost Nasdaq As Apple Continues Rise To $1.25 Trillion Market Cap",1
2018-08-16,"Crawford Lake Capital Management, LLC Buys Alibaba Group Holding, Apple Inc, Alphabet Inc, ...",0
2018-05-29,Futures Slump On Italy Political Turmoil; Universal Display Spikes On Apple Report,-1
2018-03-13,Road To Financial Independence: My February 88-Stock Portfolio Review With Big Apple Purchase,0
2017-12-15,"My Journey To Financial Independence: 86-Stock November Portfolio Update - Buying Apple, AbbVie And BMW",0
2017-08-11,"Stocks Mildly Rebound; Nvidia Pressured, Apple Reclaims Buy Point",-1
2017-08-03,"Apple Off But Fine, Nasdaq Down; Will 4 Top Stocks Hit Buy Points?",1
2017-08-02,"Stocks Wipe Away Gains, But Apple Helps Dow Stay Afloat",1
2017-06-08,"Stocks Mixed; Can Apple Break Out Again, And Will Snap Hit New Lows?",-1
2017-06-05,Stocks Down As Apple Dips; IBD 50 Plays Generally Up,-1
2017-06-02,"Stocks Turn Mixed As Oil Falls, Payrolls Disappoint; Apple Supplier Surges",-1
2017-05-23,Stocks: Slim Gains Turn Mixed; Nokia Surges On Apple Deal,-1
2017-05-12,"Dow Stays Down, But Apple Rises; This Recent Issue Soars On A New Breakout",0
2017-05-03,Apple Q2 Earnings Send Stocks Lower; Fed Rate Decision Looms,-1
2017-03-09,Stocks Turn Negative; Apple Erases Most Of Day's Loss,-1
2017-02-13,Apple Rises On AR iPhone Hopes; Weibo And Momo Are Buys; Nucor Upgraded,1
2016-11-07,"Stocks Roar Ahead; Dow Regains Key Support As Microsoft, Apple Rally",1
2016-10-04,"Stocks Retreat After Giving Up Early Gains; Apple, Banks Lead Dow",1
2016-10-04,"Stocks Mixed: Apple Climbs, Gold Dives, Netflix Chills",0
2016-09-02,Tame Jobs Report Lifts Stocks; Apple Leads Dow; Small Caps Outperform,1
2016-08-19,U.S. V. Apple - The Looming Trial Of The Century?,0
2015-05-19,Momo Inc (MOMO) Soars on Profitability Momentum; Apple Inc (AAPL) Feeling Icahn's Touch,1
2018-05-15,"Berkshire doubles stake in Teva; adds to Apple, Monsanto in Q1",0
2018-05-15,"Glenview added Express Scripts, exited Apple in Q1",0
2018-02-16,"Warren Buffett's Berkshire Buys Teva, Apple and Slashes IBM",0
2017-02-15,"David Einhorn Buys Buffett's Monsanto, Retail, Apple in Q4",0
2017-02-15,"Soros Goes For Facebook, Appaloosa Cuts Apple; Airlines Popular",0
2017-02-15,"Warren Buffett Reveals New Picks - Apple, Airlines, And Arb",0
2017-02-14,"Buffett's Berkshire Piles On Shares Of Apple, Airlines, Cuts Wal-Mart",0
2017-02-14,"Warren Buffett Buys Apple, Delta Air Lines, Southwest Airlines Co, Sells Deere, Wal-Mart ...",0
2017-01-06,"Puplava Financial Services, Inc. Buys Time Warner Inc, NXP Semiconductors NV, Apple Inc, Sells ...",0
2016-10-25,Wall Street Breakfast: Apple Earnings Take Center Stage,0
2016-09-21,Presenting Apple's First Car,0
2016-09-16,Week In Review: Apple iPhone Demand Lifts Markets; GM Takes On Tesla,1
2016-08-23,Apple Wants You To Feel Better,1
2016-08-22,Berkshire Boosts Apple Stake And Other Moves From Top Managers,1
2016-05-27,Week In Review: Apple-Led Stocks Rise Above Fed; Autos Hitch Ride; Oil Hits $50,1
2016-05-26,Apple's Next Moves? Hints From M&A Talks,0
2016-05-23,Stocks Edge Up; Apple Atop Dow On iPhone Report As Suppliers Soar Too,1
2016-05-23,Stocks Up Slightly; Apple Suppliers Lead The Way; Ebix Rises,1
2016-05-23,Stock Futures Edge Lower; Apple Reportedly Sets Strong IPhone Output,1
2016-05-13,Apple Challenges Uber For The Future Of Driving,-1
2016-05-12,"Stocks Pare Losses In Afternoon; Apple Cedes Crown As Kohl's, Gap Fall",-1
2016-05-12,Stocks Retreat As Apple Tumbles To 2-Year Low,-1
2016-01-05,"Stocks End Mixed; Apple Drops, Macom Hits Sell Signal",-1
2016-01-05,"Stocks End Mixed; Apple Drops, Macom Hits Sell Signal",-1
2015-05-26,History Tells Us That This Apple Doesn't Fall Far From The Tree,0
2011-06-21,"Apple Stock to Rise 52%, Morningstar Forecasts",1
2017-06-26,"Which 2 Top ETFs Holding Amazon, Apple, Celgene Are In Buy Range?",0
2017-06-26,"Which 2 Top ETFs Holding Amazon, Apple, Celgene Are In Buy Range?",0
2020-05-13,"Mayo Investment Advisers Llc Buys The Mosaic Co, Sells Apple Inc, United Airlines Holdings Inc, ...",0
2019-05-14,Appleseed Fund 2019 Semi-Annual Letter,0
2019-03-24,Apple Makes Its Video-Streaming Move (Stocks To Watch Podcast),0
2019-03-23,Stocks To Watch: Apple Makes Its Video-Streaming Move,0
2018-11-05,"Dow Up, But Tech Stocks Struggle; Apple Sells Off On Rare Downgrade",-1
2018-05-23,Appleseed Fund Q1 2018 Quarterly Commentary,0
2018-02-21,Appleseed Fund Q4 2017 Quarterly Letter,0
2017-03-06,"Jeff Auxier Invests in Gilead, Wells Fargo, Apple",0
2016-12-19,"Stocks, Apple Off Highs As Russia's Turkish Ambassador Slain",-1
2019-03-24,Apple Makes Its Video-Streaming Move (Stocks To Watch Podcast),0
2019-03-23,Stocks To Watch: Apple Makes Its Video-Streaming Move,0
2017-03-20,"Stocks Edge Higher As Nasdaq Hits Record; Disney, Apple Boost Dow",1
2015-09-15,Apple Watch satisfaction badly lags first iPhone,-1
2015-07-09,Apple Watch Is Not The End Of Movado,0
2015-04-18,Movado Group - An Opportunity To Acquire At Depressed Levels Thanks To Apple,1
2015-04-13,Apple silent after first weekend of Apple Watch pre-orders,-1
2015-04-13,Apple Watch concerns hit Fossil and Movado,-1
2015-03-10,5 reasons why the Apple Watch will bomb,-1
2015-03-10,'Apple Made' a threat to 'Swiss Made' says Swatch co-founder,0
2015-02-24,Apple Watch to impact certain segments of watch industry,-1
2014-11-17,Apple Watch could do three times Fossil sales in first year,0
2014-10-24,"Apple, destroyer of industries, targets watches, fitness bands",0
2014-09-10,How Would The Apple Watch Fare At Fashion Week?,0
2014-09-10,Apple's SmartWatch Launch Spells Doom for Watchmakers - Analyst Blog,0
2014-06-23,Apple's Upcoming iWatch to Hurt Watchmakers - Analyst Blog,0
2014-06-19,iWatch Release News Puts Apple Stock in Focus - Real Time Insight,0
2019-04-12,"Bach Investment Advisors Ltd Buys iShares Russell —………, Apple Inc, Bristol-Myers Squibb ...",0
2019-03-08,"Mitsubishi UFJ Securities International PLC Buys Alphabet Inc, Facebook Inc, Apple Inc, Sells ...",0
2017-02-17,"Week In Review: Dow Keeps Rising As Apple Hits High, Verizon Unlimited, Kraft Eyes Unilever",0
2016-10-26,Stocks Pare Losses; Apple Weighs On Nasdaq As Medical Sector Tumbles,-1
2014-01-23,Will Apple (AAPL) Miss Earnings Estimates? - Analyst Blog,-1
2019-11-04,Swapping Apple For Apple - October Dividend Portfolio Update,0
2019-05-02,"25 Upcoming Dividend Increases Including Apple, Exxon And One Dividend King",1
2019-07-28,"Headliners Include Apple, Beyond Meat And IBM (Stocks To Watch Podcast)",0
2019-07-27,"Stocks To Watch: Headliners Include Apple, Beyond Meat And IBM",0
2017-02-16,"Glg Llc Buys Midstates Petroleum Co, Apple, Johnson & Johnson, Sells Teva Pharmaceutical ...",0
2020-04-29,"The Zacks Analyst Blog Highlights: Apple, Amazon, Medical Properties Trust, Amcor and Global Medical REIT",0
2019-10-30,What to Expect From Apple Hospitality's (APLE) Q3 Earnings?,0
2019-05-13,"Ws Management Lllp Buys Heron Therapeutics Inc, Knight-Swift Transportation Holdings Inc, Apple ...",0
2016-09-08,"Stocks Stay In Red As Sharp Apple Drop Weighs On Dow, Nasdaq",-1
2017-01-27,"Nasdaq Scores 1.9% Weekly Gain; Facebook, Apple Steady Ahead Of Earnings",1
2016-10-26,AT&T Deal Could Boost This Top Apple Supplier,1
2016-09-12,"Stocks March Higher On Fed's Brainard; Apple, Wal-Mart Lead Dow",1
2016-07-20,Apple Supplier Qualcomm Rockets On Consensus-Topping Fiscal Q3,1
2016-07-18,"Apple Suppliers Intel, Broadcom, Qualcomm ARM Up With 'Hoard Of Cash'",0
2016-05-02,"After Hours: Sturm Ruger, Texas Roadhouse, Apple Supplier IDT",0
2016-04-08,Is Apple Supplier NXP Semi Looking To Home In On Auto Market?,0
2016-03-14,Chip ETFs Get Their Mojo On: Inside 4 As Apple To Reveal New iDevices,0
2015-11-27,IPhone Demand Fears Might Bruise Apple Supplier Avago,-1
2015-10-20,Apple Chip Supplier Avago Ousts COO Position,0
2015-01-27,"NXP Semiconductors Rides Apple, Samsung To New Highs",1
2014-12-03,"GoPro, Apple Drive Leading Chip Stocks To New Highs",1
2019-01-24,"Are Any Computer Stocks Worth Holding Now, Including Apple?",0
2017-12-18,Nasdaq Hits A Record; Apple And This Leading Defense Stock Break Out,1
2017-06-06,"Stocks Rebound From Open; Apple Rally Fades, RV Maker Surges",1
2017-03-09,Stocks Turn Negative; Apple Erases Most Of Day's Loss,-1
2017-01-24,"Stocks Up Again, Growth Stocks Shine; Apple Shrugs Off Downgrade",1
2016-08-02,Apple-Backed Didi's Uber Deal,0
2016-05-16,"Warren Buffett Buys Apple, One Of Two Things Buffett Is Doing That He Doesn't Do",0
2016-06-06,3-Way Apple V. Google V. Amazon Voice Assistant Battle Will Drive M&A,0
2016-03-22,Will Apple Get Imagination?,0
2016-03-21,Mergers Lift Stocks; Apple Launch Fails To Excite,-1
2016-03-21,"Stocks Rise As Nike Sprints, But Apple Falls Flat",0
2018-07-10,"Hexavest Inc. Buys Canadian Natural Resources, ConocoPhillips, Apple Inc, Sells iShares MSCI ...",0
2018-05-08,"Dow Jones Futures Today: 3 Key Stock Market Lessons, From Apple To Trump",1
2018-05-03,Market Slide Worsens As S&P 500 Undercuts 200-Day; Apple Approaches This New Buy Point,-1
2019-09-08,"Apple, IPOs And German Auto (Stocks To Watch Podcast)",0
2019-09-07,"Stocks To Watch: Apple, IPOs And German Auto",0
2020-05-13,"Thames Capital Management Llc Buys Apple Inc, Amazon. ...",0
2019-09-11,"Semis gain after Apple event, trade optimism",1
2018-06-08,"Tech sector under pressure from Apple suppliers, semi equipment stocks",-1
2018-04-02,"Chips, Apple suppliers drop on Intel news",-1
2018-02-20,"Apple iPhone Plays Applied Materials, Skyworks Among These 4 Chip Stocks In Bases: S&P 500, Dow, Nasdaq Futures",0
2017-07-19,Apple Appoints Isabel Ge Mahe as MD of China Operations,0
2017-07-13,Will Apple iPhone 8 Launch be Delayed Due to Tech Issues?,-1
2017-07-10,"Glaxis Capital Management, LLC Buys Apple Inc, Broadcom, Microsoft Corp, Sells SPDR S&P ...",0
2017-07-07,Apple (AAPL) Faces Risk of iPhone Import Ban from QUALCOMM,-1
2017-07-06,Apple's (AAPL) iPhone to Unlock with Facial Recognition?,1
2017-07-03,Apple Announces Opening of First Retail Store in Taiwan,0
2017-03-13,Stocks Mixed; Can These 3 IBD 50 Names Keep Up With Apple?,0
2017-02-01,"Apple, Jobs Data Bump Stocks Higher At The Open",1
2017-01-15,"Apple, Google, Netflix Are In Buy Range; Amazon, Facebook Near Breakouts",0
2016-09-07,Wall Street Breakfast: Apple Event On Deck,0
2016-08-30,Broadcom Seen Delivering $50 Million Q3 Win On Apple iPhone 7 Gains,1
2016-08-29,Broadcom Could Seek 'Merger Of Equals' With Apple Supplier Qualcomm,0
2016-07-18,"Apple Suppliers Intel, Broadcom, Qualcomm ARM Up With 'Hoard Of Cash'",0
2016-04-26,"Apple Suppliers Broadcom, Qualcomm Could Battle For Xilinx: Analyst",0
2016-03-21,"Apple Supplier Broadcom, Tech Giant Cisco Pitted In Data Center War",0
2016-02-10,"Apple Supplier ARM Topples On Mobile Decline; Eyes IoT, Cloud",0
2016-02-03,Apple Is #2,0
2015-12-22,"Apple Wireless Earbuds, Displays In 2016 Tech Outlook",0
2015-09-15,Fitbit A Buy Despite Apple Threat; Time Warner PT Cut,1
2015-05-27,"Avago Soars On Apple iPhone, But Storage May Hurt Q2",-1
2015-05-27,"Avago Soars On Apple iPhone, But Storage May Hurt Q2",-1
2015-05-27,"Avago Soars On Apple iPhone, But Storage May Hurt Q2",-1
2019-04-09,Dow Jones Trims Early Stock Market Losses; Why Apple Is Still In Buy Range,-1
2019-01-08,John And Jane's Taxable Account Dividend Increases And Income Tracker - The Apple Effect,0
2017-04-18,"Hartwell J M Limited Partnership Buys Apple, UnitedHealth Group, Mesabi Trust, Sells Anadarko ...",0
2019-07-28,"Headliners Include Apple, Beyond Meat And IBM (Stocks To Watch Podcast)",0
2019-07-27,"Stocks To Watch: Headliners Include Apple, Beyond Meat And IBM",0
2019-06-02,"Apple's WWDC, DuPont's Return And Tariff Anxiety (Stocks To Watch Podcast)",0
2019-06-01,"Stocks To Watch: Apple's WWDC, DuPont's Return And Tariff Anxiety",0
2019-04-28,"Eyes On Apple, Uber, F8 And Avengers (Stocks To Watch Podcast)",0
2019-04-27,"Stocks To Watch: Eyes On Apple, Uber, F8 And Avengers",0
2019-04-27,"Stocks To Watch: Eyes On Apple, Uber, F8 And Avengers",0
2019-04-14,"Spotlight On Earnings, Pinterest And Apple-Qualcomm (Stocks To Watch Podcast)",0
2019-04-13,"Stocks To Watch: Spotlight On Earnings, Pinterest And Apple-Qualcomm",0
2018-10-28,Apple Looks To Recharge Tech Sector (Stocks To Watch Podcast),0
2018-10-27,Apple Looks To Recharge Tech Sector,0
2016-12-23,"Apple, Broadcom, Nvidia Among RBC's Top Stock Picks For 2017",1
2016-11-09,"Apple, Alphabet Near Buys; Nvidia, Disney, Macy's Earnings: Investing Action Plan",0
2016-11-03,Stocks Cool Off Again; Did Apple Present A New Buy Opportunity?,1
2016-11-02,"Starbucks, Apple Suppliers, Activision: Investing Action Plan For Thursday",0
2016-06-06,MaxLinear Deal With Apple Supplier Broadcom Advances $1 Bil Quest,0
2016-03-23,"Top-Rated Inphi Follows Apple, Tesla Chip Suppliers With Breakout",0
2016-03-20,"Investing Action Plan: Apple Event, Nike Earnings Headline Week",0
2016-03-18,Apple's New Smaller iPhone May Be Nothing To Text Home About,0
2016-03-18,"These 3 Apple, Tesla Chip Supplier Stocks Just Entered Buy Range",0
2016-02-25,"Apple Supplier Microsemi PT Upped, Restoration Hardware PT Cut",0
2016-01-21,Move Over Apple: 5 Chipmakers With Earnings Due,0
2016-01-08,Apple Reads Your Mind,0
2015-12-08,Apple Supplier NXP Muscles Up With Freescale Merger,0
2015-12-08,"Apple iPhone, IoT, Mergers Lift Avago Near Buy Zone",1
2015-11-24,Microsemi Ousts Apple Supplier Skyworks In PMC Deal,0
2015-11-19,Two Apple Suppliers Among 3 Top Overseas Chipmakers,0
2015-11-19,Two Apple Suppliers Among 3 Top Overseas Chipmakers,0
2015-11-19,Two Apple Suppliers Among 3 Top Overseas Chipmakers,0
2015-11-19,Two Apple Suppliers Among 3 Top Overseas Chipmakers,0
2015-11-19,Chip Fever: Microsemi Ups PMC Bid Over Apple Supplier,0
2015-11-05,"Apple Suppliers Skyworks, Qorvo Up On Guidance",0
2015-11-05,"Apple Suppliers Skyworks, Qorvo Up On Guidance",0
2015-10-30,"Chip Frenzy: Apple Supplier, Microsemi Trade Punches",0
2015-10-21,Skyworks Solutions: Irrational Fears About Apple Make It A Solid Buy,1
2015-10-19,Microsemi Outbids Apple Supplier Skyworks For PMC,0
2015-05-04,Apple Supplier Skyworks Leads 4 Basing Chip Stocks,0
2020-04-12,"Dow Jones Futures: Coronavirus Stock Market Rally Awaits OPEC+ Production Deal; Microsoft, Netflix, Nvidia, Veeva, MSCI, Gilead, Apple Supplier Lumentum In FocusS",0
2019-07-28,"Headliners Include Apple, Beyond Meat And IBM (Stocks To Watch Podcast)",0
2019-07-27,"Stocks To Watch: Headliners Include Apple, Beyond Meat And IBM",0
2018-07-28,"Stocks To Watch: Apple, Harley And Tesla On The Marquee",0
2018-03-27,"MSCI, Mattel, Apple and Cisco highlighted as Zacks Bull and Bear of the Day",0
2018-01-31,Will Relying on Apple Hurt Cirrus Logic (CRUS) Q3 Earnings?,-1
2017-03-15,"Stocks Up Ahead Of Fed As Apple, Nike Lift Dow; Will Apple Form New Base?",1
2015-07-10,"Zacks Investment Ideas feature highlights: Live Nation, Apple and Madison Square Garden - Press Releases",0
2013-04-30,Techs Lead The Way Again; Apple Launches Huge Debt Offering,1
2013-02-14,Forget Apple! Bet on Big Media Conglomerates,0
2013-01-24,Apple's Crash: A Wall Street Tragedy,-1
2013-01-24,Apple's Crash: A Wall Street Tragedy,-1
2013-01-21,'Safe' Stocks That Do Better Than Apple in an Uncertain Market,1
2013-01-21,'Safe' Stocks That Do Better Than Apple in an Uncertain Market,1
2012-11-29,Sports Programming Will Not Be Part of Apple TV,0
2012-09-20,"Could Apple Buy the LA Kings, Part of the Lakers in AEG Deal?",0
2019-04-30,Apple Earnings After Market Close: Expectations are Low,-1
2019-04-11,"China Smartphone Shipment Drop Hurts Apple (AAPL), Samsung",-1
2018-10-28,Apple Looks To Recharge Tech Sector (Stocks To Watch Podcast),0
2018-10-27,Apple Looks To Recharge Tech Sector,0
2017-11-08,"Apertura Capital, LLC Buys Oracle Corp, Dr Pepper Snapple Group Inc, SBA Communications Corp, ...",0
2017-09-27,Apple Shows Market Leadership With Jump To 81 RS Rating,1
2016-12-22,Nokia Sues Apple for Patent Infringement in Europe & US,-1
2015-04-21,Apple Watch Available for Walk-in Purchase in June - Analyst Blog,0
2015-03-16,Android Watch Vs. Apple Watch - Who Will Steal The Show,0
2015-02-18,"Soros Dumps Apple, Buys China",0
2014-12-10,Apple: An Ideal Combination of Just Valuation and Solid Fundamentals,1
2014-09-29,iPhones – Apple's,0
2014-06-19,"Apple, Super Micro Rally After Clearing Bases",0
2013-09-10,"Too Little, Too Late for Apple Rebound?",-1
2012-12-05,Stocks Stay In Mixed Territory; Apple Drags Nasdaq,-1
2012-08-06,"Apple, Samsung phones rule",0
2012-07-17,Apple's,0
2011-11-14,"Activist Hedge Fund Buys Google, Dumps Gold and Apple",0
2020-03-24,"Portfolio Review: Apple, MSC Industrial, PepsiCo, Mastercard",0
2013-10-25,"Week Ahead: FOMC Meeting, Apple and Facebook Earnings",0
2013-04-09,"""Don't Go, Apple Guy!"" – Who's Heartbroken Over Ron Johnson's Booting From JC Penney",0
2013-01-29,"Apple Guy Cries ""Uncle"" – In Face-Saving Language",0
2012-12-12,Worse Than Expected: How Apple Guy is Turning JC Penney Into a Museum of Tired Brands,-1
2012-06-22,JCPenney Under the Apple Guy: Debacle or Transformation? Clues Gleaned From Competitors,0
2015-02-04,What Made Apple (AAPL) Raise $6.5B in Bonds? - Analyst Blog,0
2018-08-01,"Wall Street Breakfast: Fed, Apple, Tariffs",0
2012-07-25,Futures Wildly Mixed Ahead Of Open; Apple Hit Hard,-1
2019-09-08,"Apple, IPOs And German Auto (Stocks To Watch Podcast)",0
2019-09-07,"Stocks To Watch: Apple, IPOs And German Auto",0
2017-04-17,"Stocks Open Higher: McDonald's, Apple Rise On The Dow",1
2016-08-23,Apple Wants You To Feel Better,1
2012-08-27,"Apple, Dollar Thrifty Automotive Group Among Stocks Setting 52-Week Highs Monday",0
2012-08-27,"Dow Slips in Thin Trade, Apple Lifts Nasdaq",0
2012-08-27,Apple Fuels Nasdaq Advance; Gasoline Rallies,0
2018-05-04,The 'Apple Of Oil' Sees Bigger Dividend Lasting Through Oil Swings,1
2018-05-03,Market Slide Worsens As S&P 500 Undercuts 200-Day; Apple Approaches This New Buy Point,-1
2018-08-01,Appleton Group Wealth Management Llc Buys Schwab U.S. ...,0
2014-01-07,Apple And Amazon: Why Bill Miller Still Likes Them,0
2019-10-30,"Small Step Back Ahead of Fed, Apple",0
2014-07-22,"Stocks Rise; Apple, Microsoft Steady In Post-Session",1
2013-04-23,"Indexes End Near Highs Ahead Of Earnings from Apple, Cree",0
2019-06-02,"Apple's WWDC, DuPont's Return And Tariff Anxiety (Stocks To Watch Podcast)",0
2019-06-01,"Stocks To Watch: Apple's WWDC, DuPont's Return And Tariff Anxiety",0
2019-07-28,"Headliners Include Apple, Beyond Meat And IBM (Stocks To Watch Podcast)",0
2019-07-27,"Stocks To Watch: Headliners Include Apple, Beyond Meat And IBM",0
2017-12-20,"Auto Sector Grapples with Peak U.S. Sales, Safety Recalls",-1
2015-08-19,"Zacks Investment Ideas feature highlights: Apple, LyondellBasell, Sanmina, Meritor and American Axle & Manufacturing",0
2019-04-28,"Eyes On Apple, Uber, F8 And Avengers (Stocks To Watch Podcast)",0
2019-04-27,"Stocks To Watch: Eyes On Apple, Uber, F8 And Avengers",0
2019-04-27,"Stocks To Watch: Eyes On Apple, Uber, F8 And Avengers",0
2019-04-26,"Apple, IBM, Costco among those expected to raise payouts next week",0
2017-08-02,"Apple Holds Dow Above 22,000; 2 Top Tech Names Break Down",0
2017-08-02,Apple Breakout Fading As Market Reverses Lower,-1
2017-07-28,"Apple, Tesla, Shale, Jobs To Dominate The Week: Investing Action Plan",1
2017-06-12,"Stocks Lower As Netflix, Apple Flash A Troubling Signal",-1
2017-01-25,"Amazon, Apple, And Netflix Versus Liberty",0
2016-12-09,"Stock Market Indexes Rally To New Highs; Apple, Microsoft Boost Dow",1
2016-11-18,"Stocks Off, But Small Caps Rise; Macom Soars; Can Apple Break Out Again?",1
2016-07-22,Skyworks' $100 Million Inventory Build Spells 25% Apple Decline,-1
2016-03-31,Will Apple Supplier Skyworks Kick Off 2016 Chip M&A With Maxim Buy?,0
2016-03-29,"Stocks Get Fed Boost; Apple, Microsoft Lead Dow",1
2016-03-29,Stocks Rally On Fed Comments; Apple Leads Dow,1
2016-03-14,Chip ETFs Get Their Mojo On: Inside 4 As Apple To Reveal New iDevices,0
2016-03-11,"Macom Leapfrogs Apple-Supplying Chip Rivals With Lasers, Radar",0
2016-03-11,"5 Chip Stocks To Watch, Moving Up, With Apple's Big Event March 21",0
2016-02-11,"Qorvo: With Less Apple, Life May Still Be Healthy",1
2016-01-21,Move Over Apple: 5 Chipmakers With Earnings Due,0
2016-01-08,"Stocks Hold Modest Losses, But Apple, Microsoft Lead Dow Gainers",1
2016-01-05,"Stocks End Mixed; Apple Drops, Macom Hits Sell Signal",-1
2016-01-05,"Stocks End Mixed; Apple Drops, Macom Hits Sell Signal",-1
2015-12-18,Apple Supplier Macom Tech Breaks Out Amid Sell-Off,-1
2015-08-07,Apple Suppliers Hit But Funds Add These Chip Stocks,0
2015-05-07,"Chipmaker Qorvo Gaps Up Thanks To Apple, Samsung",0
2015-12-11,Tsinghua Has $47B To Crush Apple Supplier Qualcomm,0
2019-07-25,"Private Advisory Group LLC Buys Boeing Co, The Walt Disney Co, Apple Inc, Sells Vanguard FTSE ...",0
2018-02-26,"Apple, Amazon, Facebook Headline Top Stock Play In Buy Zone",1
2018-02-23,"Apple, Nvidia Top This Market-Beating Momentum Stock Play",1
2017-11-06,"Apple, Microsoft Fuel Big-Cap Growth; Nvidia Drives IBD 50 ETF",1
2016-03-01,"Momentum, Growth Funds Lead In Strong March Start; Apple At $100",1
2016-02-01,"Through M&A, China Is After The Smartphone / Apple Supply Chain",0
2015-09-08,Will Stocks' Vitamin Boost Come From China Stimulus Or Apple Show?,1
2012-06-07,"Stocks to Watch: Apple, Smucker, Lululemon (Update 1)",0
2012-06-07,"Stocks to Watch: Apple, Smucker",0
2012-03-08,"Stocks to Watch: Apple, Williams-Sonoma, McDonald's (Update 1)",0
2012-11-29,"Cramer's 'Mad Money' Recap: Amazon, Google, Apple Are the Only Tech Stocks That Matter",0
2020-01-28,"Dow Jones Futures: Apple, AMD, Xilinx, Maxim Earnings Fuel Big Chip Moves After Stock Market Rebounds From Coronavirus Sell-Off",1
2019-10-29,Dow Jones Futures: AMD Leads 4 Chip Earnings Reports After Stock Market Rally Hits Resistance; Apple Earnings In Focus,0
2019-07-28,"Headliners Include Apple, Beyond Meat And IBM (Stocks To Watch Podcast)",0
2019-07-27,"Stocks To Watch: Headliners Include Apple, Beyond Meat And IBM",0
2019-01-17,"Chips, Apple suppliers slip on TSMC guidance",-1
2018-12-10,Apple suppliers dip on China's iPhone ban,-1
2018-12-04,"Apple suppliers, chips drop on Cirrus cut",0
2018-11-13,Apple suppliers recover despite Qorvo guide cut,1
2018-11-12,"Apple suppliers drop on Lumentum guide, iPhone target cuts",-1
2018-08-08,"The Zacks Analyst Blog Highlights: Apple, Adobe Systems, Intel, Xilinx and Maxim Integrated Products",0
2018-04-02,"Chips, Apple suppliers drop on Intel news",-1
2016-07-22,Skyworks' $100 Million Inventory Build Spells 25% Apple Decline,-1
2016-06-06,Apple Supplier Broadcom 'Pooling' M&A Capital; Stock Hits Buy Zone,1
2016-06-02,Applied Materials' OLED Push Could Wrangle 100 Million Apple iPhones,1
2016-05-28,Apple Chipmakers As iPhone Slows: Will Tesla CEO Musk Save Them?,-1
2016-04-21,Amazon Tap Casts Apple Suppliers; Texas Instruments Leads Echo Dot,0
2016-04-19,Apple Suppliers Downgraded On 'Modestly Lower' iPhone Demand,-1
2016-04-11,"Apple Deflates iPad Pro, Taps Broadcom, NXP To Lead Smaller Device",0
2016-03-31,Will Apple Supplier Skyworks Kick Off 2016 Chip M&A With Maxim Buy?,0
2015-12-30,Bold Bets For 2016 - From Apple To Icahn,0
2015-12-11,Tsinghua Has $47B To Crush Apple Supplier Qualcomm,0
2015-10-30,"Chip Frenzy: Apple Supplier, Microsemi Trade Punches",0
2015-10-19,Microsemi Outbids Apple Supplier Skyworks For PMC,0
2015-10-17,Could Apple Stir Chip M&A Froth By Acquiring SanDisk?,0
2015-07-22,Chip stocks down sharply following Apple/ARM/Linear's Q2 reports,-1
2015-07-08,Maxim -2.6% on Drexel Hamilton downgrade; Apple share gains cited,1
2015-05-14,Apple Chip Supplier Avago Tech Spikes On Buyout Talks,0
2015-05-13,Apple Watch gross margins will start low but then rise,-1
2015-05-01,9 chip stocks riding on Apple Watch,0
2015-02-19,Apple's Dirty Little Rare Earth Secret,0
2015-01-05,Apple Powers Chip-Heavy IBD Top 10,0
2014-09-18,Winning Chipmakers Benefit In Apple Product Rollout,1
2014-07-24,Sell Cirrus Logic to Buy this Apple Supplier,0
2014-06-09,Cirrus Logic may have lost Apple business to Maxim,-1
2013-11-19,Window Onto Apple Sales Trend: Shades Drawn,0
2012-10-31,Cirrus Logic Q2 Results Beat Views On Sales To Apple,1
2012-05-21,Audio Chipmaker Cirrus Logic Joined At Hip To Apple,0
2016-10-26,AT&T Deal Could Boost This Top Apple Supplier,1
2016-08-09,"Microsoft Partner Inphi Rockets On Apple-, Google-Facing Segment",0
2016-06-06,MaxLinear Deal With Apple Supplier Broadcom Advances $1 Bil Quest,0
2016-06-06,Apple Supplier Broadcom 'Pooling' M&A Capital; Stock Hits Buy Zone,1
2016-05-28,Apple Chipmakers As iPhone Slows: Will Tesla CEO Musk Save Them?,-1
2016-05-20,How High Will Tesla/Apple Supplier Nvidia Go? Up 34% In 2 Months,1
2016-03-14,Chip ETFs Get Their Mojo On: Inside 4 As Apple To Reveal New iDevices,0
2018-04-02,"Chips, Apple suppliers drop on Intel news",-1
2020-05-04,"Congress Park Capital LLC Buys Blackrock Muniyield Fund Inc, Apple Inc, EnerSys, Sells The Walt ...",0
2012-05-17,"Zacks' Voice of the People highlights opportunities with Goldman Sachs, JPMorgan Chase, SPDR S&P Dividend (ETF), Apple and Myers Industries - Press Releases",0
2019-09-08,"Apple, IPOs And German Auto (Stocks To Watch Podcast)",0
2019-09-07,"Stocks To Watch: Apple, IPOs And German Auto",0
2017-12-01,"BioTelemetry Ties Up With Apple, Grows in Cardiac Monitoring",0
2017-11-29,"GNC Holdings Grapples With Margin Weakness, Stiff Competition",-1
2016-01-12,"Apple Rises On Upgrade, China; Lululemon Jumps On Brighter View",1
2019-07-28,"Headliners Include Apple, Beyond Meat And IBM (Stocks To Watch Podcast)",0
2019-07-27,"Stocks To Watch: Headliners Include Apple, Beyond Meat And IBM",0
2018-10-28,Apple Looks To Recharge Tech Sector (Stocks To Watch Podcast),0
2018-10-27,Apple Looks To Recharge Tech Sector,0
2018-07-28,"Stocks To Watch: Apple, Harley And Tesla On The Marquee",0
2018-06-05,"Stock Futures Turn Mixed; Early Movers: Twitter, Mylan, Apple, Oil",0
2017-10-04,"Stock Futures Flat; EU Nicks Apple, Amazon; This Drug Maker Spikes",0
2016-12-07,"Trump Targets Drug Prices And Apple, Seeks '5 Minutes' With Offshoring Firms",0
2016-09-07,Apple's European Shakedown (Podcast),0
2016-09-07,Wall Street Breakfast: Apple Event On Deck,0
2016-09-02,"Week In Review: Apple Vs. EU, Hiring So-So, Auto Sales Fall, Salesforce Guides Low",-1
2016-08-30,Apple Owes Ireland Billions - Good,1
2016-08-30,Wall Street Breakfast: Apple Slammed In EU Tax Crackdown,-1
2016-06-02,Apple Challenging Tesla,-1
2016-05-23,Stock Futures Edge Lower; Apple Reportedly Sets Strong IPhone Output,1
2015-08-15,"David Tepper Buys Apple, Alibaba and Mylan in Second Quarter",0
2015-08-10,"Stocks Open Up In Mixed Trade; Apple, Boeing, CyberArk Climb",0
2015-04-17,Global Worries Sink U.S. Stocks; Apple Breaches Support Level,-1
2015-04-17,"Seeking Alpha's Biotech Weekly: Celgene Check-Up, Is Gilead The New Apple?, And More",0
2015-03-30,"Stocks Roll Out Healthy Start; JPMorgan, Apple, Gentherm Climb",1
2015-02-17,Stocks Turn Positive; Apple Marks New High,1
2017-03-10,Stocks Up; Apple Shines; Which Specialty Retailers May Lead The Bulls?,1
2020-04-23,"–776 Wealth Llc Buys First Trust Enhanced Short Maturity ETF, Adobe Inc, Apple Inc, Sells ...",0
2018-09-06,"Who Joins Apple, Adobe On Latest List Of New Buys By Top Funds?",0
2018-08-16,"Boeing, Walmart, Cisco Lift Dow Jones; Apple On Track To A $1.25 Trillion Market Cap",1
2018-06-08,"Tech sector under pressure from Apple suppliers, semi equipment stocks",-1
2018-05-07,Buffett's Bet on Apple Sparks Tech Rally: 5 Solid Buys,1
2015-12-11,Tsinghua Has $47B To Crush Apple Supplier Qualcomm,0
2015-03-18,Year-To-Date Winners: We Have Found The Market And It's Apple,0
2012-01-23,Cramer's 'Mad Money' Recap: How to Trade Apple (Final),0
2018-12-18,"Stock Futures Rebound; Boeing Dividend, Apple Jobs Lift Dow Jones",1
2017-12-19,"Nasdaq Leads Stocks Lower, With Microsoft, Apple Losing Buy Points",-1
2017-08-03,"Gabelli Funds Llc Buys Panera Bread Co, Navistar International Corp, Dr Pepper Snapple Group ...",0
2016-09-09,"Week In Review: Apple iPhone 7 Doesn't Wow, Cheap Food Slams Grocers",0
2011-10-14,"7 Stocks to Watch: Google, Apple",0
2020-05-11,"Kahn Brothers Buys JPMorgan Chase, Navient Corp, Coal Creek Co, Sells New York Times Co, Apple ...",0
2019-05-10,"Rockefeller Capital Management L.P. Buys Apple Inc, TE Connectivity, Covetrus Inc, Sells ...",0
2018-04-27,"AbbVie's Q1: It May Be Biotech's Apple, Circa 2005",0
2019-05-01,"Fishman Jay A Ltd Buys LKQ Corp, iShares Core MSCI Emerging Markets, Netflix Inc, Sells Apple ...",0
2019-04-28,"Eyes On Apple, Uber, F8 And Avengers (Stocks To Watch Podcast)",0
2019-04-27,"Stocks To Watch: Eyes On Apple, Uber, F8 And Avengers",0
2019-04-27,"Stocks To Watch: Eyes On Apple, Uber, F8 And Avengers",0
2019-04-14,"Spotlight On Earnings, Pinterest And Apple-Qualcomm (Stocks To Watch Podcast)",0
2019-04-13,"Stocks To Watch: Spotlight On Earnings, Pinterest And Apple-Qualcomm",0
2017-03-06,Apple Chip Deal?,0
2016-05-06,"Week In Review: Stocks Tested As Apple, Tesla, Under Armour Sell Off",0
2012-02-23,Apple Stock: $500 And Climbing?,1
2020-03-06,"Macy's, Norwegian Cruise Line, Netflix, Apple and Amazon highlighted as Zacks Bull and Bear of the Day",0
2019-05-20,"Coe Capital Management, LLC Buys Norwegian Cruise Line Holdings, Apple Inc, Target Corp, Sells ...",0
2019-04-26,"Zacks Value Trader Highlights: Apple, Crane, H&E Equipment Services, Macquarie Infrastructure and Norwegian Cruise Line",0
2017-08-11,"Stocks Mildly Rebound; Nvidia Pressured, Apple Reclaims Buy Point",-1
2018-07-31,Can Apple Save Us From this Tech Wreck?,-1
2020-05-04,"Congress Park Capital LLC Buys Blackrock Muniyield Fund Inc, Apple Inc, EnerSys, Sells The Walt ...",0
2019-09-15,"Houthis Cut Saudi Oil Supply, Who Wins? Hint: Not E&P Oil Names. Fintech Firesale, And Goldman Spoils Apple",0
2019-09-11,"China Bends, Bonds Bomb, Apple Shines, And We Are Going Back To Highs. Also, Let's Look At Inadvertent Upgrades",1
2012-06-09,Apple Gears Up for WWDC: Tech Weekly,0
2012-06-09,Apple Gears Up For WWDC: Tech Weekly,0
2012-06-07,"Facebook, Baidu, Apple: Tech Premarket",0
2012-06-07,"Facebook, Baidu, Apple: Tech Premarket",0
2012-06-07,"Stocks to Watch: Apple, Smucker, Lululemon (Update 1)",0
2012-06-07,"Stocks to Watch: Apple, Smucker",0
2011-07-11,"Apple, Amazon, CBOE: New Targets, Estimates",0
2019-04-17,"Goodwin Daniel L Buys Apple Inc, Nutanix Inc, Noodles, Sells Apartment Investment & ...",0
2015-10-15,Can Zoe's Hip Med Menu Lure Loyal Fans Like Apple?,-1
2020-05-08,"Frontier Wealth Management LLC Buys Microsoft Corp, Apple Inc, VanEck Vectors Gold Miners, ...",0
2020-05-06,"NN Investment Partners Holdings N.V. Buys Mastercard Inc, Apple Inc, The Estee Lauder Inc, ...",0
2015-12-10,"Stocks: Weak Open, Thin Gains; LendingTree, Chipotle, Apple Up",-1
2018-04-13,Energy Recap: Apple Comes Clean?,1
2020-03-30,"The Zacks Analyst Blog Highlights: Apple, Cisco, PepsiCo, AstraZeneca and NextEra",0
2020-03-27,"Top Stock Reports for Apple, Cisco & PepsiCo",0
2018-05-24,"The No. 1 Stock In The World (Revisited) - Visa And Apple Up, Kinder Morgan And Gilead Down",0
2018-04-12,"The Zacks Analyst Blog Highlights: NextEra, Danaher, Biogen, Facebook and Apple",0
2018-01-17,"Berkshire Asset Management Llc Buys Baker Hughes, a GE Co, NextEra Energy Inc, Apple Inc, Sells ...",0
2016-06-15,Stocks Hold Gains After Fed Stands Pat On Rates; Apple Extends Rally,1
2016-06-06,3-Way Apple V. Google V. Amazon Voice Assistant Battle Will Drive M&A,0
2019-10-11,"Resource Sector Digest: The Value Of Apples, Oranges, And Ounces In The Ground",0
2019-09-08,"Apple, IPOs And German Auto (Stocks To Watch Podcast)",0
2019-09-07,"Stocks To Watch: Apple, IPOs And German Auto",0
2019-03-24,Apple Makes Its Video-Streaming Move (Stocks To Watch Podcast),0
2019-03-23,Stocks To Watch: Apple Makes Its Video-Streaming Move,0
2019-11-04,Swapping Apple For Apple - October Dividend Portfolio Update,0
2019-05-02,"25 Upcoming Dividend Increases Including Apple, Exxon And One Dividend King",1
2018-12-31,My High Dividend Yield Picks For 2019: Apple Hospitality And Pattern Energy,1
2016-08-21,"My Portfolio Update And Review Of 83 Stocks: Up 2 With Reynolds And Exelon, Down 1 With Apple",0
2019-05-02,"25 Upcoming Dividend Increases Including Apple, Exxon And One Dividend King",1
2010-12-13,"Fund Tops Charts Without Apple, Salesforce",0
2010-07-06,"People Can't Live Without Apple, Starbucks",0
2016-01-06,"Apple Rumors, I Bought Skyworks; Short Nigeria? - Bezek's Daily Briefing",0
2017-05-17,"Aristotle Capital Management, LLC Buys Acadia Healthcare Co Inc, Ansys Inc, Apple Inc, Sells ...",0
2020-05-01,"State Treasurer State Of Michigan Buys Simon Property Group Inc, Apple Inc, Facebook Inc, Sells ...",0
2018-08-02,Apple Helps the NASDAQ Stay in the Green,1
2020-05-13,"M Holdings Securities, Inc. Buys Apple Inc, SPDR S&P 5……, National Healthcare Corp, ...",0
2019-06-02,"Apple's WWDC, DuPont's Return And Tariff Anxiety (Stocks To Watch Podcast)",0
2019-06-01,"Stocks To Watch: Apple's WWDC, DuPont's Return And Tariff Anxiety",0
2016-08-21,"My Portfolio Update And Review Of 83 Stocks: Up 2 With Reynolds And Exelon, Down 1 With Apple",0
2012-08-01,"NICE, Apple, Facebook: Tech Premarket",0
2012-08-01,"NICE, Apple, Facebook: Tech Premarket",0
2015-10-08,"Apple (AAPL) Unveils Latest Beats Bluetooth Speakers, Pill+",0
2015-10-01,Carl Icahn to Raise Stake in Apple: Should You Invest Too?,0
2012-01-05,New Stock Picks: Long Apple (AAPL) & Short Blue Nile (NILE),0
2020-01-22,"Thinking about buying stock in Apple, Bank of America, Micron, Nio, or Snap?",0
2019-11-27,"Thinking about buying stock in Apple, General Electric, Macy's, Nio, or Teva Pharmaceutical?",0
2015-05-13,Apple Watch gross margins will start low but then rise,-1
2020-02-05,"Chartist Inc Buys Truist Financial Corp, Apple Inc, Vanguard Growth ETF, Sells New Jersey ...",0
2016-07-20,A New Apple Partnership?,0
2018-06-02,"Stocks To Watch: Eyes On Apple's WWDC, SCOTUS And D.C.",0
2019-03-24,Apple Makes Its Video-Streaming Move (Stocks To Watch Podcast),0
2019-03-23,Stocks To Watch: Apple Makes Its Video-Streaming Move,0
2016-10-04,"Stocks Retreat After Giving Up Early Gains; Apple, Banks Lead Dow",1
2016-09-19,"Stocks Close Lower Ahead Of Fed; Apple, Intel Weigh",0
2016-09-08,"Stocks Stay In Red As Sharp Apple Drop Weighs On Dow, Nasdaq",-1
2016-06-02,"Stocks Turn Higher; Apple, Oracle Get Smacked",1
2019-04-14,"Spotlight On Earnings, Pinterest And Apple-Qualcomm (Stocks To Watch Podcast)",0
2019-04-13,"Stocks To Watch: Spotlight On Earnings, Pinterest And Apple-Qualcomm",0
2018-09-08,"Stocks To Watch: Apple Event, Chinese Auto IPO To Headline",0
2012-12-18,"Futures Point To Positive Open; Apple, Bank Of America Rising",1
2016-05-26,"Eye On Tech: Alibaba Gets Probed By The SEC, And Apple Reportedly Explores EV Charging",0
2016-04-04,"Apple Earnings Quality Better Due To GAAP-Only Reporting, Says UBS",1
2019-12-06,"Stock Market Renews Bullish Rise On Strong Jobs Data; Apple, Tesla Jump",1
2014-05-30,Buzz Bubbles Ahead of Apple's WWDC,-1
2013-01-15,Nomura Cuts Apple's Price Target,-1
2015-09-12,Apple Watch: 'Apple Inside',0
2019-04-28,"Eyes On Apple, Uber, F8 And Avengers (Stocks To Watch Podcast)",0
2019-04-27,"Stocks To Watch: Eyes On Apple, Uber, F8 And Avengers",0
2019-04-27,"Stocks To Watch: Eyes On Apple, Uber, F8 And Avengers",0
2018-09-12,"As Goes Apple, So Goes the Market",0
2015-12-17,Stocks Tumble As Fed Effect Fades; Apple Gets New Price Target Cut,-1
2015-08-11,"Alibaba, Apple Fall As Yuan Seen Hitting Earnings",-1
2015-04-27,"Biotechs Weigh On Nasdaq, But Apple, Twitter Hold Firm",0
2015-04-27,Stocks Fade; Apple Up Ahead Of Q2; Akorn Thrashed,1
2015-03-17,Stocks Trade Lower; Apple Up On Streaming TV News,1
2013-10-28,Stocks Inch Quietly Higher; Apple Gains Ahead Of Earnings,1
2013-10-15,"Nasdaq Fades Early Gains; Apple Bases, Sets Oct. 22 Event",0
2013-10-07,"Stocks Open Lower, Trade Rises; Apple Advances On Upgrade",1
2020-05-14,"Financial Partners Group, Inc Buys Microsoft Corp, Apple Inc, Amazon. ...",0
2017-09-12,"Like Apple, This Market-Beating Dividend Play Is In Buy Range",1
2016-09-28,"S&P 500 Dividends Near 10-Year High, But Gains Slow; Apple Is A Top Payer",1
2013-05-06,"Stocks Start The Week Mixed; Apple, Nationstar Rising",0
2012-01-26,"Apple, Baidu, Celgene Boast Top Profit, Sales Growth",1
2012-01-26,"Apple, Baidu, Celgene Boast Top Profit, Sales Growth",1
2019-01-30,Dow Pushes Forward Under Apple's Shadow,0
2013-02-05,Apple: Most Undervalued Stock on Wall St?,0
2013-02-05,Apple: Most Undervalued Stock on Wall St?,0
2011-12-05,"Zacks Investment Ideas feature highlights: Deere, Apple, National Oilwell Varco, Norfolk Southern and CF Industries - Press Releases",0
2020-05-04,"Dow Jones Leaders Apple, Microsoft Headline Five Top Stocks In Or Near Buy Zones",0
2020-05-03,"Dow Jones Futures: Trump Tariff Threat Is Coronavirus Market Rally Red Flag, But Apple, Facebook Lead Blue Dot Specials",0
2020-03-02,"Dow Jones Futures: Apple, Microsoft Lead Strong Market Rally, But It's Still A Coronavirus Stock Market Correction; Watch These Leaders",1
2020-02-11,"Optimus Prime Fund Management Co., Ltd. Buys Yelp Inc, ServiceNow Inc, Fortinet Inc, Sells Apple Inc",0
2019-12-13,"Stocks Mixed As Trump Reveals Trade Deal Details; Apple, Visa, Amex Shine On Dow",-1
2019-11-20,"Dow Jones Futures: China Trade Deal News Cools Apple, AMD, Tesla; A New Hope For Stock Market Rally",1
2019-11-18,Dow Jones Futures: Can Software Rejoin Stock Market Rally? Apple Event Planned; These Stocks Are Moving On News,0
2019-11-14,"Marshall Wace North America, L.P. Buys Apple Inc, Pfizer Inc, Johnson & Johnson, Sells ...",0
2019-11-06,"Lyell Wealth Management, Lp Buys Fidelity National Information Services Inc, DexCom Inc, Apple ...",0
2019-10-11,Dow Rallies 500 Points On China Trade Deal Hopes; Is Apple In Buy Range?,0
2019-10-07,Dow Jones Falters On China News; Blue Chips Apple And Walmart In Buy Range,-1
2019-10-04,Dow Jones Surges 300 Points As Stock Market Rallies; Time To Buy Apple?,1
2019-01-30,"Dow Today Spikes 500 Points Thanks To Apple, Boeing And The Fed",0
2019-01-04,Dow Jones Rips More Than 700 Points Higher; These Stocks May Beat Apple In 2019,1
2019-01-02,"Stocks Sell Off But Try To Recover; Apple, Netflix, Tesla Under Fire",-1
2018-12-06,Nasdaq Rises Off Low As This Sector Strengthens; Apple Plunge Offers This Silver Lining,1
2018-09-17,Megacap Techs Lead Nasdaq Drubbing; What To Do With Apple Stock Now,0
2018-06-08,"Tech Stocks Recover, But Apple Slides Amid Cautious iPhone Approach",1
2017-07-25,2 Positives As Apple Nears Buy Point; Facebook Earnings On Tap,1
2017-02-28,Buffett Sees Apple Differently - Cramer's Mad Money (2/27/17),0
2016-11-16,Apple Nears Buy Point As Most FANG Stocks Rise Modestly,1
2016-09-13,"Acacia, Ambarella, Apple, Facebook Lead Wednesday's Investing Plan",0
2016-07-05,The Value Of Buying On Weakness: The Apple Case,0
2016-05-20,"Eye On Tech: Apple Grows Its Indian Presence, And Yahoo Bids Come In Light",1
2015-04-17,Global Worries Sink U.S. Stocks; Apple Breaches Support Level,-1
2015-02-23,IBD's The New America: From Apple To Zebra,0
2016-08-19,Dr. Michael Burry Buys Alphabet and Sells Apple,0
2016-12-21,17% Pop On Apple Supplier Deal,0
2016-09-21,Presenting Apple's First Car,0
2019-09-04,"The Zacks Analyst Blog Highlights: Apple, Harmony Gold, NRG, Ryman Hospitality and Dr. Reddy's",0
2019-01-08,John And Jane's Taxable Account Dividend Increases And Income Tracker - The Apple Effect,0
2016-08-21,"My Portfolio Update And Review Of 83 Stocks: Up 2 With Reynolds And Exelon, Down 1 With Apple",0
2011-06-20,'Fast Money' Recap: Apple Breakdown?,0
2016-12-21,17% Pop On Apple Supplier Deal,0
2016-09-21,Presenting Apple's First Car,0
2018-09-14,Apple's Innovation - Cramer's Mad Money (9/13/18),0
2016-09-28,2 New Equity REITs In My 85 Stock Portfolio: Apple Hospitality And Simon Property Group,0
2016-08-21,"My Portfolio Update And Review Of 83 Stocks: Up 2 With Reynolds And Exelon, Down 1 With Apple",0
2015-11-19,"Stocks Scrape Out Early Gains; Apple, Vipshop, ConAgra Advance",-1
2013-04-23,"Indexes End Near Highs Ahead Of Earnings from Apple, Cree",0
2012-09-21,Stocks Pare Gains In Afternoon; Apple At Record High,1
2012-02-15,Dow Logged Worst Decline of the Year; Apple Sharp Reversal,-1
2012-01-22,"Apple, Top Manufacturers Lead S&P 100 Earnings Due",0
2011-12-05,"Zacks Investment Ideas feature highlights: Deere, Apple, National Oilwell Varco, Norfolk Southern and CF Industries - Press Releases",0
2010-11-17,'Mad Money Lightning Round': Stick With Apple,0
2013-05-06,"Stocks Start The Week Mixed; Apple, Nationstar Rising",0
2012-10-31,Wall Street's Losses Deepen In Afternoon; Apple Sinks,-1
2012-10-10,Stocks Slip In Fast Trade; Celgene Down But Apple Up,-1
2012-09-27,Stocks Extend Gains; Apple Rebounds,1
2012-08-27,"Nasdaq Rises Slightly On Apple; S&P 500, Dow Fall Modestly",0
2010-09-11,Apple Relaxes: Weekly Tech Recap,0
2020-02-11,"Skylands Capital, LLC Buys Williams Inc, Hillenbrand Inc, Insperity Inc, Sells Apple Inc, ...",0
2019-02-11,Dow Jones Trails Nasdaq; Will These 3 Retail-Related Stocks Smash Apple In 2019?,0
2018-05-17,Stay Away From Apple Component Players - Cramer's Lightning Round (5/16/18),-1
2012-11-08,Apple Breakdown Strips Tech Stocks From Leadership,1
2012-10-12,"Google, DaVita Balance Leaders Against Apple's Dive",0
2012-08-03,"Apple, Other Leaders Shaping Bases In Wild Market",0
2019-03-24,Apple Makes Its Video-Streaming Move (Stocks To Watch Podcast),0
2019-03-23,Stocks To Watch: Apple Makes Its Video-Streaming Move,0
2019-08-02,"Stock Market Thrashed Again As Growth Concerns Mount; Apple, Amazon, Facebook Fall 2%",-1
2019-06-05,"Apple has lots of upside from services growth, Evercore says",1
2019-05-22,Stock Market Pares Losses After Fed Minutes; Will Apple Get Hit Hard Again?,-1
2018-11-14,"Dow Jones Futures: Apple, JPMorgan, Cisco Systems Lead 5 Notable Stocks Moving Late",0
2018-08-22,"Apple Roundup: Berkshire, $2 Trillion, Teen Hacks, FaceTime",0
2018-01-16,"The Zacks Analyst Blog Highlights: Netflix, Apple, Alphabet and NetApp",0
2018-01-09,Apple (AAPL) Developing Tools to Increase Parental Control,0
2017-12-12,Apple's (AAPL) Tax Tussle in India Appears Far From Over,0
2017-02-22,"Numeric Investors Llc Buys Gilead Sciences, Microsoft, Apple, Sells Facebook, Symantec, Comcast",0
2017-02-17,"Week In Review: Dow Keeps Rising As Apple Hits High, Verizon Unlimited, Kraft Eyes Unilever",0
2016-11-11,Morgan Stanley observes advantage for Apple and others on proposed tax repatriation holiday,0
2016-05-26,"Eye On Tech: Alibaba Gets Probed By The SEC, And Apple Reportedly Explores EV Charging",0
2016-04-04,"Apple Earnings Quality Better Due To GAAP-Only Reporting, Says UBS",1
2015-12-22,"Chipotle Downgraded, Apple's PT Cut, Blackberry Upped",-1
2015-12-16,Apple Supplier Qualcomm PT Cut; Northrop Upgraded,1
2013-04-04,"Apple more like EMC than Nokia, analyst says",0
2013-02-12,"Facebook, Zynga, Apple: Tech Premarket",0
2013-02-12,"Facebook, Zynga, Apple: Tech Premarket",0
2012-04-13,"The Zacks Analyst Blog Highlights: Google, Motorola Mobility, Apple, Cisco Systems and NetApp - Press Releases",0
2012-04-13,15 Apple-Like Stocks That Could Bear Similar Fruit (Update1),0
2012-01-04,"Update: Apple, Google Seen Stumbling In 2012; Amazon, IBM Up",-1
2011-12-30,"Apple, Google Seen Stumbling In 2012; Amazon, IBM Up",-1
2011-05-12,EMC's New User Interface for Apple - Analyst Blog,0
2020-02-26,"The Zacks Analyst Blog Highlights: Apple, NetEase, Quotient Technology and Alteryx",0
2020-02-25,Apple's January iPhone Sales Fall in China Due to COVID-19,-1
2020-01-13,Apple Uses Daisy to Extract & Recycle Minerals From iPhones,0
2019-04-23,Why Apple Should Buy Sony,0
2019-04-14,"Alibaba, With This Key Similarity To Apple, Leads 5 Top China Stocks To Watch",0
2019-03-24,Apple Makes Its Video-Streaming Move (Stocks To Watch Podcast),0
2019-03-23,Stocks To Watch: Apple Makes Its Video-Streaming Move,0
2017-08-10,"Stock Futures Down; Apple, FANGs Sag; 3 Retail Names Dive",-1
2017-08-02,Apple Breakout Fading As Market Reverses Lower,-1
2017-07-17,"Stocks Steady As Tech Rises; Apple Retakes Support Level, All Eyes On Netflix",1
2017-07-10,"Commodity, China Stocks Up, But Breadth Negative On Nasdaq; Is Apple Basing?",-1
2017-06-26,"Nasdaq Eases, Dow Up; Will Apple Have Gusto To Form A New Base?",0
2017-06-26,"Nasdaq Eases, Dow Up; Will Apple Have Gusto To Form A New Base?",0
2017-06-12,"Futures: 3 Top Tech Stocks In Buy Range As Apple, FANGs Falter",0
2017-06-05,Stocks Down As Apple Dips; IBD 50 Plays Generally Up,-1
2017-04-20,"Apple, Facebook, Microsoft Among Tech ETF's Heavyweights",0
2017-03-01,"Dow Hits 21K As Trump Boosts Stocks; Financials, Apple Up; Snap Set To Debut",1
2017-02-27,"Stocks Edge Lower, But Apple, Nvidia Up; Tesla Drops 4% On Goldman Downgrade",1
2017-02-27,"As Berkshire Buys Apple, Which Stocks Make 'Warren Buffett Screen'?",0
2017-02-17,"Week In Review: Dow Keeps Rising As Apple Hits High, Verizon Unlimited, Kraft Eyes Unilever",0
2017-02-15,"Stock Market Rallies On Data, Trump Tax Talk; Buffett Boosts Airlines, Apple",1
2017-02-15,"Dow Strikes New Record High As P&G Rallies, Apple Keeps Rising",1
2017-02-07,"Dow, Nasdaq Set Record Highs; Apple Powers Ahead; Tesla, Nvidia Break Out",1
2017-01-19,"Apple, Netflix Carved Handles, But Facebook, Amazon Haven't Yet",0
2017-01-17,"Market Rebounds Off Lows; Financials Sell Off, Apple Strengthens",1
2017-01-10,"Small Caps Soar, Dow Off; Which Tech Stocks Beat Apple In Gains Today?",1
2017-01-10,Nasdaq Closes Higher; Apple Extends Gains On Product Buzz,1
2017-01-10,"Stocks Turn Higher: Apple Holds Breakout; NetEase Touted, Goldman Clipped",1
2017-01-09,"Nasdaq Reaches New High; Apple Breaks Out, Nvidia Soars",0
2017-01-09,Nasdaq Extends Gains As Apple Hits 52-Week High; Why Did Nvidia Jump?,1
2016-12-21,"Stocks Down, But More Techs Move Up; Apple's 3 Possible Next Moves",0
2016-11-29,Stocks End Up; Will UnitedHealth Join Apple As An All-Time Super Growth Stock?,1
2016-11-15,"Stocks Rally As Oil Surges 5%; Nasdaq Gets Boost From Apple, Microsoft",1
2016-11-01,"Stock Losses Pick Up Steam As Pfizer Slides, Apple Breaks Key Support",1
2016-10-04,"Stocks Retreat After Giving Up Early Gains; Apple, Banks Lead Dow",1
2016-10-04,"Stocks Mixed: Apple Climbs, Gold Dives, Netflix Chills",0
2016-09-19,"Nasdaq Fades After Strong Start; Apple Slumps, Small Caps Hold Up",-1
2016-09-19,"Stocks Close Lower Ahead Of Fed; Apple, Intel Weigh",0
2016-09-14,Biotechs Help Nasdaq To Small Gain; Apple's Rise Fails To Spur Dow,-1
2016-09-14,Stocks Rally; Apple Stages 1st Breakout In More Than A Year,1
2016-09-13,Stocks Fall Sharply As Oil Slides; Apple Defies Sell-Off On iPhone News,-1
2016-09-13,"Stock Indexes Fall Sharply Again; Volume Rises, Apple Gaps Up",-1
2016-09-06,Indexes Nearly Flat; China Names Rise; Apple Up Ahead Of iPhone Event,1
2016-07-27,Nasdaq Up As Fed Stands Pat On Rates; Will Apple Break Its Downtrend?,0
2016-07-01,What Brexit? Stocks Score Big Weekly Gains; Will Apple Break Resistance?,1
2016-05-16,S&P 500 Retakes 50-Day Line; Apple Injects Fuel Into Rally,1
2016-05-16,Stocks Regain Key Support; Apple Jumps On Buffett's Big Buy,1
2016-05-13,"Week In Review: Apple, Macy's, Walt Disney Signal Consumer Slowdown",-1
2016-02-16,"Stocks Hit Session Highs; Apple, Boeing Lift Dow",1
2016-01-22,"Apple Supplier Qualcomm, JD Upgraded; Baidu Lowered",0
2015-11-19,Stock Indexes Little Changed; Apple Tames Support Lines,0
2015-11-19,Stock Indexes Little Changed; Apple Tames Support Lines,0
2015-11-19,Stock Indexes Little Changed; Apple Tames Support,0
2015-11-19,"Facebook, Apple Supplier Among 5 Top Big Cap Leaders",0
2015-08-11,"Alibaba, Apple Fall As Yuan Seen Hitting Earnings",-1
2015-07-09,Stocks Close With Mild Gains; Apple Extends Losing Streak To 5,-1
2014-11-13,Stock Movers: Apple Among 4 Big Caps Up In Big Volume,1
2013-10-28,Stocks Inch Quietly Higher; Apple Gains Ahead Of Earnings,1
2012-11-08,Apple Breakdown Strips Tech Stocks From Leadership,1
2012-09-17,Stocks Lower In Early Afternoon; Apple Nears 700,-1
2012-01-09,"IBD 50: Apple, Intel Among Less-Loved Top Tech Stocks",0
2012-01-09,"Apple, Intel Among The Least-Loved Top Tech Stocks",1
2011-04-19,How to Trade Ahead of Apple's Earnings: Morning Call,0
2020-02-12,"NFC Investments, LLC Buys Tortoise Midstream Energy Fund,, Progressive Corp, Apple Inc, Sells ...",0
2014-08-12,"Apple, Facebook Among 5 Top Rated Big Cap Stocks",0
2015-12-23,Apple Tax Charges 'Total Political Crap',0
2012-09-28,Apple iPhone 5 Launch: Round 2,0
2012-09-28,Apple iPhone 5 Launch: Round 2,0
2012-04-20,Does Apple Need Help Selling iPhones?,0
2012-04-20,Does Apple Need Help Selling iPhones?,0
2012-04-07,"Apple's iPad, iPhone, Stock Soar: Tech Weekly",0
2012-04-07,"Apple's iPad, iPhone, Stock Soar: Tech Weekly",0
2012-04-04,Apple Expands iPhone Carrier List With nTelos,1
2012-04-04,Apple Expands iPhone Carrier List With nTelos,1
2016-08-30,Apple Owes Ireland Billions - Good,1
2017-02-24,"Stock Indexes Down, But Apple, Tesla, Nvidia Stage Bullish Reversals",1
2014-07-21,Apple Earnings A Prelude Before iPhone 6 Launch,0
2013-09-10,Apple's new iPhones don't wow Wall Street,0
2012-03-09,5 Techs Fueling Fund Gains...Besides Apple,1
2017-12-27,Citrix Systems (CTXS) Grapples With Cost Woes: Time to Dump?,-1
2016-06-10,"Carl Icahn Sells Apple, Tegna, Paypal",0
2015-10-02,Apple buys voice assistant/language technology startup,0
2015-09-08,"Apple Siri, Speech-Based User Interfaces The Talk Of Tech",0
2014-07-03,"Nuance rocked by sale chatter, Apple Siri developments",0
2013-07-24,The iWatch: Apple's Next Big Thing,1
2013-04-08,Four companies Apple should buy and one it shouldn't,0
2013-02-13,Seven Stocks Go to the Woodshed While Apple Fills Gap,0
2013-02-13,Seven Stocks Go to the Woodshed While Apple Fills Gap,0
2013-02-08,"Apple Shines, LinkedIn Soars: Tech Winners & Losers",1
2013-02-08,"Apple Shines, LinkedIn Soars: Tech Winners & Losers",1
2013-02-08,"LinkedIn, Apple, Zynga: Tech Premarket",0
2013-02-08,"LinkedIn, Apple, Zynga: Tech Premarket",0
2013-01-25,Apple Supplier Cirrus Logic Sees Stock Rebound,1
2013-01-24,Apple Supplier Stocks Hurt By Apple's Weak Outlook,-1
2012-09-14,Cirrus Logic Stock Rises 7% On Apple Effect,1
2012-09-13,Apple iPhone 5 Suppliers See Rise In Shares,1
2012-09-13,Stocks Post Narrow Early Gains; Apple Climbs,1
2012-09-11,New Apple iPhone 5 A Mixed Bag For Nuance: Wedbush,-1
2012-09-06,Is Apple Eating Its Seed Corn?,0
2012-07-12,"Nuance, Apple's Siri Personal Assistants Hit The Road",0
2012-04-25,Apple Earnings Bring Joy To Tech-Land,1
2012-04-25,Apple Supplier Shares Up On iPad Maker's Q2 Report,1
2012-03-18,The Apple Effect: Does It Really Help?,1
2012-03-14,Stress Test Boosts Stocks; Apple Seizes New High,1
2012-03-07,4 Stocks Poised for Apple iPad 3 Boost,1
2012-03-07,4 Stocks Poised For Apple iPad 3 Boost,1
2012-02-13,Stocks Up In Late Afternoon; Apple Tops 500,1
2012-02-13,Stocks Up In Early Afternoon; Apple Briefly Tops 500,1
2012-02-13,Wall Street Rises On Greek Vote; Apple At New High,0
2012-02-11,Apple of Investors' Eye: Stock Nears $500,0
2012-02-11,Apple of Investors' Eye: Stock Nears $500,0
2012-02-10,Stocks Fall But Apple Climbs Despite Weak U.S. Data,1
2012-02-10,Apple Shines in Frenzied Tech Rally,1
2012-02-10,Apple Shines in Frenzied Tech Rally,1
2012-02-10,Apple's Gain Is Nuance's Pain (Correct),-1
2012-02-10,Apple's Gain Is Nuance's Pain,-1
2012-02-09,'Fast Money' Recap: Apple's Date With $500,0
2012-02-09,'Fast Money' Recap: Apple's Date With $500,0
2012-01-25,"Apple Considers Dividends, Acquisitions With Its Cash",0
2012-01-25,"Apple Considers Dividends, Acquisitions With Its Cash",0
2012-01-24,'Fast Money' Recap: Apple's Very High Bar,1
2012-01-24,'Fast Money' Recap: Apple's Very High Bar,1
2012-01-24,"CA, Apple, Fusion-io: After-Hours Trading",0
2012-01-24,"CA, Apple, Fusion-io: After-Hours Trading",0
2012-01-24,Apple Posts Blockbuster Holiday Sales Quarter,1
2011-11-22,Nuance Q4 Results Beat Views With A Push From Apple's Siri,1
2018-01-10,"DnB Asset Management AS Buys Apple Inc, T-Mobile US Inc, Alphabet Inc, Sells Intel Corp, ...",0
2017-01-10,Nasdaq Closes Higher; Apple Extends Gains On Product Buzz,1
2019-04-14,"Spotlight On Earnings, Pinterest And Apple-Qualcomm (Stocks To Watch Podcast)",0
2019-04-13,"Stocks To Watch: Spotlight On Earnings, Pinterest And Apple-Qualcomm",0
2015-09-28,"Zacks Investment Ideas feature highlights: Apple, Navigator Holdings, Prudential Financial, Transocean and SunCoke Energy",0
2018-06-08,"Tech sector under pressure from Apple suppliers, semi equipment stocks",-1
2015-12-11,Tsinghua Has $47B To Crush Apple Supplier Qualcomm,0
2018-04-27,"AbbVie's Q1: It May Be Biotech's Apple, Circa 2005",0
2018-01-29,Stocks Fall Broadly; 3 Reasons Why It's Too Early To Sell Apple,-1
2017-10-19,Sellers Come Into Nasdaq As Apple Lags; Another IPO Soars,-1
2017-06-14,"Stocks Fall On Rate Hike, Apple Down; Can This Group Supply New Buy Points?",-1
2016-03-20,"Investing Action Plan: Apple Event, Nike Earnings Headline Week",0
2015-07-22,"Apple, Microsoft Pull Nasdaq Lower; Cirrus Up Late",0
2010-11-15,"David Einhorn Buys Apple, Sells EMC",0
2020-05-04,"Top Analyst Reports for Apple, Berkshire Hathaway & Pfizer",0
2019-07-28,"Headliners Include Apple, Beyond Meat And IBM (Stocks To Watch Podcast)",0
2019-07-27,"Stocks To Watch: Headliners Include Apple, Beyond Meat And IBM",0
2019-04-28,"Eyes On Apple, Uber, F8 And Avengers (Stocks To Watch Podcast)",0
2019-04-27,"Stocks To Watch: Eyes On Apple, Uber, F8 And Avengers",0
2019-04-27,"Stocks To Watch: Eyes On Apple, Uber, F8 And Avengers",0
2018-05-15,"Glenview added Express Scripts, exited Apple in Q1",0
2017-05-08,"Nasdaq, S&P 500 Fight To Positive Finish; Apple Seizes New High",1
2017-05-08,Stocks Extend Losses But Apple Powers Ahead To Fresh High,1
2017-03-07,"Steven Cohen Sells Alphabet, Apple, Amazon",0
2016-10-12,"Outsider Trading: 10/12/16 - Ericsson Gets Hit, Apple In Spotlight, Sprint Showing Continued Weakness",-1
2016-01-19,Fitbit PT Cut; Apple Supplier Skyworks Upgraded,1
2015-12-14,Apple's Love/Hate Relationship With Taylor Swift Heats Up,-1
2015-12-14,"Stock Futures Dig Moderate Losses; Apple Stumbles, Jarden Leaps",-1
2019-12-12,TriMas (TRS) to Grapple With Weak Industrial Markets & Costs,-1
2019-03-25,Reports: Not all WSJ content headed into Apple News subscription,0
2019-03-20,NYT: Wall Street Journal joining Apple subscription news product,0
2018-09-08,"Stocks To Watch: Apple Event, Chinese Auto IPO To Headline",0
2018-09-07,Report: Apple discussing subscriptions for biggest papers,0
2013-12-02,Apple Objects to Monitor Fee in E-book Case - Analyst Blog,0
2013-09-06,Apple forced to hire external antitrust compliance monitor,-1
2013-08-12,Another Setback for Apple in e-book Pricing Case - Analyst Blog,-1
2013-08-06,"Apple's iTunes tops Netflix, Amazon in customer survey",0
2013-07-11,Apple Found Guilty in E-book Trial - Analyst Blog,0
2013-07-10,Apple Likely To Face More Lawsuits After E-Books Loss,-1
2013-07-10,"Apple loses e-books price-fixing case, violated antitrust law",-1
2013-06-14,Apple DOJ e-Book Clash Continues - Analyst Blog,0
2013-05-24,Apple unlikely to settle e-book price-fixing case,-1
2013-02-21,Worse Than Finding a Worm in Apple: Half a Worm,-1
2013-01-21,'Safe' Stocks That Do Better Than Apple in an Uncertain Market,1
2012-12-13,"Apple, Book Publishers Settle European Antitrust Case",0
2012-11-27,Sports Opens Door for Apple TV,0
2012-11-27,Sports Opens Door for Apple TV,0
2012-07-31,Apple,0
2012-07-26,Roku Gains Funding As Rival Apple TV Gathers Steam,1
2012-06-26,Apple Meets All Dow Criteria -- Except This Big One,1
2012-04-11,"U.S. Accuses Apple, Publishers Of E-Book Price Fixing",0
2012-04-11,Justice Dept. Accuses Apple Of E-Book Pricing Fixing,-1
2012-03-08,"Antitrust Suit Against Apple, Ebook Publishers?",-1
2012-02-15,Apple's Secret Gameplan?,1
2011-10-08,They Just Don't Get Apple!,0
2011-10-04,They Just Don't Get Apple!,0
2011-09-17,Don't Trade On This Unsourced Apple Rumor,0
2011-07-22,They Just Don't Get Apple!,0
2011-07-20,They Just Don't Get Apple!,0
2010-12-09,Sirius Would Get Bump From Apple's App Model,1
2019-12-06,"Oakmark Fund Buys Humana Inc, DXC Technology Co, Concho Resources Inc, Sells Apple Inc, Texas ...",0
2019-03-25,Reports: Not all WSJ content headed into Apple News subscription,0
2019-03-20,NYT: Wall Street Journal joining Apple subscription news product,0
2018-09-07,Report: Apple discussing subscriptions for biggest papers,0
2014-04-02,Can Roku Beat Apple to the Living Room?,1
2013-02-14,Forget Apple! Bet on Big Media Conglomerates,0
2013-02-14,Forget Apple! Bet on Big Media Conglomerates,0
2013-01-24,Apple's Crash: A Wall Street Tragedy,-1
2013-01-24,Apple's Crash: A Wall Street Tragedy,-1
2013-01-21,'Safe' Stocks That Do Better Than Apple in an Uncertain Market,1
2013-01-16,"Like Steve Jobs, Tim Cook Doesn't Care About Apple Stock",0
2013-01-16,"Like Steve Jobs, Tim Cook Doesn't Care About Apple Stock",0
2012-12-18,"2013 Predictions: Twitter's IPO, Apple's Evolution, Europe's Implosion and Obama's Big Year (Update 1)",0
2012-12-18,"2013 Predictions: Twitter's IPO, Apple's Evolution, Europe's Implosion and Obama's Big Year (Update 1)",0
2012-12-17,"2013 Predictions: Twitter's IPO, Apple's Evolution, Europe's Implosion and Obama's Big Year",0
2012-12-17,"2013 Predictions: Twitter's IPO, Apple's Evolution, Europe's Implosion and Obama's Big Year",0
2012-12-13,Apple settles EU e-book case,0
2012-12-06,Did Tim Cook Tip Us Off to What Apple TV Will Be?,0
2012-11-29,Sports Programming Will Not Be Part of Apple TV,0
2012-11-12,Roku Battles Apple TV In Streaming Video Market,-1
2012-09-19,Apple,0
2012-08-31,"Apple, publishers offer EU deal",0
2012-04-26,Forget Apple: 5 More Big Stocks to Trade for Gains,1
2012-04-11,Apple Sued Over E-Book Pricing: Report (Update 1),0
2012-04-11,Apple Sued Over E-Book Pricing: Report,0
2012-04-11,"Apple, Publishers Facing Antitrust Suit",-1
2012-03-08,DOJ Warns Apple on Collusion for E-Book Pricing,-1
2012-03-08,DOJ Warns Apple on Collusion for E-Book Pricing,-1
2011-12-19,"Prince's Twitter Stake Repeats Apple, Priceline Moves",0
2011-12-06,Apple Catches Europe's Antitrust Eye,1
2011-08-11,"Apple, Hydraulic Fracturing: Hot Trends",0
2011-07-22,Apple Reportedly Weighing Hulu Buy to Rival Netflix,0
2011-07-22,Apple Joins List of Hulu Suitors: Report,0
2011-07-07,"Apple's New Milestone, HTC's Acquisition",1
2011-06-07,Apple's Cloud; E3 Roundup,0
2011-01-13,Apple's New iOS: Morning Tech Bytes,0
2010-11-23,"HP's Solid Results, Apple: Morning Tech Bytes",1
2010-09-01,Apple Event Live Blog - September 2010,0
2018-09-08,"Stocks To Watch: Apple Event, Chinese Auto IPO To Headline",0
2019-01-16,"Semis, Apple suppliers face tough reports - KeyBanc",-1
2018-12-31,Cirrus Logic Investors: Navigating Through Apple's iPhone Uncertainties,-1
2018-04-30,Apple Stymies Qualcomm's Quarterly Results,0
2014-07-22,"Stocks Rise; Apple, Microsoft Steady In Post-Session",1
2018-08-15,"BW Gestao de Investimentos Ltda. Buys BRF SA, SPDR S&P 5……, Apple Inc, Sells iShares ...",0
2017-02-02,Apple Could Hit $134 - Cramer's Mad Money (2/1/17),1
2016-08-22,Berkshire Boosts Apple Stake And Other Moves From Top Managers,1
2015-12-23,Apple Tax Charges 'Total Political Crap',0
2019-09-08,"Apple, IPOs And German Auto (Stocks To Watch Podcast)",0
2019-09-07,"Stocks To Watch: Apple, IPOs And German Auto",0
2015-05-26,History Tells Us That This Apple Doesn't Fall Far From The Tree,0
2020-05-11,"Kahn Brothers Buys JPMorgan Chase, Navient Corp, Coal Creek Co, Sells New York Times Co, Apple ...",0
2019-04-28,"Eyes On Apple, Uber, F8 And Avengers (Stocks To Watch Podcast)",0
2019-04-27,"Stocks To Watch: Eyes On Apple, Uber, F8 And Avengers",0
2019-04-27,"Stocks To Watch: Eyes On Apple, Uber, F8 And Avengers",0
2019-03-29,What Does The New Services Mean For Apple?,0
2018-09-07,Report: Apple discussing subscriptions for biggest papers,0
2018-02-02,"New Buys By Top Funds: BofA Returns, But Apple Goes Missing",1
2016-12-30,"What Nvidia, Apple, Facebook Insiders Did Right Before Year-End",0
2015-09-25,"Google Skips Ads, Apple Allows Ad-Blocks, AOL Polls",0
2015-07-15,"Newspapers Get Cozier With Facebook, Apple, Twitter",0
2012-08-27,Stock Futures Rise Ahead of Jackson Hole; Apple Pops,1
2012-01-27,Apple CEO Tim Cook,0
2011-10-15,They Just Don't Get Apple!,0
2011-10-11,They Just Don't Get Apple!,0
2019-11-04,Swapping Apple For Apple - October Dividend Portfolio Update,0
2019-09-08,"Apple, IPOs And German Auto (Stocks To Watch Podcast)",0
2019-09-07,"Stocks To Watch: Apple, IPOs And German Auto",0
2019-08-09,This Is Why I Include Apple In My Income Portfolio Despite Its 1.5% Dividend Yield,0
2019-03-17,Buy Apple For Great Total Return And Future 10% Growth,1
2019-05-14,Appleseed Fund 2019 Semi-Annual Letter,0
2018-05-23,Appleseed Fund Q1 2018 Quarterly Commentary,0
2017-03-14,Apple: Antifragile It Is Not,0
2016-12-28,—' Questions With Adam Strauss of Appleseed Fund,0
2016-06-06,3-Way Apple V. Google V. Amazon Voice Assistant Battle Will Drive M&A,0
2017-07-28,"Apple, Tesla, Shale, Jobs To Dominate The Week: Investing Action Plan",1
2015-08-05,Slowing iPhone Growth Hits Apple; Disney Downgraded,-1
2012-11-29,"Cramer's 'Mad Money' Recap: Amazon, Google, Apple Are the Only Tech Stocks That Matter",0
2011-07-08,"Chesapeake, Apple: New Targets, Estimates",0
2019-04-24,"Pwmco Llc Buys Apple Inc, Berkshire Hathaway Inc, OceanFirst Financial Corp, Sells Prosperity ...",0
2018-09-08,"Stocks To Watch: Apple Event, Chinese Auto IPO To Headline",0
2017-05-03,Stocks Point Up: Facebook Falls; Musk's 'Delusional' Tesla-Apple Vision,0
2017-05-03,Apple Q2 Earnings Send Stocks Lower; Fed Rate Decision Looms,-1
2017-05-02,"Stocks Set To Fall On Apple; How To Play Facebook, Tesla Earnings",0
2017-05-01,"Apple, Opticals, Drug Giants Headline Tuesday's Investing Action Plan",0
2017-02-14,Stock Indexes Hang Tough: Apple Rises; Banks Up On Yellen Stance,1
2017-02-02,Stocks Off; Will These 4 Techs Follow Apple To Strong Gains In 2017?,1
2017-01-31,"Apple Earnings, Sales Top; Match Guides Low; AMD, Oclaro Beat",1
2017-01-30,"Apple, MasterCard, Exxon, EA, AMD, Fed: Investing Action Plan",0
2017-01-13,Week In Review: Trump Murders Drug Stocks; Apple Breaks Out; GM Bullish,1
2016-12-21,"Will Apple, Smartphone Makers Drive Lumentum, Finisar Sales?",0
2016-05-27,"Eye On Tech: Apple M&A Speculation Grows, And Google Triumphs Against Oracle",0
2012-12-05,"Stocks Open Mixed In Firm Trade; Apple Dives, Citigroup Surges",1
2012-11-20,"Apple Is Cheap, but Ocwen Is Even Cheaper!",1
2012-11-20,"Apple Is Cheap, but Ocwen Is Even Cheaper!",1
2012-10-31,Wall Street's Losses Deepen In Afternoon; Apple Sinks,-1
2015-06-04,Apple Will Not Dominate Car Infotainment - Cramer's Mad Money (6/3/15),0
2011-05-25,'Fast Money' Recap: Apple 'Dirt Cheap',1
2019-10-01,Tractor Supply Grapples With High Costs: Is Revival Likely?,-1
2018-04-28,"Stocks To Watch: Apple, FOMC And China On Tap",0
2016-05-13,"Week In Review: Apple, Macy's, Walt Disney Signal Consumer Slowdown",-1
2016-05-12,Apple And Disney Have Staying Power - Cramer's Mad Money (5/11/16),1
2016-05-11,"Apple, Disney PTs Cut; Office Depot, Staples Downgraded",-1
2016-02-03,Apple Is #2,0
2015-06-02,Will Office Depot's (ODP) Apple Watch App Woo Customers? - Analyst Blog,0
2014-10-28,"Apple Pay off to fast start with consumers, CEO says",1
2014-10-21,Office Depot One of the First to Accept Apple Pay - Analyst Blog,0
2012-09-05,Why Apple Is Checking Out Wal-Mart,0
2012-05-30,Lenovo Unveils New Tablet Computer Vs. Apple,0
2012-02-28,"Dow Just Under 13,000 As Stocks Give Up Some Gains; Apple Jumps",1
2011-06-17,Buy Apple!: Against the Grain,1
2010-04-07,"Apple: Analysts' Upgrades, Downgrades",0
2019-03-17,Buy Apple For Great Total Return And Future 10% Growth,1
2018-03-13,Road To Financial Independence: My February 88-Stock Portfolio Review With Big Apple Purchase,0
2018-02-26,Apple? Home Depot? MasterCard? Orbital ATK? What Should I Buy?,0
2017-12-15,"My Journey To Financial Independence: 86-Stock November Portfolio Update - Buying Apple, AbbVie And BMW",0
2016-08-21,"My Portfolio Update And Review Of 83 Stocks: Up 2 With Reynolds And Exelon, Down 1 With Apple",0
2020-04-09,"XR Securities LLC Buys SPDR S&P 5……, United States Oil Fund, Alerian MLP, Sells Apple ...",0
2017-08-15,"Dow Hangs On To Gains As Retail Weighs, But Apple Rises",-1
2017-07-25,"Stocks Mixed; Apple, Top Techs Still In Reach With These 2 Plays",0
2017-06-12,These 3 Sectors Ignore Market Sell-Off; Is Apple Done for Now?,0
2017-06-07,"Apple Boosts Dow; Gold, Oil Slip, But This Sector Outperforms Again",1
2017-05-09,"Apple, Airlines Get Buffett Boost, But Dow ETF Turns Negative",-1
2016-05-16,"Stock ETFs Pop Amid Buffett's Apple Buy; Gold ETF, Miners Trim Gains",1
2015-02-21,"S&P 500 Weekly Earnings Update: Ex-Apple And Energy, Q4 2014 Earnings Grow 4%-4.5%",1
2013-04-30,Techs Lead The Way Again; Apple Launches Huge Debt Offering,1
2013-04-30,"Apple Pulls Nasdaq Higher; Oil States Up, U.S. Silica Dives",1
2020-04-22,"Ingalls & Snyder Llc Buys Apple Inc, Berkshire Hathaway Inc, Abbott Laboratories, Sells ...",0
2019-04-14,"Spotlight On Earnings, Pinterest And Apple-Qualcomm (Stocks To Watch Podcast)",0
2019-04-13,"Stocks To Watch: Spotlight On Earnings, Pinterest And Apple-Qualcomm",0
2017-05-04,"Oil Stocks Plunge, Snap Looks Snappier; Time To Sell Apple? Or Hold Longer?",-1
2017-02-01,"Nasdaq, Helped By Apple, Leads Mixed Session; Fed Stands Pat",0
2017-02-01,"Apple, Jobs Data Bump Stocks Higher At The Open",1
2015-12-21,Stocks Step Out To Early Gains; Ericsson Jumps On Apple Deal,1
2015-03-18,Yield Play? Apple Paid $11 Billion In 2014 Dividends,0
2017-05-01,"ING Groep NV Buys Apple, Energy Transfer Equity LP, Sprouts Farmers Market, Sells Bank of ...",0
2017-02-01,"Nasdaq, Helped By Apple, Leads Mixed Session; Fed Stands Pat",0
2017-02-01,"Apple, Jobs Data Bump Stocks Higher At The Open",1
2019-12-31,"Stock Market Flat In Final Day Of 2019; Apple, Roku, Tesla Are Key Movers",0
2019-12-27,"Stock Market Hits More Record Highs; Amazon, Apple, Netflix, Tesla Are Key Movers",1
2019-12-26,Dow Jones Aims For New Closing High As Apple Fuels Stock Market Rally,1
2019-11-04,"Stock Market Rally Pushes Indexes To Highs; Big Oil, Apple Lead Dow",1
2019-10-31,"Peel Some Apple; Twitter Loses, TV Wins; Boeing CEO Must Go",-1
2019-10-31,"Dow Jones Futures Fall On China Trade Deal News; Apple, Facebook Lead Big Earnings Movers",1
2019-10-30,"Dow Jones Futures: Apple, Facebook Lead Big Earnings Movers After Fed Fuels Stock Market Rally",1
2019-09-12,Dow Jones Near Record High Amid U.S.-China Trade War News; Apple Stock In Buy Zone,1
2019-07-28,"Headliners Include Apple, Beyond Meat And IBM (Stocks To Watch Podcast)",0
2019-07-27,"Stocks To Watch: Headliners Include Apple, Beyond Meat And IBM",0
2019-06-14,"Universal Display, Bed Bath, Apple, Boeing and Intel highlighted as Zacks Bull and Bear of the Day",0
2019-01-30,"Semis, suppliers gain on Apple, AMD reports",0
2019-01-24,"Are Any Computer Stocks Worth Holding Now, Including Apple?",0
2018-11-05,Apple suppliers drop on production expansion halt,-1
2018-11-01,"Dow Jones Futures: Apple Stock Dives On Guidance, But Starbucks Signals Breakout",0
2018-09-12,Apple suppliers to watch during the fall event,0
2018-07-31,What to watch in Apple's Q3 report today,0
2018-06-08,"Tech sector under pressure from Apple suppliers, semi equipment stocks",-1
2018-06-08,NAR: Apple drops iPhone parts orders by 20%; supplier stocks dip,-1
2018-06-04,What Are Some Of The Tradable Impacts Of Apple Moving To All OLED Screens This Fall?,0
2018-05-29,Futures Slump On Italy Political Turmoil; Universal Display Spikes On Apple Report,-1
2018-03-19,"Apple Reportedly Producing MicroLED Screen, OLED Stocks Fall",0
2018-02-01,"Apple, Amazon Give AA Earnings Battery Charge To S&P 500, Nasdaq Futures",0
2018-01-25,Apple And What Else We Learned From Today's Wild Ride: S&P 500 Futures,0
2018-01-25,Stocks Back Off From New Highs; Apple Tests Key Support Level,0
2018-01-23,"Apple Lagging As OLED Breakouts Fail, iPhone Chips Struggle: S&P 500 Futures",-1
2017-11-03,Nasdaq Leads Stock Market Up; Apple Gaps Up,1
2017-11-02,The IBD 50's Top 3 Stocks Make Big Moves Late; Apple Eyes $900 Billion: S&P 500 Futures,0
2017-11-01,"Facebook, Tesla Hit S&P 500 Futures; Apple On Tap As iPhone Plays Falter",-1
2017-10-30,These 5 Apple iPhone Plays Are Near Buy Zones; S&P 500 Futures,1
2017-09-12,S&P 500 Hits Record High; Apple Falls Ahead Of iPhone X Launch,1
2017-08-07,"S&P 500 Futures: These 2 IBD 50 Stocks, Apple iPhone 8 Plays, Are Near Buys",0
2017-07-31,Apple Leads 5 Top Tech Stocks Near Buy Points Before Earnings This Week,1
2017-07-28,"Apple, Tesla, Shale, Jobs To Dominate The Week: Investing Action Plan",1
2017-05-08,Can Apple Keep Driving Dow By Itself? Two '99' Stocks With Earnings Due,0
2017-05-05,"Indexes Barely Budge, But Apple Scores All-Time High, Tesla Rebounds",1
2017-04-28,"Apple, Tesla, Facebook, Fed Will Grab Spotlight: Investing Action Plan",0
2017-02-28,"Apple Stock Gets Two Price-Target Increases, Hovers Near High",1
2017-02-24,"Dow Nails 11th Straight On Late Rally; Apple, Nvidia Score Upside Reversals",1
2017-02-24,"Stocks Close Up, Apple Still Crisp; Did Nvidia Show A Bottoming Signal?",-1
2017-02-24,"Dow Threatens To End Win Streak As Apple, Goldman Weigh; Is Nvidia Reversing?",-1
2017-02-15,Possible OLED Use In Apple Phones Seen Boosting Two Screen Tech Firms,0
2017-02-14,Apple Stock Hits Record High As Company Orders OLED Displays For iPhone 8,1
2016-10-03,Apple Might Use OLED Screen On Just One Model iPhone 8,0
2016-08-05,"Stocks Rally, On Track For Weekly Gain, As Apple, Merck Lead The Dow",1
2016-07-27,Nasdaq Up As Fed Stands Pat On Rates; Will Apple Break Its Downtrend?,0
2016-07-06,OLED Display Shortage Could Crimp Apple's iPhone 8 Plans,-1
2016-06-17,Likely Apple OLED Display Supplier Gets Cautious Report,-1
2016-06-08,"Synaptics' Apple Business Safe For Another iPhone, Says Rosenblatt",0
2016-06-07,"Samsung Might Beat Apple To Bendable Phones, But Not In Galaxy Line",1
2016-05-27,Apple's OLED iPhone Decision Could Lift These Companies,1
2016-05-24,"Will Apple iPhone 7 Sell, With Bigger Upgrade Coming Next Year?",0
2016-05-23,Stocks Edge Up; Apple Atop Dow On iPhone Report As Suppliers Soar Too,1
2016-05-23,Universal Display soars on Apple-related Goldman upgrade,0
2016-05-20,"Eye On Tech: Apple Grows Its Indian Presence, And Yahoo Bids Come In Light",1
2016-04-26,Stocks Mixed Ahead Of Fed; Apple Gets Whacked,-1
2016-04-26,Stocks Quiet Ahead Of Fed; Apple Tests Support,1
2016-04-18,"Stocks Steady; Disney Leads, Apple Lags On Dow",1
2016-03-30,Fed Effect Boosts Stocks; Apple Gets Buy Rating,1
2016-03-30,"Stocks Extend Post-Fed Gains; Apple, Visa Lead Dow",1
2016-03-30,"Buyers Maintain Upper Hand; JPMorgan, Apple Buoy Dow",1
2016-03-30,"Apple Stock Upgraded To Buy On iPhone 7, 8 Prospects",1
2016-03-29,"Stocks Get Fed Boost; Apple, Microsoft Lead Dow",1
2016-03-29,Stocks Rally On Fed Comments; Apple Leads Dow,1
2016-03-28,Apple's Reported 2017 iPhone Plans Could Mean Its 2-Year Upgrade Cycle Is Over,0
2016-03-08,Apple Making The Perfect Smartphone For Donald Trump,1
2016-03-07,Stocks Give Up Gains; Apple Weighs On Nasdaq,-1
2016-03-01,Stocks Extend Rally; Apple Retakes Key Support,1
2015-12-30,Apple Talks For New iPhone Display Boosts Universal,1
2015-12-30,Stocks Give Back Some After Tuesday's Rally; Apple Weighs On Dow,-1
2015-12-30,"Stocks Open With Losses, But Volume Slides; Apple Down 1%",-1
2015-12-30,"Stock Futures Quietly Lower; Universal, LG Display Get Apple Lift",1
2015-12-23,Smartphones moving to AMOLED screens; Is Apple next?,0
2015-12-06,Will Apple Switch To OLED Screens?,0
2015-11-25,Stocks Mixed; OLED Maker Soars On Apple's Rumored iPhone Switch,-1
2015-11-25,Report: Apple to begin using OLED iPhone displays in 2018,0
2015-11-19,"Universal Display surges amid Apple patent application, LG OLED TV buzz",1
2015-05-22,Apple might copy Samsung with OLED phone displays,0
2015-05-21,Universal Display Up on Prospects of Apple Adopting OLED - Analyst Blog,0
2015-05-20,Universal Display higher amid Apple speculation,1
2015-03-10,InvenSense: MWC And Apple's Media Event,0
2018-10-28,Apple Looks To Recharge Tech Sector (Stocks To Watch Podcast),0
2018-10-27,Apple Looks To Recharge Tech Sector,0
2015-10-05,"Apple, Nike, Facebook Among The World's Top Brands",0
2013-06-05,Will Apple's iRadio Erase Pandora? - Analyst Blog,0
2018-11-30,"New Research Coverage Highlights Omeros, Apple, Bio-Rad Laboratories, Cott, Darling ...",0
2012-04-02,"Weekly CEO Sells Highlight: Darden Restaurants, Omnova Solution, Apple Inc., Lululemon Athletica",0
2019-04-28,"Eyes On Apple, Uber, F8 And Avengers (Stocks To Watch Podcast)",0
2019-04-27,"Stocks To Watch: Eyes On Apple, Uber, F8 And Avengers",0
2019-04-27,"Stocks To Watch: Eyes On Apple, Uber, F8 And Avengers",0
2018-03-24,Stocks To Watch: Back To School For Apple,0
2015-01-23,Apple Watch to supercharge use of wireless charging,0
2014-04-21,Is Apple (AAPL) Poised to Beat Earnings Estimates? - Analyst Blog,1
2020-02-19,"The Zacks Analyst Blog Highlights: Apple, Eagle Bancorp Montana, Onconova Therapeutics, Proteostasis Therapeutics and Abeona Therapeutics",0
2019-04-28,"Eyes On Apple, Uber, F8 And Avengers (Stocks To Watch Podcast)",0
2019-04-27,"Stocks To Watch: Eyes On Apple, Uber, F8 And Avengers",0
2019-04-27,"Stocks To Watch: Eyes On Apple, Uber, F8 And Avengers",0
2019-04-26,"Apple, IBM, Costco among those expected to raise payouts next week",0
2017-04-07,"Insiders Roundup: Apollo Global Management, Apple",0
2014-12-02,Why Opko Health Is a Better Investment Than Apple,1
2016-10-25,Wall Street Breakfast: Apple Earnings Take Center Stage,0
2015-03-17,Wall Street Breakfast: Here Comes Apple's Web TV Service,0
2015-01-28,Wall Street Breakfast: Apple Makes Quarterly Profit History,0
2019-01-08,John And Jane's Taxable Account Dividend Increases And Income Tracker - The Apple Effect,0
2020-02-07,"USA Financial Portformulas Corp Buys Microsoft Corp, Apple Inc, Procter & Gamble Co, Sells ...",0
2015-09-09,Stocks Give Up Gains And Go Red; Apple Falls As Big Event Starts,1
2015-08-24,"Momentum Buy Candidates: Apple, Skyworks And Autozone",1
2015-03-03,"Top Funds Buying Rackspace, Allergan, Biogen Idec, Apple",0
2015-01-28,Stock Indexes Turn Mixed; Apple Stays Strong,-1
2012-09-13,Stocks Post Narrow Early Gains; Apple Climbs,1
2019-03-24,Apple Makes Its Video-Streaming Move (Stocks To Watch Podcast),0
2019-03-23,Stocks To Watch: Apple Makes Its Video-Streaming Move,0
2019-03-24,Apple Makes Its Video-Streaming Move (Stocks To Watch Podcast),0
2019-03-23,Stocks To Watch: Apple Makes Its Video-Streaming Move,0
2018-10-28,Apple Looks To Recharge Tech Sector (Stocks To Watch Podcast),0
2018-10-27,Apple Looks To Recharge Tech Sector,0
2017-11-03,"Appleton Group Wealth Management Llc Buys Oshkosh Corp, Plexus Corp, Schwab US Aggregate Bond",0
2019-07-31,"Trellus Management Company, LLC Buys Alphabet Inc, Ebix Inc, Apple Inc, Sells Spotify ...",0
2019-07-09,"Nasdaq Leads As Amazon, Facebook Break Out; Apple Gains",1
2019-03-24,Bitter Apple Puts,0
2018-06-02,"Stocks To Watch: Eyes On Apple's WWDC, SCOTUS And D.C.",0
2014-11-21,"The Electronic Payment Wave: Apple Pay, PayPal, Alipay",0
2011-06-15,"SEC Could Use 'Naked-Shorting,' Apple Alerts",0
2011-05-11,"Apple, Google Take Over Big Brother Role",0
2011-02-24,Apple's New Mac: Morning Tech Bytes,0
2016-08-30,Wall Street Breakfast: Apple Slammed In EU Tax Crackdown,-1
2016-07-01,Jay Z Sells Out To Apple,0
2016-09-12,"Stocks Close At Highs; Apple, Wal-Mart Lead Dow",0
2016-09-12,"Stocks March Higher On Fed's Brainard; Apple, Wal-Mart Lead Dow",1
2016-03-21,"The Monday Morning Kickoff - Apple's Monday Event, Nike's Earnings, More Fed Head Jawboning And Good Friday",0
2015-01-27,"USAT, OTIV rally after Apple Pay announcement",0
2014-10-27,oti and Cantaloupe Systems to Benefit From Apple Pay Adoption in North American Vending Market,1
2014-10-21,oti and USA Technologies Ready for Apple Pay,0
2015-09-25,Apple iPhone buybacks could crush Outerwall's ecoATM,1
2015-06-24,"Stocks Fade On Greece News, But Icahn Likes Apple's Future",0
2015-04-15,"Teens love iPhones, Netflix, but not hot for Apple Watch",0
2014-10-08,"Apple, Netflix, GameStop score well in U.S. teen survey",1
2014-02-19,Apple iPhone beats rivals for resale activity,1
2013-10-07,"Stocks Open Lower, Trade Rises; Apple Advances On Upgrade",1
2015-05-19,Apple Supplier OmniVision Offers A 14% Annual Return,1
2014-08-07,"Apple, Lithia Motors Test Key Support Areas",0
2013-01-25,Apple Supplier Cirrus Logic Sees Stock Rebound,1
2013-01-23,Apple iPhone Sales Miss; 1st Earnings Dip In 10 Years,-1
2013-01-22,Apple Q1 Earnings To Settle iPhone Demand Rumors,0
2012-08-31,"Splunk, OmniVision, Apple: Tech Premarket",0
2012-08-31,"Splunk, OmniVision, Apple: Tech Premarket",0
2012-04-26,10 Stocks Poised to Rise in Apple's Wake,1
2010-10-29,Apple iPad Should Boost OmniVision,1
2010-07-27,Tapping Apple With 3 Cheaper Stocks,1
2010-07-19,Tapping Apple With 4 Cheaper Stocks,1
2010-04-13,New Focus for Apple iPhone: Exclusive,0
2010-03-10,Tapping Apple With Four Cheaper Stocks,1
2015-05-14,"The Zacks Analyst Blog Highlights: Apple, Alibaba Group Holding, Orbitz Worldwide and Gaiam - Press Releases",0
2015-05-13,Apple in Talks with Alibaba to Take Apple Pay to China - Analyst Blog,0
2015-02-12,"Apple At New High, Nasdaq Poised To Test Bubble Peak",1
2015-02-12,Apple Lifts Nasdaq To Its Highest Level Since Bubble,1
2012-06-26,"Apple Roundup: Macs, Passbook",0
2012-06-26,"Apple Roundup: Macs, Passbook",0
2019-09-08,"Apple, IPOs And German Auto (Stocks To Watch Podcast)",0
2019-09-07,"Stocks To Watch: Apple, IPOs And German Auto",0
2019-03-24,Apple Makes Its Video-Streaming Move (Stocks To Watch Podcast),0
2019-03-23,Stocks To Watch: Apple Makes Its Video-Streaming Move,0
2018-09-08,"Stocks To Watch: Apple Event, Chinese Auto IPO To Headline",0
2017-02-14,"Diker Management Llc Buys Sothebys, HubSpot, Zendesk, Sells Apple, Rosetta Stone, Dollar Tree",0
2020-05-13,"Mayo Investment Advisers Llc Buys The Mosaic Co, Sells Apple Inc, United Airlines Holdings Inc, ...",0
2020-05-12,"Mrj Capital Inc Buys Eaton Corp PLC, Sells Apple Inc, JPMorgan Chase, Aon PLC",0
2019-11-13,"Asahi Life Asset Management Co., Ltd. Buys Boeing Co, Apple Inc, Goldman Sachs Group Inc, Sells ...",0
2019-10-30,"Small Step Back Ahead of Fed, Apple",0
2018-05-08,"Boulegeris Investments, Inc. Buys Intel Corp, Applied Materials Inc, 'M Co, Sells Apple Inc, ...",0
2017-05-02,"Sheaff Brock Investment Advisors, LLC Buys Dr Pepper Snapple Group Inc, Fidelity National ...",0
2017-04-28,"Apple, Tesla, Facebook, Fed Will Grab Spotlight: Investing Action Plan",0
2017-04-13,"Salem Capital Management Inc Buys Occidental Petroleum, PayPal Holdings, Apple, Sells ...",0
2016-08-21,"My Portfolio Update And Review Of 83 Stocks: Up 2 With Reynolds And Exelon, Down 1 With Apple",0
2016-05-20,"Week In Review: 'Live' Fed, Buffett's Apple Bite, Wal-Mart EPS, Self-Driving Traffic Jam",0
2016-01-22,"Netflix, Apple Supplier Avago Lead New Insider Trades",0
2013-01-24,"Apple's Cash Horde, Ever Growing, Equal to 30% of Market Cap",1
2012-02-15,'Fast Money' Recap: Apple's Big Reversal,1
2012-02-15,'Fast Money' Recap: Apple's Big Reversal,1
2012-01-22,"Apple, Top Manufacturers Lead S&P 100 Earnings Due",0
2011-11-02,'Fast Money' Recap: Apple Dividend Coming?,1
2017-04-11,"Dow, S&P 500 Test Key Support As Caterpillar, Apple Weigh; Chip Stocks Sell Off",-1
2017-01-12,"Stocks Pare Losses; Apple, Disney Weigh On Dow; Can Nvidia Halt Slide?",-1
2016-12-01,Nasdaq Slumps On Chip Weakness; Apple Lags On IPhone 7 Concerns,-1
2016-12-01,Nasdaq Loses Key Support As Techs Sell Off; Apple Extends Losing Streak,-1
2016-10-11,"Stock Open Lower; Apple, Caterpillar, Airlines Climb",0
2015-10-20,Tesla Skids On Reliability Report; Is Apple Music Gaining Traction?,1
2015-10-14,"Dow Gets Hit By Apple, Boeing, Wal-Mart; Netflix Sinks After Hours",0
2019-03-24,Apple Makes Its Video-Streaming Move (Stocks To Watch Podcast),0
2019-03-23,Stocks To Watch: Apple Makes Its Video-Streaming Move,0
2017-02-14,"Walleye Trading LLC Buys Apple, Plains All American Pipeline LP, Micron Technology, Sells ...",0
2012-02-01,"Top 3 Big-Cap Leaders: Apple, Intel And F5 Networks",0
2020-04-15,"Searcy Financial Services Inc Buys First Trust DJ Internet Index Fund, Apple Inc, Sells ...",0
2012-08-27,"Nasdaq Rises Slightly On Apple; S&P 500, Dow Fall Modestly",0
2020-05-15,"CMT Capital Markets Trading GmbH Buys Apple Inc, Ford Motor Co, The Kraft Heinz Co, Sells Wells ...",0
2020-02-23,Dow Jones Futures Dive As Stock Market Faces Coronavirus Pandemic Fears; Apple Eyes Buy Point,1
2019-04-14,"Dow Jones Futures Soar: Stock Market Plotlines Converge, From Apple To China Trade",0
2019-04-05,Stock Market Rallies On Strong Jobs Report; Can Apple Stock Break Out?,1
2018-10-03,"Dow Sets Record High On Strong Job Growth, Apple Hits New High",1
2018-09-10,Tech Stocks Turn Red As Apple Extends Losing Streak,1
2018-09-07,"Tesla Slammed, Stocks Fall As Economists See Inflation Firming; Why Apple's Drop Is Normal",-1
2018-06-03,"Dow Jones Futures: Apple, Palo Alto Neworks, HealthEquity, Merck, Loxo Oncology",0
2018-06-02,"Stocks To Watch: Eyes On Apple's WWDC, SCOTUS And D.C.",0
2018-05-25,Nasdaq Rises In Mixed Stock Market; When Is It Time To Buy Apple Again?,0
2018-02-27,"Tech Stocks Under Selling Pressure, But Apple Reaches A New High",-1
2017-07-07,Palo Alto Vs. Apple: Why Not Every Break Of Support Is A Sell Signal,0
2017-03-01,"Dow Hits 21K As Trump Boosts Stocks; Financials, Apple Up; Snap Set To Debut",1
2017-03-01,Stocks Soar To Record Highs As Big Banks Fuel Dow; How High Can Apple Go?,1
2016-11-20,"Apple, Palo Alto, Applied Materials Near Buy Points: Stocks To Watch",1
2016-11-19,"Black Friday, Apple, Sina, Weibo In Focus For Investing Action Plan",0
2016-09-13,"Acacia, Ambarella, Apple, Facebook Lead Wednesday's Investing Plan",0
2016-09-02,"Week In Review: Apple Vs. EU, Hiring So-So, Auto Sales Fall, Salesforce Guides Low",-1
2016-06-24,"Apple, Facebook, Palo Alto: Tech Stocks To Buy After Brexit Deluge",1
2016-05-27,"Eye On Tech: Apple M&A Speculation Grows, And Google Triumphs Against Oracle",0
2016-04-14,"Seagate Warns, GoPro Hires An Apple Designer, And Intel's President Criticizes His Company",-1
2016-03-31,Billions Of Apple iPhones May Be Vulnerable To Attack: Check Point,-1
2016-03-27,"Weekly CFO Sells Highlight: Workday, Palo Alto Networks, Apple",0
2016-03-24,"Apple, Tesla, Facebook, Netflix Lead Week's Insider Trades",0
2016-03-07,Apple Customers Hacked In First Known Mac Ransomware Blitz,-1
2016-02-08,"LinkedIn, Tableau Specter Haunts Apple Chips, Security Stocks",0
2015-12-10,"Stratasys, Hain Join Apple As Top Piper Jaffray Picks",0
2015-12-03,Apple Supplier Avago PT Raised; Square Starts At Buy,1
2015-12-03,"Apple Supplier Avago, Palo Alto Networks PTs Raised",1
2015-11-25,"Palo Alto Networks, Apple Chip Supplier ADI Upgraded",0
2015-10-11,"Weekly CFO Sells Highlight: Apple, Palo Alto Networks, Adobe Systems Inc.",0
2015-09-23,3 Cybersecurity Stock Picks on Apple Breach,0
2015-09-16,"Pentagon Calls For Tech Focus, Touts Apple Siri Role",0
2015-09-11,"Apple, GoPro, Gilead Lead The Week's Insider Sales",0
2015-09-10,"Stocks Extend Gains As Apple, Palo Alto Make Big Moves",1
2015-04-29,Buy Apple After It Settles - Cramer's Mad Money (4/28/15),1
2015-03-09,Stocks Gain In Slow Trading Ahead Of Apple News,1
2014-09-27,"Weekly CFO Sells Highlight: Apple Inc, Facebook Inc, Palo Alto Networks Inc.",0
2014-09-10,"Stocks Slip Into Mixed Terrain; Apple Rises, Palo Alto At High",-1
2014-09-10,"Stock Futures Sketch Thin Gains; Apple Flat, Palo Alto In Motion",1
2014-09-02,"Apple, Home Depot Breaches Boost Security Stocks",1
2014-06-10,"Synaptics, Apple, Verint Among Top Computer Stocks",0
2012-12-07,"Netflix, Apple, Palo Alto Networks: Tech Winners & Losers",-1
2012-12-07,"Netflix, Apple, Palo Alto Networks: Tech Winners & Losers",-1
2012-12-07,"RIM, Cisco, Apple: Tech Premarket",0
2012-12-07,"RIM, Cisco, Apple: Tech Premarket",0
2012-10-05,"Apple, Oracle Other Notable Techs Fall Below 50-Day",-1
2012-09-11,"Palo Alto Networks, Apple, Google: Tech Premarket",0
2012-09-11,"Palo Alto Networks, Apple, Google: Tech Premarket",0
2016-11-29,"Nasdaq Backs Off Record High As Stocks, Apple Fade Late",1
2016-11-27,"Apple, Amazon, Best Buy, Ulta Beauty: Stocks To Watch As Holidays Kick Off",0
2018-06-02,"Stocks To Watch: Eyes On Apple's WWDC, SCOTUS And D.C.",0
2016-06-10,"Week In Review: Yellen Hits Brakes, Apple App-nomics, Tesla Safety Fears",0
2016-01-05,3 Acquisitions That Would Immediately Change Apple's Valuation Debate,0
2014-11-21,"The Electronic Payment Wave: Apple Pay, PayPal, Alipay",0
2014-05-20,Apple 'NFC' iPhone 6 Speculation Gives NXP A Lift,1
2014-05-13,Apple Uses VeriFone Shell in New mPOS System - Analyst Blog,0
2012-12-14,Stocks Socked Despite Upbeat China Numbers; Apple Falls,-1
2012-12-14,"Stocks Futures Mixed; Apple, United Technologies Decline",1
2012-09-18,Apple Could Kill Off VeriFone,1
2012-09-18,Apple Could Kill Off VeriFone,1
2012-03-09,5 Techs Fueling Fund Gains...Besides Apple,1
2019-12-13,"Stocks Mixed As Trump Reveals Trade Deal Details; Apple, Visa, Amex Shine On Dow",-1
2019-12-06,"Stock Market Renews Bullish Rise On Strong Jobs Data; Apple, Tesla Jump",1
2019-11-20,"Dow Jones Futures: China Trade Deal News Cools Apple, AMD, Tesla; A New Hope For Stock Market Rally",1
2019-08-26,"Market Bulls Run Again On Renewed Trade Deal Optimism; Apple, Facebook Pop",1
2019-08-26,"Dow Jones Jumps On U.S.-China Trade Optimism; Apple, Boeing, Nike Rally",1
2019-07-30,"Dow Jones Futures: Apple, AMD Lead Key Earnings Movers; Stock Market Rally Awaits Fed Rate Cut",1
2019-07-29,Apple Earnings Due As Stock Nears Buy Point: Investing Action Plan,1
2019-03-25,"Dow Jones Falls, Small Caps Rebound; Can Apple Conquer This New Chart Test?",1
2018-10-29,"What To Expect From The Apple Product Launch, Facebook Earnings: Investing Action Plan",0
2018-08-09,Apple Leads Nasdaq Charge Again; These 4 Sectors Lead The Stock Market,1
2018-08-05,Dow Jones Futures: Apple's Breakout And 23 More Reasons To Pay Attention This Week,0
2018-08-01,"Apple, Paycom Surge, But Dow Jones Wilts; This Key Sector Sinks",-1
2018-08-01,Apple Stock Fuels Modest Tech Rally As Fed Statement Looms Large,1
2018-08-01,Tech Stocks Lead As Apple Hits New Buy Point On Earnings Beat,1
2018-08-01,"Apple, Trade War Threats Divide Stock Futures Ahead Of Fed Vote",-1
2018-07-31,"After Hours: Apple Hits Buy Zone, Targets $1 Trillion; These Hot Stocks Soar",1
2018-07-31,Stocks Pare Early Gains; Apple Earnings On Tap,1
2018-07-30,Apple Earnings Due As Stock Market Leaders Disintegrate: Dow Jones Futures,0
2018-07-30,"Apple, China Internets, These Top Software Stocks Report Earnings: Investing Action Plan",0
2018-07-22,"Move Aside, Apple: These 4 Hot Software Stocks Are In Or Near Buy Range",0
2018-05-03,"Stocks Take Late-Day Plunge Despite Apple, Fed",-1
2018-05-01,"Apple Powers After-Hours Advance; Market Looks Toward Fed, Oil Reports",0
2018-04-30,S&P 500 Futures: These 3 Stock Market Drags Continue With Apple Earnings Due,-1
2018-04-10,Apple (AAPL) Launches Red iPhone 8 and 8 Plus to Boost Sales,1
2018-03-29,Apple to Benefit from India's New Used Goods Import Policy,1
2018-03-06,Apple (AAPL) Rides on Wearables with New Premium Headphones,0
2018-02-26,"Apple Shifts iCloud Data to China, Complies With Country Law",0
2018-02-23,Apple to Offer Upgraded Version of Wireless AirPods in '18,0
2017-08-02,Apple Breakout Fading As Market Reverses Lower,-1
2017-07-31,Apple Leads 5 Top Stocks With Earnings Tuesday: Action Plan,0
2017-07-28,"Apple, Tesla, Shale, Jobs To Dominate The Week: Investing Action Plan",1
2017-06-12,"Stocks Lower As Netflix, Apple Flash A Troubling Signal",-1
2017-05-03,"Fed Speaks, Market Yawns; Dow Edges Up; Techs Pressured But Apple Fights Back",-1
2017-05-03,Apple Q2 Earnings Send Stocks Lower; Fed Rate Decision Looms,-1
2017-05-01,"Apple, Opticals, Drug Giants Headline Tuesday's Investing Action Plan",0
2016-08-03,"Stocks Stay Positive As Oil Surges; Apple, Disney Lead Dow, Pfizer Lags",1
2016-01-08,"Stocks Hold Modest Losses, But Apple, Microsoft Lead Dow Gainers",1
2015-10-20,Tesla Skids On Reliability Report; Is Apple Music Gaining Traction?,1
2015-09-14,"Stocks Fall In Quiet Trading; Chip Names, Apple, Buffer Nasdaq 100",0
2015-09-14,"Stock Futures Eke Out Thin Gains; Early Risers: Apple, Solera",0
2015-08-11,Stocks Slump In Higher Volume; China Devaluation Bad News For Apple,-1
2015-05-06,"Stocks Bleed More Red; Apple, LinkedIn Pressured Again",-1
2015-01-28,Nasdaq Recovers After Reversal; Apple Shines Brightly,1
2019-03-24,Apple Makes Its Video-Streaming Move (Stocks To Watch Podcast),0
2019-03-23,Stocks To Watch: Apple Makes Its Video-Streaming Move,0
2018-10-02,"Apple, Intel Lift Dow To New High, But Nasdaq Falls Again",0
2018-03-24,Stocks To Watch: Back To School For Apple,0
2017-10-12,"Professional Advisory Services Inc Buys JM Smucker Co, Apple Inc, Intel Corp, Sells PayPal ...",0
2017-02-17,"Laffer Investments Buys Schlumberger, Medtronic PLC, Union Pacific, Sells Apple, Exxon Mobil, ...",0
2016-12-23,"Week In Review: Dow 20K Elusive; Boeing Meets Trump; Apple, Netflix Near Buys",-1
2016-09-28,Stocks Modestly Lower Near Midday; Apple Rises On iPhone 7 Report,0
2016-09-13,"Acacia, Ambarella, Apple, Facebook Lead Wednesday's Investing Plan",0
2010-03-05,Cramer's 'Stop Trading': Buy Apple,1
2017-08-03,"Robert Olstein Buys Alphabet Inc, Apple Inc, Western Digital Corp, Sells Vitamin Shoppe Inc, ...",0
2019-04-14,"Spotlight On Earnings, Pinterest And Apple-Qualcomm (Stocks To Watch Podcast)",0
2019-04-13,"Stocks To Watch: Spotlight On Earnings, Pinterest And Apple-Qualcomm",0
2019-04-01,"Double-Digit Increases From Apple, Costco, Xilinx Among 14 Dividend Increases From Companies In April",1
2016-08-30,Apple Owes Ireland Billions - Good,1
2016-08-23,Apple Wants You To Feel Better,1
2018-07-13,Energy Recap: Apple Launches Clean Energy Fund In China,0
2018-04-13,Energy Recap: Apple Comes Clean?,1
2015-03-09,Blue Chips Outperform In Quiet Trade; Apple Gives Back Gains,1
2015-03-09,Blue Chips Pace Up Session; All Eyes On Apple Watch,0
2019-05-01,Apple and Nu Skin Enterprises among consumer gainers; Pitney Bowes leads the losers,-1
2012-11-29,"Cramer's 'Mad Money' Recap: Amazon, Google, Apple Are the Only Tech Stocks That Matter",0
2018-12-03,Oil Groups Lead Stock Market Up; Will These 3 Large Cap Stocks Beat Apple In December?,1
2018-08-03,"The Zacks Analyst Blog Highlights: Apple, Procter & Gamble, Citigroup, Petrobras and Aflac",0
2018-08-02,"Top Research Reports for Apple, Procter & Gamble & Citigroup",0
2016-01-27,"The Rally Continues, But Apple May Slow The Momentum - Bezek's Daily Briefing",-1
2015-04-28,"HealthStream, Petroleo Brasileiro and Apple highlighted as Zacks Bull and Bear of the Day - Press Releases",0
2015-04-28,Wall Street Breakfast: Apple Posts Another Record Quarter,1
2015-02-11,Wall Street Breakfast: Apple's Market Cap Closes Above $700B,0
2015-01-28,Wall Street Breakfast: Apple Makes Quarterly Profit History,0
2013-02-07,Cramer's 'Mad Money' Recap: The Apple of My Eye,0
2012-08-01,How Does Apple Rank Vs Other Companies Hoarding Cash?,0
2018-07-13,Energy Recap: Apple Launches Clean Energy Fund In China,0
2018-04-13,Energy Recap: Apple Comes Clean?,1
2016-06-10,"Carl Icahn Sells Apple, Tegna, Paypal",0
2016-02-19,"Carl Icahn Buys AIG, Reduces Apple",0
2016-02-03,Apple Is #2,0
2015-12-30,Bold Bets For 2016 - From Apple To Icahn,0
2015-12-29,"Amazon Soars, Apple Rebounds As Stocks Rally To Big Gains",1
2015-12-23,Apple Tax Charges 'Total Political Crap',0
2015-12-14,Apple's Love/Hate Relationship With Taylor Swift Heats Up,-1
2011-06-05,Market Preview: Apple's Jobs in Spotlight,0
2017-04-19,"Kessler Investment Group, LLC Buys Apple, Freeport-McMoRan, Aircastle, Sells Exxon Mobil, ...",0
2015-07-07,Apple: A Top Fidelity Manager Sticks By The Stock,0
2014-07-23,"Stock Futures Up, But Wobbly; Boeing, Apple, Biogen Rising",1
2019-09-10,Wall Street Breakfast: Annual Apple Extravaganza,0
2019-07-28,"Headliners Include Apple, Beyond Meat And IBM (Stocks To Watch Podcast)",0
2019-07-27,"Stocks To Watch: Headliners Include Apple, Beyond Meat And IBM",0
2018-09-12,Wall Street Breakfast: Big Display At Apple Product Event,0
2015-02-11,"Akamai Technologies (AKAM) Strong Momentum, First Solar (FSLR) Solar Farm Mega-Deal with Apple ...",1
2015-02-10,"Akamai Technologies (Nasdaq:AKAM) Strong Momentum, First Solar (Nasdaq:FSLR) Solar Farm Mega-Deal with Apple (Nasdaq:AAPL)",1
2014-02-21,"Tesla Battery Factory Might Power Up SolarCity, Apple",0
2010-10-18,'Fast Money' Recap: Apple Buying Opportunity?,1
2019-06-02,"Apple's WWDC, DuPont's Return And Tariff Anxiety (Stocks To Watch Podcast)",0
2019-06-01,"Stocks To Watch: Apple's WWDC, DuPont's Return And Tariff Anxiety",0
2018-08-02,Apple Helps the NASDAQ Stay in the Green,1
2015-08-10,"Stocks End With Solid Gains; Apple, Caterpillar Pump Up The Dow",1
2015-08-10,"Stocks Open Up In Mixed Trade; Apple, Boeing, CyberArk Climb",0
2014-11-14,"Wallace Weitz Buys Discovery Communications, Sells Apple in Q3",0
2014-05-05,"Apple Tops 600, Among Bolting RS Line Stocks",1
2019-10-30,"Small Step Back Ahead of Fed, Apple",0
2015-02-11,"Stocks Mixed, Mostly Unchanged; Apple Extends Gains",1
2020-01-02,"Dow Jones Scores 150-Point Gain, Led by Boeing, Intel, Apple; Software Stocks Rally Sharply",1
2019-12-06,"Stock Market Renews Bullish Rise On Strong Jobs Data; Apple, Tesla Jump",1
2020-02-18,"Belpointe Asset Management LLC Buys Invesco S&P 5…… Low Volatility, Apple Inc, XAI ...",0
2018-10-03,"Sound Income Strategies, LLC Buys Invesco Emerging Markets Sovereign Debt, Apple Inc, iShares ...",0
2015-03-03,"Top Funds Buying Rackspace, Allergan, Biogen Idec, Apple",0
2018-11-14,"The Zacks Analyst Blog Highlights: Apple, Diodes, Himax, ACM and Park City",0
2019-04-28,"Eyes On Apple, Uber, F8 And Avengers (Stocks To Watch Podcast)",0
2019-04-27,"Stocks To Watch: Eyes On Apple, Uber, F8 And Avengers",0
2019-04-27,"Stocks To Watch: Eyes On Apple, Uber, F8 And Avengers",0
2012-01-31,Appleseed's Top Picks Revealed,1
2012-01-31,Appleseed's Top Picks Revealed,1
2020-04-16,"Westside Investment Management, Inc. Buys Apple Inc, Cronos Group Inc, PDL BioPharma Inc, Sells ...",0
2018-04-19,Apple Tops This Stock Play That Focuses On Relative Strength,1
2017-07-19,Apple Tops These 2 Growth Stock Plays In Buy Range,1
2019-03-24,Apple Makes Its Video-Streaming Move (Stocks To Watch Podcast),0
2019-03-23,Stocks To Watch: Apple Makes Its Video-Streaming Move,0
2018-07-31,Can Apple Save Us From this Tech Wreck?,-1
2018-05-04,The 'Apple Of Oil' Sees Bigger Dividend Lasting Through Oil Swings,1
2017-04-28,"Apple, Tesla, Facebook, Fed Will Grab Spotlight: Investing Action Plan",0
2017-01-13,Week In Review: Trump Murders Drug Stocks; Apple Breaks Out; GM Bullish,1
2016-11-30,Stocks Near Lows As Oil Surges; Goldman Leads Dow But Apple Weighs,0
2016-11-01,"Watch Facebook, Alibaba, Apple, Fed: Wednesday Investing Action Plan",0
2016-09-29,"Stocks Slip, But CAT Jumps; Why Apple, Amazon Still Act Like Leaders",1
2016-09-08,"Stocks Down As Apple Backtracks, But These Energy Shares Are Rallying",-1
2016-08-30,Stocks Drop Mildly; Investors Yawn At Apple's $14.5 Billion Tax Bill,-1
2020-02-05,"Chartist Inc Buys Truist Financial Corp, Apple Inc, Vanguard Growth ETF, Sells New Jersey ...",0
2018-12-31,My High Dividend Yield Picks For 2019: Apple Hospitality And Pattern Energy,1
2019-06-02,"Apple's WWDC, DuPont's Return And Tariff Anxiety (Stocks To Watch Podcast)",0
2019-06-01,"Stocks To Watch: Apple's WWDC, DuPont's Return And Tariff Anxiety",0
2018-05-14,"10 Computer Groups Weigh On Stocks, But Apple Steady; Will The Gaming Sector Get Hot?",-1
2019-11-18,"Ancora Advisors, LLC Buys Apple Inc, L'Harris Technologies Inc, Bank of America Corp, Sells ...",0
2019-11-15,"Ancora Advisors, LLC Buys Apple Inc, L'Harris Technologies Inc, Bank of America Corp, Sells ...",0
2013-01-08,"Perion, Apple, Facebook: Tech Premarket",0
2013-01-08,"Perion, Apple, Facebook: Tech Premarket",0
2016-12-15,Columbia Sportswear Grapples with Headwinds: Time to Sell?,-1
2013-01-28,"Stocks Turn Mixed, Apple Rises; Stratasys, 3D Systems Tumbling",-1
2012-12-18,"Futures Point To Positive Open; Apple, Bank Of America Rising",1
2012-11-15,"Stocks Down, Volume Rises; Apple Falls To 6-Month Low",1
2012-10-08,"Stocks Fall As Apple Hurts Nasdaq, But PetSmart, CarMax Up",-1
2012-10-08,What Stock Matches Apple's One-Year Advance and Is All the Rage Down at the Dog Park?,0
2012-08-15,What is It? Apple's Dying Product Line Has Sales Bigger Than All of Facebook,1
2017-12-18,"Bulls Charge Higher; Apple, Financial Stock Try For Breakouts",1
2017-12-01,"BioTelemetry Ties Up With Apple, Grows in Cardiac Monitoring",0
2017-11-29,"GNC Holdings Grapples With Margin Weakness, Stiff Competition",-1
2015-06-30,"Apple to Introduce ""Force Touch"" Feature in Next iPhone - Analyst Blog",0
2015-06-02,"The Zacks Analyst Blog Highlights: Apple, Google, Lenovo Group and PetMed Express - Press Releases",0
2015-06-01,Apple Music Taking Aim: Will Spotify Go Down? - Analyst Blog,0
2015-05-27,Apple (AAPL) Shares Decline as Mesa Facility Catches Fire - Analyst Blog,-1
2015-04-21,Will Google's Android Wear Hit Apple Watch Frenzy? - Analyst Blog,0
2015-11-25,"Palo Alto Networks, Apple Chip Supplier ADI Upgraded",0
2020-05-15,"Symmetry Partner, LLC Buys Apple Inc, SPDR Select Sector Fund - Utilities, Vanguard Short-Term ...",0
2020-02-07,"HCR Wealth Advisors Buys Vanguard High Dividend Yield Index Fund, Apple Inc, First Trust ...",0
2015-03-18,Yield Play? Apple Paid $11 Billion In 2014 Dividends,0
2019-10-01,"Dow Jones Futures: Apple Strong But Stock Market Rally Fragile; JPMorgan, Proofpoint Falter; Tesla Deliveries Downside",1
2019-10-01,"Dow Jones Futures Rise, Led By JPMorgan, Goldman Sachs; Apple Stock In Buy Range",1
2019-09-30,Dow Jones Futures: Apple A Buy After Modest Stock Market Rally; Microsoft Leads 5 Software Stocks Near Buy Points,1
2018-02-08,Bears Claw Stocks Again; Will Apple Keep Its Uptrend Intact?,-1
2017-06-12,"Futures: 3 Top Tech Stocks In Buy Range As Apple, FANGs Falter",0
2017-01-27,"Expectations High For Apple, Facebook, Amazon Ahead Of Earnings",1
2016-09-13,"Acacia, Ambarella, Apple, Facebook Lead Wednesday's Investing Plan",0
2016-08-05,Apple iPhones' 'Bulletproof' Security Drubs Samsung In BYOD Battle,0
2016-06-09,"Fitbit Started At Buy; Apple Supplier Qorvo, LinkedIn Upgraded",1
2016-03-31,Billions Of Apple iPhones May Be Vulnerable To Attack: Check Point,-1
2015-04-17,"Seeking Alpha's Biotech Weekly: Celgene Check-Up, Is Gilead The New Apple?, And More",0
2019-09-08,"Apple, IPOs And German Auto (Stocks To Watch Podcast)",0
2019-09-07,"Stocks To Watch: Apple, IPOs And German Auto",0
2019-01-24,Markets Grapple With Government Dysfunction,0
2019-01-09,Apple Didn't Tell Us Anything New About China,0
2018-08-06,Apple's $1 Trillion Lesson And Benefits - Weekly Blog # 536,0
2016-01-26,"Tricky Tuesday - China, Apple And The Fed",0
2012-06-11,"Stocks to Watch: Apple, GE (Update 1)",0
2019-06-02,"Apple's WWDC, DuPont's Return And Tariff Anxiety (Stocks To Watch Podcast)",0
2019-06-01,"Stocks To Watch: Apple's WWDC, DuPont's Return And Tariff Anxiety",0
2018-07-28,"Stocks To Watch: Apple, Harley And Tesla On The Marquee",0
2020-05-15,"Quantitative Investment Management, LLC Buys 'M Co, Tesla Inc, Apple Inc, Sells iShares Inc ...",0
2020-02-12,"NFC Investments, LLC Buys Tortoise Midstream Energy Fund,, Progressive Corp, Apple Inc, Sells ...",0
2018-09-08,"Stocks To Watch: Apple Event, Chinese Auto IPO To Headline",0
2017-09-11,Stocks End Higher On Irma Bounce; Apple Supplier Takes Buy Point,1
2017-09-11,"Stock Futures Advance; Apple, Tesla, Travelers Stake Early Leads",0
2017-05-15,"Diamond Hill Sells Apple, IBM, Cisco",0
2015-03-18,Yield Play? Apple Paid $11 Billion In 2014 Dividends,0
2019-08-14,Grab A 4.5% Yield From The Big Apple With SL Green Realty,0
2017-12-08,"Paramount Group: Bet On The Big Apple, 20% Conservative Upside",1
2020-05-06,"Appleton Group Wealth Management Llc Buys ProShares UltraShort Dow'…, Sells Schwab U.S. ...",0
2019-11-18,"Alyeska Investment Group, L.P. Buys Microsoft Corp, Apple Inc, L'Harris Technologies Inc, ...",0
2019-11-14,"Alyeska Investment Group, L.P. Buys Microsoft Corp, Apple Inc, L'Harris Technologies Inc, ...",0
2019-05-02,"25 Upcoming Dividend Increases Including Apple, Exxon And One Dividend King",1
2019-04-14,"Spotlight On Earnings, Pinterest And Apple-Qualcomm (Stocks To Watch Podcast)",0
2019-04-13,"Stocks To Watch: Spotlight On Earnings, Pinterest And Apple-Qualcomm",0
2017-01-25,"Midwest Investment Management Llc Buys Visa Inc, DaVita Inc, Apple Inc, Sells Fastenal Co, ...",0
2016-05-12,Apple And Disney Have Staying Power - Cramer's Mad Money (5/11/16),1
2019-06-02,"Apple's WWDC, DuPont's Return And Tariff Anxiety (Stocks To Watch Podcast)",0
2019-06-01,"Stocks To Watch: Apple's WWDC, DuPont's Return And Tariff Anxiety",0
2017-03-15,"If Apple Is Serious About The Car, It Should Buy GM (And A Health Insurance Company Too)",0
2016-02-26,"Microsoft, Not Apple Or Alphabet, Is Wearables King … In Patents",0
2014-06-02,"Apple Software Updates Focus On Health, Home Control",0
2012-12-04,"Apple, Samsung May Face Reckoning Like Japan's Firms",-1
2012-04-16,"Zacks Bull and Bear of the Day Highlights: Invesco, Philips Electronics N.V., Hewlett-Packard, Dell and Apple - Press Releases",0
2016-02-03,Apple Is #2,0
2019-07-28,"Headliners Include Apple, Beyond Meat And IBM (Stocks To Watch Podcast)",0
2019-07-27,"Stocks To Watch: Headliners Include Apple, Beyond Meat And IBM",0
2019-04-14,"Spotlight On Earnings, Pinterest And Apple-Qualcomm (Stocks To Watch Podcast)",0
2019-04-13,"Stocks To Watch: Spotlight On Earnings, Pinterest And Apple-Qualcomm",0
2018-07-28,"Stocks To Watch: Apple, Harley And Tesla On The Marquee",0
2014-09-25,Apple Fuels Tech Sell-Off; Valeant Bucks The Trend,1
2013-10-22,"Stocks Open On Positive Note; Whirlpool, Netflix, Apple Climb",1
2012-12-17,Stocks Climb In Mixed Volume; Apple Turns Positive,1
2012-10-23,Stocks Mixed In Afternoon; Apple Up Ahead Of New IPad,0
2012-10-19,Stocks Down In Afternoon; Apple Falls Below Buy Point,-1
2012-03-29,Apple Set For No. 6 Dividend Yield Among Top Stocks,0
2012-03-29,Apple Set For No. 6 Dividend Yield Among Top Stocks,0
2012-01-24,Apple Shares Soar After Earnings; Indexes Close Mixed,1
2012-01-23,"Apple, Celgene Lead IBD 50 Earnings This Week",0
2019-11-13,"TCG Advisors, LP Buys Putnam Master Intermediate Income Trust, Exxon Mobil Corp, Apple Inc, ...",0
2012-09-13,"Stocks to Watch: Apple, Pier 1, Dole",0
2012-09-13,"Stocks to Watch: Apple, Pier 1, Dole",0
2020-02-11,"Summit Financial Strategies, Inc. Buys Packaging Corp of America, Apple Inc, Intel Corp, Sells ...",0
2013-09-16,Uptrend Gains Traction Ahead Of Fed; Apple Gives Up Support,1
2011-06-02,"Apple, Qualcomm: New Targets, Estimates",0
2018-08-05,"Should You Buy Apple Now? Plus, A Look At 4 Other Bullish Charts",0
2018-08-02,The $1 Trillion Question: What Does Apple Have In Common With These Top Stocks?,0
2012-03-08,"Amphenol, Jabil Part Of Apple's Manufacturing Team",0
2015-02-05,Apple And IBM Enter The PowerShares Buyback ETF,0
2014-02-10,Apple Stock Repurchases Puts Buyback ETF in Focus - ETF News And Commentary,0
2013-10-24,Is Carl Icahn Right About an Apple Stock Buyback? - Real Time Insight,0
2017-02-01,"Nasdaq, Helped By Apple, Leads Mixed Session; Fed Stands Pat",0
2016-08-23,Apple Wants You To Feel Better,1
2016-07-20,A New Apple Partnership?,0
2016-07-01,Jay Z Sells Out To Apple,0
2016-06-06,3-Way Apple V. Google V. Amazon Voice Assistant Battle Will Drive M&A,0
2019-03-24,Apple Makes Its Video-Streaming Move (Stocks To Watch Podcast),0
2019-03-23,Stocks To Watch: Apple Makes Its Video-Streaming Move,0
2016-02-12,Chip Equipment Makers Eye An Era Of Waning Apple iPhone Demand,-1
2019-09-08,"Apple, IPOs And German Auto (Stocks To Watch Podcast)",0
2019-09-07,"Stocks To Watch: Apple, IPOs And German Auto",0
2018-09-08,"Stocks To Watch: Apple Event, Chinese Auto IPO To Headline",0
2017-08-22,"Brinker (EAT) Grapples With High Costs, Soft Industry Trends",-1
2017-06-12,Nasdaq Leads Drop; Why GE Is Not A Buy Yet; Sell Apple Or Hold?,-1
2017-06-02,Politics May Upstage Apple's Show-And-Tell: Investing Action Plan,0
2017-03-28,"Dow Upends Losing Streak: Amazon, Apple Do Heavy Lifting",-1
2017-03-28,"Stocks Rally Higher Into Final Hour; Apple, Tesla, Financials Surge",1
2017-03-28,Stocks Mixed As Dow Holds Narrow Gains; Will Apple Score A Record High?,1
2017-03-23,Stocks Slightly Higher Ahead Of Vote; Apple Acquires Startup WorkFlow,1
2017-03-13,Stocks Mixed; Can These 3 IBD 50 Names Keep Up With Apple?,0
2017-03-10,Stocks Up; Apple Shines; Which Specialty Retailers May Lead The Bulls?,1
2017-01-13,Week In Review: Trump Murders Drug Stocks; Apple Breaks Out; GM Bullish,1
2016-12-05,Techs Pace Early Gains; Apple Acknowledges Automation Interest,1
2016-09-07,"Stocks Nearly Flat As Apple Fails To Excite, But Nintendo Soars",-1
2016-09-06,Indexes Nearly Flat; China Names Rise; Apple Up Ahead Of iPhone Event,1
2016-08-29,Stock Close Off Highs; Acacia Soars; Apple Sets Sept. 7 Event,0
2016-06-15,Stocks Hold Gains After Fed Stands Pat On Rates; Apple Extends Rally,1
2016-06-10,"Week In Review: Yellen Hits Brakes, Apple App-nomics, Tesla Safety Fears",0
2016-03-29,"Stocks Get Fed Boost; Apple, Microsoft Lead Dow",1
2016-03-29,Stocks Rally On Fed Comments; Apple Leads Dow,1
2015-12-30,Stocks Give Back Some After Tuesday's Rally; Apple Weighs On Dow,-1
2015-12-10,"Stocks: Weak Open, Thin Gains; LendingTree, Chipotle, Apple Up",-1
2015-10-02,Stocks Remain Near Session Highs; Apple Goes Positive On Target News,1
2015-09-10,"Stocks Extend Gains As Apple, Palo Alto Make Big Moves",1
2019-10-15,"Skechers, The Children???s Place, Netflix, Apple and Disney highlighted as Zacks Bull and Bear of the Day",0
2017-03-23,Stocks Slightly Higher Ahead Of Vote; Apple Acquires Startup WorkFlow,1
2016-05-16,"Warren Buffett Buys Apple, One Of Two Things Buffett Is Doing That He Doesn't Do",0
2015-05-11,Ericsson Again Sues Apple on Global Licensing Agreement - Analyst Blog,0
2015-02-18,"Soros Dumps Apple, Buys China",0
2012-04-05,"Polycom, Apple: Premarket Movers",1
2012-04-05,"Polycom, Apple: Premarket Movers",1
2019-08-29,"Douglas Dynamics, Louisiana Pacific, Facebook, Apple and Microsoft highlighted as Zacks Bull and Bear of the Day",0
2017-01-11,Apple AirPods Wireless Earbuds Off To Fast Start,1
2020-02-17,"GSB Wealth Management, LLC Buys Apple Inc, TC Energy Corp, ViacomCBS Inc",0
2017-11-03,"Appleton Group Wealth Management Llc Buys Oshkosh Corp, Plexus Corp, Schwab US Aggregate Bond",0
2016-01-08,Apple Reads Your Mind,0
2015-12-08,Apple Supplier NXP Muscles Up With Freescale Merger,0
2015-12-08,"Apple iPhone, IoT, Mergers Lift Avago Near Buy Zone",1
2015-11-24,Microsemi Ousts Apple Supplier Skyworks In PMC Deal,0
2015-11-19,Two Apple Suppliers Among 3 Top Overseas Chipmakers,0
2015-11-19,Two Apple Suppliers Among 3 Top Overseas Chipmakers,0
2015-11-19,Two Apple Suppliers Among 3 Top Overseas Chipmakers,0
2015-11-19,Two Apple Suppliers Among 3 Top Overseas Chipmakers,0
2015-11-19,Chip Fever: Microsemi Ups PMC Bid Over Apple Supplier,0
2015-11-05,"Apple Suppliers Skyworks, Qorvo Up On Guidance",0
2015-11-05,"Apple Suppliers Skyworks, Qorvo Up On Guidance",0
2015-10-30,"Chip Frenzy: Apple Supplier, Microsemi Trade Punches",0
2015-10-21,Skyworks Solutions: Irrational Fears About Apple Make It A Solid Buy,1
2015-10-19,Microsemi Outbids Apple Supplier Skyworks For PMC,0
2015-10-06,Stocks Mixed As Tesla Skids But Apple Avoids Supplier Stock Sell-Off,-1
2015-10-06,PMC Jumps As Apple Supplier Skyworks Preps $2 Bil Buy,1
2015-10-06,Illumina Downgraded; Apple Supplier Skyworks PT Cut,-1
2015-10-06,Apple Supplier Skyworks To Buy PMC-Sierra For $2 Billion,0
2015-05-27,"Avago Soars On Apple iPhone, But Storage May Hurt Q2",-1
2015-05-27,"Avago Soars On Apple iPhone, But Storage May Hurt Q2",-1
2015-05-27,"Avago Soars On Apple iPhone, But Storage May Hurt Q2",-1
2019-09-08,"Apple, IPOs And German Auto (Stocks To Watch Podcast)",0
2019-09-07,"Stocks To Watch: Apple, IPOs And German Auto",0
2017-03-10,Apple Goes Hollywood,0
2016-05-11,"Apple, Disney PTs Cut; Office Depot, Staples Downgraded",-1
2015-04-17,Global Worries Sink U.S. Stocks; Apple Breaches Support Level,-1
2016-08-21,"My Portfolio Update And Review Of 83 Stocks: Up 2 With Reynolds And Exelon, Down 1 With Apple",0
2017-10-31,"Will Tech ETFs Hit New Highs Post Facebook, Apple Earnings?",-1
2019-11-18,"Ancora Advisors, LLC Buys Apple Inc, L'Harris Technologies Inc, Bank of America Corp, Sells ...",0
2019-11-15,"Ancora Advisors, LLC Buys Apple Inc, L'Harris Technologies Inc, Bank of America Corp, Sells ...",0
2019-04-29,"Cubic Asset Management, LLC Buys Carnival Corp, Apple Inc, AdvanSix Inc, Sells Cigna Corp, ...",0
2018-05-15,"Glenview added Express Scripts, exited Apple in Q1",0
2017-08-03,"Gabelli Funds Llc Buys Panera Bread Co, Navistar International Corp, Dr Pepper Snapple Group ...",0
2017-02-13,Apple Rises On AR iPhone Hopes; Weibo And Momo Are Buys; Nucor Upgraded,1
2016-10-28,"Week In Review: Apple, Amazon, Alphabet Are A-Listers On Crowded Earnings Stage",0
2016-10-26,"Stocks Open Lower; Apple, Edwards Dive; Akamai Surges",1
2016-10-25,"Apple Undercuts Buy Point On So-So Q4; Chipotle, Edwards Life Weak",-1
2016-07-26,"Apple Earnings On Tap; Twitter, Edwards Lifesciences, Panera Bread Report",0
2016-07-18,"Apple Supplier ARM, 3D Stocks Downgraded; Intel, Chipotle PTs Raised",-1
2016-04-29,The Week In Review: Is Apple Still A Growth Enterprise? Is America?,0
2016-04-26,"Apple, Twitter, Chipotle Fall As Big Earnings Reports Disappoint",-1
2016-04-25,"What To Expect From Apple, Lockheed, Chipotle, Reynolds And Twitter",0
2015-10-15,Can Zoe's Hip Med Menu Lure Loyal Fans Like Apple?,-1
2015-10-09,"Apple Pay Coming to Starbucks, KFC in 2016",0
2015-08-13,Apple Pay to Support American Express Corporate Cards,0
2015-02-20,Apple Pay vs. Samsung's LoopPay? - Analyst Blog,0
2015-01-28,5 key points from Apple's record holiday quarter,1
2015-01-28,Apple Starts Fiscal 2015 with a Bang - Performance Beyond Anything Ever Seen,0
2014-12-19,"Apple Pay catching on fast, poses threat to PayPal",-1
2014-10-21,Office Depot One of the First to Accept Apple Pay - Analyst Blog,0
2014-09-11,5 top retailers join Apple Pay,0
2014-09-11,Top 5 Retailers Partnering With Apple On Its E-Wallet,0
2014-09-10,Panera (PNRA) to Simplify Payment by Integrating Apple Pay - Analyst Blog,0
2014-09-04,Apple Drops on Samsung's Reveal,-1
2013-04-24,Stocks Open Lower In Higher Trade; Apple Down After Earnings,-1
2013-04-24,"Futures Slip On Orders Data; Boeing, Ford Rise, Apple Slides",-1
2013-04-23,"Indexes End Near Highs Ahead Of Earnings from Apple, Cree",0
2013-04-23,"Stocks Pull Back Late Session; Apple, Panera Earnings On Tap",0
2020-02-26,Dow Jones Loses Early Big Gain; Why Apple Stock Is Not At A Buy Point Yet,-1
2020-02-23,Dow Jones Futures Dive As Stock Market Faces Coronavirus Pandemic Fears; Apple Eyes Buy Point,1
2019-10-30,"Small Step Back Ahead of Fed, Apple",0
2019-08-06,"Nasdaq Leads As Market's Rally Gathers Steam; Dow Stocks Apple, Nike And Microsoft Bounce Back",1
2015-10-05,M&A Daily: Paving Way For Apple Car?,0
2019-06-02,"Apple's WWDC, DuPont's Return And Tariff Anxiety (Stocks To Watch Podcast)",0
2019-06-01,"Stocks To Watch: Apple's WWDC, DuPont's Return And Tariff Anxiety",0
2019-04-28,"Eyes On Apple, Uber, F8 And Avengers (Stocks To Watch Podcast)",0
2019-04-27,"Stocks To Watch: Eyes On Apple, Uber, F8 And Avengers",0
2019-04-27,"Stocks To Watch: Eyes On Apple, Uber, F8 And Avengers",0
2019-04-26,"Apple, IBM, Costco among those expected to raise payouts next week",0
2018-08-01,"Own Apple, Don't Trade It - Cramer's Mad Money (7/31/18)",0
2019-07-28,"Headliners Include Apple, Beyond Meat And IBM (Stocks To Watch Podcast)",0
2019-07-27,"Stocks To Watch: Headliners Include Apple, Beyond Meat And IBM",0
2017-08-29,"Dr Pepper Snapple Strong on RCI Program, CSD Volumes Weak",1
2016-04-15,Stocks Lower In Afternoon; Apple Falls On iPhone Demand Fears,-1
2015-02-06,WSJ: Applegate Farms puts itself on the block,0
2014-11-14,"Wallace Weitz Buys Discovery Communications, Sells Apple in Q3",0
2014-10-21,Can Dr Pepper Snapple (DPS) Surprise This Earnings Season? - Analyst Blog,0
2016-09-16,Week In Review: Apple iPhone Demand Lifts Markets; GM Takes On Tesla,1
2016-08-30,Apple Owes Ireland Billions - Good,1
2010-06-29,Stock Offerings: Maui Land & Pineapple,0
2018-06-13,"Power Integrations could gain from Apple design win, analyst says",1
2017-06-27,"Apple, Chips Lead Stocks Down; Are These 4 Tech Leaders Issuing A 'Sell'?",-1
2015-12-30,Bold Bets For 2016 - From Apple To Icahn,0
2017-03-06,Apple Chip Deal?,0
2018-11-15,Above the 40 – An Apple Breakdown Nudges Stock Market Toward Oversold,-1
2017-05-05,"Tesco Pension Investment Ltd Buys American Express Co, Apple Inc, PPG Industries Inc, Sells ...",0
2017-03-10,Apple Goes Hollywood,0
2015-11-25,"Palo Alto Networks, Apple Chip Supplier ADI Upgraded",0
2013-01-14,"Stocks to Watch: UPS, Apple",0
2013-01-14,"Stocks to Watch: UPS, Apple",0
2010-07-16,"Cramer's Stop Trading!: Apple, GE, Verizon",0
2012-09-24,"Stocks Slide on Eurozone Worries, Apple",-1
2013-01-24,"Apple's Cash Horde, Ever Growing, Equal to 30% of Market Cap",1
2020-01-23,"Copperwynd Financial, LLC Buys Apple Inc, Target Corp, Qualcomm Inc, Sells Fastenal Co, Charter ...",0
2012-09-24,Cramer's 'Mad Money' Recap: Expectations Jinxing Apple (Final),0
2015-08-10,"Stocks End With Solid Gains; Apple, Caterpillar Pump Up The Dow",1
2012-10-04,"This Fund Manager Beats the S&P, Shuns Apple and Loves a Certain Metric",0
2018-11-19,Stock Futures Mixed As Apple Reportedly Slashes iPhone Production,-1
2018-10-26,"First National Bank of Hutchinson Buys Apple Inc, Microsoft Corp, Laboratory Corp of America ...",0
2018-09-05,Tech Stocks Struggle As Apple Threatens To Snap Win Streak,-1
2016-05-05,Stocks Pare Gains; Apple On Track For 2-Year Low,1
2016-05-03,"Stocks Deep In Red, But Apple, Pfizer Defy Sell-Off",-1
2016-01-06,"Stocks, Oil Battered Again; Apple Slumps; CES Chatter Lifts Netflix",1
2019-10-11,"Gemmer Asset Management LLC Buys Visa Inc, Mastercard Inc, Apple Inc, Sells Salesforce. ...",0
2017-07-27,Apple In Focus Ahead Of Earnings As 2 Big-Cap Funds Set Up,0
2020-01-13,Apple Uses Daisy to Extract & Recycle Minerals From iPhones,0
2019-09-08,"Apple, IPOs And German Auto (Stocks To Watch Podcast)",0
2019-09-07,"Stocks To Watch: Apple, IPOs And German Auto",0
2017-06-05,Stocks Down As Apple Dips; IBD 50 Plays Generally Up,-1
2016-05-13,"Week In Review: Apple, Macy's, Walt Disney Signal Consumer Slowdown",-1
2016-04-25,Stocks Quiet Ahead Of Fed; How Will Apple Fare?,1
2012-08-03,"Apple, Other Leaders Shaping Bases In Wild Market",0
2019-03-24,Apple Makes Its Video-Streaming Move (Stocks To Watch Podcast),0
2019-03-23,Stocks To Watch: Apple Makes Its Video-Streaming Move,0
2017-05-09,"Apple Up, Nasdaq Leads Stocks; Will Nvidia, Coherent Jam On Q1 Results?",0
2017-01-13,Stocks Mixed As Dow Gives Up Gains; Why Is Apple's Breakout Stalling?,-1
2016-12-27,"Dow Backs Off 20,000; Netflix, Apple Near Buy Points",1
2018-05-22,Hearing Date Set in ParkerVision's Patent Infringement Case Against Qualcomm and Apple,0
2017-06-23,German Court Decision in ParkerVision v. Apple Infringement CaseÂ Â Awaits Validity Ruling,0
2017-02-13,ParkerVision A Buy After Apple Lawsuit Expands,1
2015-12-15,"ParkerVision sues Apple, Samsung, others in ITC complaint",-1
2018-08-01,"Wall Street Breakfast: Fed, Apple, Tariffs",0
2014-01-03,"Stocks Remain Mixed; Apple, Google Weigh On Nasdaq",-1
2020-05-01,"General American Investors Co Inc Buys Berkshire Hathaway Inc, Scorpio Tankers Inc, Apple Inc, ...",0
2019-07-31,"Trellus Management Company, LLC Buys Alphabet Inc, Ebix Inc, Apple Inc, Sells Spotify ...",0
2019-06-02,"Apple's WWDC, DuPont's Return And Tariff Anxiety (Stocks To Watch Podcast)",0
2019-06-01,"Stocks To Watch: Apple's WWDC, DuPont's Return And Tariff Anxiety",0
2017-07-31,"Oakworth Capital, Inc. Buys Apple Inc, iShares —…+ Year Treasury Bond ETF, iShares Russell ...",0
2017-05-01,"Seminole Management Co., Inc. Buys Apple Inc, Vodafone Group PLC, CBS Corp, Sells T-Mobile US ...",0
2017-02-07,"Los Angeles Capital Management & Equity Research Inc Buys Apple, Citigroup, Bank of ...",0
2015-09-28,"Zacks Investment Ideas feature highlights: Apple, Navigator Holdings, Prudential Financial, Transocean and SunCoke Energy",0
2015-01-13,GoPro Drops On Apple Patent; Turmoil In Stocks,-1
2018-02-26,Apple? Home Depot? MasterCard? Orbital ATK? What Should I Buy?,0
2016-12-02,Comparing Income - Apples (Realty Income) To Oranges (Prospect Capital),0
2019-12-13,"Apple, semis gain on trade text deal",0
2019-09-11,"Semis gain after Apple event, trade optimism",1
2019-08-23,"Apple, chip stocks take a beating after China tariffs, Trump tough talk",1
2019-08-13,"Semis, Apple gain on tariff news",1
2013-01-30,"Hey, Let's Get Into Manufacturing and Compete Against Apple: Name the Company",0
2012-12-19,Apple expanding in the U.S.,0
2012-05-08,"Apple, Nonprofits Push Digital College Textbooks",0
2012-04-11,Apple Sued Over E-Book Pricing: Report (Update 1),0
2012-04-11,Apple Sued Over E-Book Pricing: Report,0
2012-03-08,"Antitrust Suit Against Apple, Ebook Publishers?",-1
2012-03-08,DOJ Warns Apple on Collusion for E-Book Pricing,-1
2012-03-08,DOJ Warns Apple on Collusion for E-Book Pricing,-1
2012-01-24,"Apple Crushes Views On iPhone Sales, Outlook Bullish",1
2012-01-24,Top 5 Things To Look For In Apple Q1 Earnings Report,0
2012-01-24,Top 5 Things To Look For In Apple Q1 Earnings Report,0
2012-01-21,Hot iPhone Sales To Fuel Apple's Q1 Report,1
2012-01-19,"Apple Seeks To Revolutionize Textbooks, Education",0
2012-01-19,"Apple Seeks To Revolutionize Textbooks, Education",0
2012-03-19,"Zacks' Voice of the People highlights opportunities with Apple, Home Depot, Pacific Sunwear and Chico's FAS - Press Releases",1
2019-01-08,John And Jane's Taxable Account Dividend Increases And Income Tracker - The Apple Effect,0
2016-04-26,Stocks Mixed Ahead Of Fed; Apple Gets Whacked,-1
2016-04-26,Stocks Quiet Ahead Of Fed; Apple Tests Support,1
2019-10-30,"Small Step Back Ahead of Fed, Apple",0
2011-12-15,"The Zacks Analyst Blog Highlights: Hewlett-Packard, Cisco Systems, Apple, Dell and Patterson-UTI Energy - Press Releases",0
2019-06-02,"Apple's WWDC, DuPont's Return And Tariff Anxiety (Stocks To Watch Podcast)",0
2019-06-01,"Stocks To Watch: Apple's WWDC, DuPont's Return And Tariff Anxiety",0
2020-01-30,"Earnings Season Scorecard and Research Reports for Apple, PetroChina & Others",0
2020-01-17,"Google Parent Company Alphabet Joins The Trillion Dollar Club With Apple, Microsoft, Aramco",0
2012-08-22,"Is Apple Really the Largest Company Ever? (AAPL, MSFT, XOM, PTR)",0
2012-03-16,Apple and the Fate of Record Market Cap Stocks,-1
2012-01-19,Apple Edges Toward $500B Market Cap (Correct),1
2012-01-19,Apple Tops $400 Billion In Market Cap,0
2011-08-25,Apple and Exxon Vie for the Value Crown,0
2010-06-07,"BP, Apple: Monday's Headlines",0
2010-06-01,"BP, Apple: Tuesday's Headlines",0
2012-08-28,"Stocks to Watch: Apple, Knight Capital",0
2020-04-30,"Scotts Miracle-Gro, PVH, Apple, Amazon and Microsoft highlighted as Zacks Bull and Bear of the Day",0
2018-03-24,Stocks To Watch: Back To School For Apple,0
2016-06-07,"David Einhorn Buys Apple, Yahoo, Yelp",0
2016-03-21,"The Monday Morning Kickoff - Apple's Monday Event, Nike's Earnings, More Fed Head Jawboning And Good Friday",0
2015-12-03,"Apple Tests Key Support Again As Stocks Sell Off On Yellen, ECB",0
2015-12-03,"Apple Tests Key Support Again As Stocks Sell Off On Yellen, EBC",0
2012-12-04,"Apple, Michael Kors, Visa, eBay: Larry Puglia's Bets",0
2012-11-26,"Stock Mixed As Nasdaq Extends Win Streak, Apple Helps",1
2012-08-28,"Stocks to Watch: Apple, Knight Capital",0
2012-08-28,"Stocks to Watch: Apple, Knight Capital",0
2011-06-01,"Apple, Starbucks: New Targets, Estimates",0
2017-03-06,Apple Chip Deal?,0
2016-10-31,Will Apple Take The Bite?,0
2012-11-29,"Cramer's 'Mad Money' Recap: Amazon, Google, Apple Are the Only Tech Stocks That Matter",0
2019-11-12,"HAP Trading, LLC Buys Humana Inc, VanEck Vectors Gold Miners ETF, Anthem Inc, Sells Apple Inc, ...",0
2018-07-28,"Stocks To Watch: Apple, Harley And Tesla On The Marquee",0
2018-05-04,The 'Apple Of Oil' Sees Bigger Dividend Lasting Through Oil Swings,1
2017-10-30,Here's What To Look For In Shale Earnings; 'Apple Of Oil' In Buy Zone,0
2017-10-11,"Top Research Reports for Apple, Wells Fargo & Altria",0
2017-04-28,"Apple, Tesla, Facebook, Fed Will Grab Spotlight: Investing Action Plan",0
2017-01-24,"Apple, Aetna, Humana Downgraded; Comcast PT Raised Ahead Of Q4",-1
2016-09-13,"Acacia, Ambarella, Apple, Facebook Lead Wednesday's Investing Plan",0
2016-09-08,"Stocks Down As Apple Backtracks, But These Energy Shares Are Rallying",-1
2013-10-15,"Selling Picks Up The Pace; Synaptics, Apple Buck The Trend",1
2013-01-10,"Gamco's Howard Ward Discusses Investment Strategy, Talks About Apple, Amazon and Boeing",0
2014-07-23,ETFs to Watch on Apple Earnings Beat and Microsoft Miss - ETF News And Commentary,-1
2018-03-01,Multimedia Weekly Digest: Take A Bite Out Of Apple,0
2017-08-22,"Brinker (EAT) Grapples With High Costs, Soft Industry Trends",-1
2017-05-03,Stocks Point Up: Facebook Falls; Musk's 'Delusional' Tesla-Apple Vision,0
2017-05-02,"Stocks Set To Fall On Apple; How To Play Facebook, Tesla Earnings",0
2016-09-13,"Acacia, Ambarella, Apple, Facebook Lead Wednesday's Investing Plan",0
2016-09-13,Can Apple TV App Deliver New Breakout For Papa John's?,0
2015-10-08,"Stocks Slip Before Fed Minutes; Domino's, eBay, Apple Slide",0
2019-07-25,"Private Advisory Group LLC Buys Boeing Co, The Walt Disney Co, Apple Inc, Sells Vanguard FTSE ...",0
2018-07-13,Energy Recap: Apple Launches Clean Energy Fund In China,0
2018-04-13,Energy Recap: Apple Comes Clean?,1
2019-09-08,"Apple, IPOs And German Auto (Stocks To Watch Podcast)",0
2019-09-07,"Stocks To Watch: Apple, IPOs And German Auto",0
2015-09-15,Fitbit A Buy Despite Apple Threat; Time Warner PT Cut,1
2016-05-11,"Apple, Disney PTs Cut; Office Depot, Staples Downgraded",-1
2016-04-15,"Apple App Store Ads, A BlackBerry Encryption Controversy, And A GoPro Ecosystem",-1
2015-12-14,Apple: Scaling The Great Wall A Real Challenge,-1
2015-07-23,Apple: Fundamental Story Taking A Turn?,1
2015-01-02,Apple 2015 Outlook: Where Do We Go From Here?,0
2014-04-28,Stocks Stage Late Comeback; Apple Bucks Weakness,1
2014-01-13,"Stocks Mixed As Nasdaq Reverses; Apple, Netflix, Juniper Rising",0
2013-12-18,"Stocks Open Mixed As Techs Lag; Jabil Circuits, Apple Add Drag",-1
2013-10-28,Stocks Inch Quietly Higher; Apple Gains Ahead Of Earnings,1
2013-09-11,Stocks Mixed On Apple's Drop; FleetCor Hits New High,-1
2013-08-19,"Stocks Stay Narrowly Mixed; Apple, Intel Lift Nasdaq",0
2013-05-06,Stocks Close Mostly Higher; Apple Boosts Nasdaq,1
2013-04-17,Indexes Notch Sharp Declines; New 52-Week Low For Apple,-1
2013-01-24,Stocks End Mixed With Higher Volume; Apple Impacts,-1
2013-01-15,Stocks Pare Losses In Afternoon; Apple Down Again,-1
2013-01-14,"Stocks Open Lower; Ixia Rockets, Apple Stumbles",-1
2012-12-06,Stocks Higher Near Midday; Apple Bounces Back,1
2019-03-24,Apple Makes Its Video-Streaming Move (Stocks To Watch Podcast),0
2019-03-23,Stocks To Watch: Apple Makes Its Video-Streaming Move,0
2018-04-06,"Centene, QIWI, Apple, Amazon and Alphabet highlighted as Zacks Bull and Bear of the Day",0
2017-05-17,"Dow Falls Hard On Weakness In Financials; FANG Stocks, Apple Sell Off",-1
2015-07-02,"The Zacks Analyst Blog Highlights: Apple, Conns, Ebix and Qiwi - Press Releases",0
2014-01-13,"Stocks Mixed As Nasdaq Reverses; Apple, Netflix, Juniper Rising",0
2014-01-02,"Stocks Slump In Rising Trade; Garmin, Apple, Cognizant Drop",-1
2016-06-15,"After The Close: Apple Supplier Cavium Buys QLogic; Envision, Amsurg To Merge",0
2010-03-02,"Apple, H-P: Top Computer-Hardware Stocks",0
2016-08-23,Apple Wants You To Feel Better,1
2016-06-02,Apple Challenging Tesla,-1
2016-01-12,"Apple Future Bright In Enterprise, Says Goldman Sachs",1
2012-04-13,15 Apple-Like Stocks That Could Bear Similar Fruit (Update1),0
2012-04-13,15 Apple-Like Stocks That Could Bear Similar Fruit,0
2018-04-17,"Nasdaq Steps Up Gains, But Goldman, Apple Stocks Send Separate Signals",1
2017-07-28,"Apple, Tesla, Shale, Jobs To Dominate The Week: Investing Action Plan",1
2016-05-02,"After Hours: Sturm Ruger, Texas Roadhouse, Apple Supplier IDT",0
2015-12-03,Apple Supplier Avago PT Raised; Square Starts At Buy,1
2015-12-03,"Apple Supplier Avago, Palo Alto Networks PTs Raised",1
2014-09-02,"Apple, Home Depot Breaches Boost Security Stocks",1
2020-04-09,Apple Ecosystem Awaits iPhone Maker's Next Moves In Covid-19 Crisis,-1
2020-03-12,Apple Closes All Italy Stores Due to Coronavirus Pandemic,0
2020-03-04,Apple Supplier Qorvo (QRVO) Trims Q4 View on Coronavirus Woes,-1
2020-02-18,Dow Jones Today: Stock Futures Pressured On Apple Sales Warning; RH Soars On Increased Buffett Stake,-1
2020-02-18,Will Apple's Coronavirus Woes Affect Supplier Stocks As Well?,-1
2020-01-30,Seven Dow Jones Stocks Sink 2 Points Or More; Why It's Not Time To Sell Apple Stock Yet,-1
2019-12-11,Apple And These Semiconductor Stocks Seen Getting 5G Lift In 2020,1
2019-10-31,"Dow Jones Futures: Pinterest, Arista Networks, Apple Chipmaker Qorvo Are Big Earnings Movers After China Trade News Nicks Stock Market Rally",1
2019-10-10,"Dow Jones Today: Premarket Quiet As China Trade Talks Resume; Qorvo, Skyworks, Apple Stock Jump On Upgrades",0
2019-10-04,Dow Jones Rally Led By Apple Stock; Are Chip Stocks Ready To Lead The Stock Market Higher?,1
2019-10-04,Apple orders 10% boost to iPhone 11 production - Nikkei,1
2019-09-10,Apple fall event kicking off (live updates),0
2019-06-12,Broadcom Renews RF Components Supply Agreement With Apple,0
2019-04-17,Skyworks bull hits sidelines on Apple-Qualcomm truce,0
2019-01-30,"Semis, suppliers gain on Apple, AMD reports",0
2019-01-17,"Chips, Apple suppliers slip on TSMC guidance",-1
2019-01-16,"Semis, Apple suppliers face tough reports - KeyBanc",-1
2019-01-11,Apple (AAPL) Likely to Release Three iPhone Models in 2019,0
2019-01-07,"Apple: Regrets, I Had A Few, And Did It My Way",0
2019-01-07,Apple's Warning And The Effects On Other Suppliers,-1
2019-01-04,Cirrus Logic Hits a New 52-Week Low on Apple's Guidance Cut,-1
2019-01-02,Suppliers drop on Apple's warning,-1
2018-12-31,"The Zacks Analyst Blog Highlights: Apple, Alphabet, Qualcomm and Qorvo",0
2018-12-28,Apple iPhone XR Attracts More Android Users Than Prior Models,1
2018-12-21,Apple: Key iPhone Suppliers Don't Seem To Be Cutting Back,-1
2018-12-20,Rosenblatt: Apple could cut 4M iPhone units,-1
2018-12-20,What Are The Recent Apple Supplier Warnings Telling Us About Apple,0
2018-12-10,Apple suppliers dip on China's iPhone ban,-1
2018-12-05,Is Apple a Value Pick at Current Levels?,0
2018-12-04,"Apple suppliers, chips drop on Cirrus cut",0
2018-11-27,Apple suppliers mull higher iPhone tariffs,-1
2018-11-27,Apple suppliers mull higher iPhone tariffs,-1
2018-11-26,Apple Will Pay A Heavy Price For Taking Its Users For Granted,0
2018-11-15,Another Apple supplier cuts guidance,-1
2018-11-14,UBS Drops Apple Price Target To $225 From $240 On Supply Chain Cuts,-1
2018-11-13,Apple suppliers recover despite Qorvo guide cut,1
2018-11-13,Apple supplier Qorvo cuts Q3 guidance,-1
2018-11-12,"Apple suppliers drop on Lumentum guide, iPhone target cuts",-1
2018-11-05,Apple suppliers drop on production expansion halt,-1
2018-11-02,"Oppenheimer taps Skyworks, Broadcom as top Apple suppliers",0
2018-09-12,Apple suppliers to watch during the fall event,0
2018-09-11,What to expect during Apple's iPhone launch event,0
2018-08-28,Qorvo: Strengths Apart From Its Apple Relationship,1
2018-07-31,What to watch in Apple's Q3 report today,0
2018-07-19,"Qorvo, Apple suppliers tick up after Skyworks beat",1
2018-06-08,"Tech sector under pressure from Apple suppliers, semi equipment stocks",-1
2018-06-08,NAR: Apple drops iPhone parts orders by 20%; supplier stocks dip,-1
2018-06-01,Apple's Self-Reliance Strategy Hurts Chip Suppliers Most,-1
2018-04-30,Apple Supplier Broadcom Warns Of Weak Wireless Chip Sales,-1
2018-04-10,"The Zacks Analyst Blog Highlights: Cirrus, Qorvo, Infineon and Apple",0
2018-04-09,3 Tech Suppliers in Murky Waters for Heavily Relying on Apple,0
2018-04-04,Apple's Vertical Integration Policy To Hurt These 3 Suppliers,-1
2018-03-24,Stocks To Watch: Back To School For Apple,0
2018-03-22,Apple's new iPhones could enter trial production in Q2,0
2018-02-01,Qorvo +17.5% as analysts weigh Apple socket win,1
2018-01-31,Facebook Leads Wild Swings; Hope For Apple As Earnings Loom: S&P 500 Futures,1
2018-01-23,"Apple, suppliers move after JPMorgan says iPhone X build will weaken",-1
2018-01-19,"Apple, suppliers drop as key analyst lowers iPhone X lifetime sales forecast",-1
2017-12-26,"Apple, suppliers drop on iPhone X sales report",-1
2017-12-08,"Digitimes: Apple suppliers shipments down on month, expect weak Dec.",-1
2017-12-07,Apple suppliers recover after Broadcom sales comments,1
2017-12-06,Apple suppliers drop after Largan warns of lower Dec. revenue,-1
2017-10-31,These 2 Apple Suppliers Are Just Below Buys Before Earnings; S&P 500 Futures,0
2017-10-30,Three Apple Chipmakers Hit Buy Zones; These 2 Leaders Jump Late: S&P 500 Futures,0
2017-10-30,These 5 Apple iPhone Plays Are Near Buy Zones; S&P 500 Futures,1
2017-09-17,Two Apple Chip Stocks Just Broke Out; These 3 Are Near Buys; S&P 500 Futures,0
2017-07-28,"Apple, Tesla, Shale, Jobs To Dominate The Week: Investing Action Plan",1
2017-07-05,Futures: These 5 Apple iPhone Suppliers Are Still Ailing,-1
2017-05-02,"Stocks Set To Fall On Apple; How To Play Facebook, Tesla Earnings",0
2017-04-28,"Apple, Tesla, Facebook, Fed Will Grab Spotlight: Investing Action Plan",0
2017-04-11,"Dow, S&P 500 Test Key Support As Caterpillar, Apple Weigh; Chip Stocks Sell Off",-1
2017-02-03,"Weekly Review: Apple, Facebook, Amazon, UPS, Schwab, Dow, Trump",0
2017-02-02,Apple Supplier Cirrus Logic Hammered; Nvidia Gets Price-Target Hike,1
2017-02-02,"Stocks Turn Up As Chips Crash; Will Amazon Follow Apple, Facebook's Lead?",0
2017-02-02,Apple Could Hit $134 - Cramer's Mad Money (2/1/17),1
2017-02-01,"Nasdaq, Helped By Apple, Leads Mixed Session; Fed Stands Pat",0
2017-02-01,"Stock ETFs Mixed; Financials, Techs Lead After Cheery Apple Report",-1
2017-01-28,"Facebook, Apple, Amazon, Fed, Jobs Report: Investing Action Plan",0
2017-01-20,"Skyworks Skies To 16-Month High As Earnings Beat, Apple In Line",1
2016-12-30,Report on Apple production cut ripples through tech sector,0
2016-11-07,Apple iPhone Shipments Likely To Drop In First Half 2017,-1
2016-11-02,"Starbucks, Apple Suppliers, Activision: Investing Action Plan For Thursday",0
2016-10-06,Chipmaker's Strong Sales Seen As Positive For Apple,1
2016-09-23,Apple Stock Rocked By Report Of Weak European iPhone 7 Sales,-1
2016-09-16,Apple Supplier Cirrus Logic: Perfect Example Of An Upside Reversal,1
2016-09-16,Intel Inside iPhone 7; Chipmaker Wins Apple Business,1
2016-09-08,"Apple News Positive For Broadcom, Negative For Qualcomm",1
2016-08-27,Broadcom Likely Gained 20% Apple iPhone 7 Content Despite 'Muted' Ramp,1
2016-08-26,These Three Chipmakers Will Survive Apple's Rumored 15%-20% iPhone 7 Order Cut,-1
2016-08-18,"Galaxy Note 7: Apple Supplier Qualcomm Leads Broadcom, Qorvo, IDT",0
2016-08-18,Analog Devices Expected To Add $100 Million-Plus In Apple iPhone 7 Sales,1
2016-08-09,Apple Pressuring iPhone Component Suppliers For Price Cuts,-1
2016-08-03,Qorvo Fast Reaction To Apple iPhone Slump Doesn't Help Margins,-1
2016-08-02,"Apple Supplier Qorvo Topples On Gross Margin Lag; Sales, EPS Beat",1
2016-08-01,Apple Supplier Qorvo Lingers In Profitable Zone Ahead Of Q1 Earnings,1
2016-07-27,"Broadcom, Qualcomm, Skyworks Laze On Modest Apple iPhone 7 Views",0
2016-07-22,"Facebook Downgraded, Starbucks PT Cut, Apple Suppliers See Moves",-1
2016-07-16,Apple Supplier Skyworks' Q3 EPS Seen Skidding For Sixth Quarter,-1
2016-07-14,Apple Supplier TSM Guides To $1 Billion In Q3 Growth As iPhone 7 Ramps,1
2016-07-13,Apple Supplier TSM Lingers In Buy Zone On Nixed Samsung Rivalry,0
2016-07-05,Gold ETF Streaks Further Ahead; Chip ETFs Hit On Apple IPhone Report,1
2016-07-05,"Apple iPhone 7 Shipments Could Disappoint; Skyworks, Cirrus Logic Dive",-1
2016-07-05,"Down 44.5%, Is Apple Supplier Skyworks Still A Sell?",-1
2016-07-01,Intel's Apple iPhone 7 Win Could Buoy Qorvo To Skyworks' Detriment,1
2016-07-01,"Apple Suppliers, SolarCity Downgraded; Netflix Is A Buy",1
2016-06-10,"Tesla, Schlumberger, Apple Supplier Skyworks Lead Insider Trades",0
2016-06-10,"Eye On Tech: Yahoo Second-Round Bids Arrive, And Apple Reportedly Plans Another Android App",0
2016-06-09,Apple Chipmaker Qorvo Leads Skyworks In Carrier Aggregation Battle,0
2016-06-09,"Fitbit Started At Buy; Apple Supplier Qorvo, LinkedIn Upgraded",1
2016-06-03,Apple Recovery 'Imminent' As Broadcom Guides iPhone 7 Content Up,1
2016-06-02,"Apple Supplier Broadcom Outplays iPhone Freeze, Rockets On Q2 Beat",1
2016-05-28,Apple Chipmakers As iPhone Slows: Will Tesla CEO Musk Save Them?,-1
2016-05-27,Qorvo's Success Is Not Tied to Apple,1
2016-05-23,"Apple Chip Suppliers Broadcom, NXP, Skyworks Up On iPhone 7 Hopes",0
2016-05-23,Apple Shakes Off Concerns About Becoming The Next BlackBerry,-1
2016-05-23,Could iPhone 7 Production Ramp Mark True Turnaround In Apple Stock?,1
2016-05-23,"Apple, suppliers gain following report of strong iPhone 7 production orders",1
2016-05-19,Apple Supplier Broadcom: 'Multiple Ways To Win' On iPhone 7 Gains,1
2016-05-18,Does Analog Devices' Soft Q3 Guidance Prove Apple's iPhone 7 Cut?,-1
2016-05-12,"Apple Falls Anew Amid iPhone 7 Worries, Chip Stocks Follow",-1
2016-05-12,Apple -2.4% to new 52-week low amid Nikkei chip report aftermath,0
2016-05-11,"Apple-Samsung Battle In China To Force Qorvo, Skyworks Volatility",-1
2016-05-11,Nikkei: Apple suppliers face bleak year,-1
2016-05-09,InvenSense Sales Expected To Topple After Apple iPhone Shortfall,1
2016-05-05,Stocks Pare Gains; Apple On Track For 2-Year Low,1
2016-05-05,Qorvo Sees June 'Up Significantly' Despite Apple iPhone Albatross,1
2016-05-05,"Tesla, Apple Supplier PTs Hiked; Priceline PT Cut",1
2016-05-04,Qorvo Sidesteps Apple iPhone Drag To Crush Fiscal Q4 Views,-1
2016-05-03,"'Apple Fallout' Likely To Tug Qorvo's June View, But iPhone 7 Nears",-1
2016-05-02,Skyworks Growth Threatened By 'Unfavorable' Apple iPhone Comparison,-1
2016-04-29,Skyworks Guidance Lags By $50 Mil On Petering Apple iPhone Demand,-1
2016-04-28,Texas Instruments Beats Q1 Views Despite Apple iPhone 'Shortfall',1
2016-04-27,"Cirrus Logic Beats, But Apple iPhone Slump Dings Skyworks, Qorvo",1
2016-04-19,Apple Suppliers Downgraded On 'Modestly Lower' iPhone Demand,-1
2016-04-17,4 Reasons Why Apple Could Be Keeping iPhone Orders Low,-1
2016-04-12,"Starbucks, Juniper Cut, Alcoa, Valeant PTs Lowered, Apple Chips Hiked",0
2016-04-01,Low-Cost iPhone SE Could Dent Apple's Profit Margins,-1
2016-03-31,"Apple iPhone SE Teardown: Qualcomm, Qorvo Lead But Skyworks Gains",1
2016-03-31,Will Apple Supplier Skyworks Kick Off 2016 Chip M&A With Maxim Buy?,0
2016-03-29,"Apple, Samsung Need Complex Chips, Antennas To Juggle Airwaves",0
2016-03-28,Could Intel Undercut Apple Supplier Qualcomm In iPhone 7?,-1
2016-03-18,"Facebook, Apple, iPhone Suppliers Lead Week's Insider Trades",0
2016-03-14,Chip ETFs Get Their Mojo On: Inside 4 As Apple To Reveal New iDevices,0
2016-03-11,"Macom Leapfrogs Apple-Supplying Chip Rivals With Lasers, Radar",0
2016-03-09,Chinese ZTE Sanctions Over Iran Sales Could Hurt Apple Chipmakers,-1
2016-03-04,Apple Chip Supplier Broadcom Nixes Further M&A After Avago Merger,0
2016-02-26,One Apple Supplier to Consider on the Pullback,0
2016-02-11,"Qorvo: With Less Apple, Life May Still Be Healthy",1
2016-02-08,"LinkedIn, Tableau Specter Haunts Apple Chips, Security Stocks",0
2016-02-05,"Apple Chipmakers Skyworks, NXP, Avago Plunge On Qorvo Sales Outlook",-1
2016-02-03,"Apple Suppliers NXP, Qorvo Fall On iPhone 6S Weakness",-1
2016-02-03,Tesla Initiated At Sell; Apple Chipmakers Get Mixed Reviews,0
2016-02-03,Apple Supplier NXP Semiconductors Earnings Beat Amid 'Challenges',1
2016-01-29,Apple suppliers up strongly following Skyworks/Synaptics' earnings,1
2016-01-27,Apple suppliers slide following Apple's results/guidance,0
2016-01-19,Even upbeat Apple reports have a negative slant,-1
2016-01-19,Apple Supplier Skyworks Poised For Q1 'Relief Rally',1
2016-01-14,Apple Supplier Qualcomm Deal 'Much Ado About Nothing',0
2016-01-14,"Apple Supplier Avago A Buy; GoPro, Qualcomm PTs Cut",0
2016-01-13,Apple Win Streak Cut Short By Big Market Reversal,1
2016-01-13,"Qualcomm Deal Targets Apple Suppliers Qorvo, Avago",0
2016-01-12,Apple's March-quarter iPhone guidance an overhang for stock,-1
2016-01-12,"Apple iPhone Hit Bruises Avago, Texas Instruments",-1
2016-01-08,"Apple Supplier Avago, Guns, Gilead Top Insider Trades",0
2016-01-08,More data points on Apple show iPhone sales slowdown,-1
2016-01-08,"Apple, Cirrus Logic Gain; Qorvo Sent To 'Penalty Box'",0
2016-01-08,Apple: The Silver Lining In The Cirrus Cloud,0
2016-01-08,"Apple, Netflix, GoPro, Qorvo Get Price Target Cuts",0
2016-01-07,2 Apple Chip Suppliers Warn,0
2016-01-07,"Apple Chips Implode; Qorvo, Cirrus Logic Lower Views",-1
2016-01-07,"Broadcom 'Story Played Out,' NXP To Lead Apple Sphere",1
2016-01-05,Apple reportedly expected to cut iPhone 6S/6S+ orders; shares lower,-1
2015-12-31,Apple Supplier Avago Dwarfs Hustling Qualcomm In 2015,0
2015-12-18,Apple Supplier Macom Tech Breaks Out Amid Sell-Off,-1
2015-12-17,"Apple iPhone 'Overhang' Slugs Qorvo, Skyworks",-1
2015-12-11,Apple iPhone 7 Win Leapfrogs Taiwan Semiconductor,1
2015-12-03,"'Battle Of Titans': Apple Supplier Avago, Intel Clash",0
2015-12-02,Apple Supplier Qualcomm Inks Chinese Xiaomi Deal,0
2015-11-27,IPhone Demand Fears Might Bruise Apple Supplier Avago,-1
2015-11-19,"Apple Upgraded, Qorvo Initiated, GoPro's PT Cut",0
2015-11-05,"Apple Suppliers Skyworks, Qorvo Up On Guidance",0
2015-11-05,"Apple Suppliers Skyworks, Qorvo Up On Guidance",0
2015-11-05,Apple Supplier Views Upbeat,1
2015-11-05,Apple Supplier Views Upbeat,1
2015-10-21,Skyworks Solutions: Irrational Fears About Apple Make It A Solid Buy,1
2015-10-06,PMC Jumps As Apple Supplier Skyworks Preps $2 Bil Buy,1
2015-10-06,Apple Supplier Skyworks To Buy PMC-Sierra For $2 Billion,0
2015-10-02,"Intel Could Score Apple iPhone Chip SKU, Analyst Says",0
2015-10-01,"Intel Could Score Apple iPhone Chip SKU, Analyst Says",0
2015-10-01,Apple Falls As iPhone Demand Wanes; Tesla Down On Tax Break Concerns,-1
2015-10-01,Apple Supplier Skyworks Is A Buy; Celgene Upgraded,1
2015-10-01,Apple Supplier Skyworks Is A Buy; Celgene Upgraded,1
2015-09-28,Waning Apple Demand To Slug Chipmaker Qorvo: Analyst,-1
2015-09-28,"Citigroup, AbbVie Upgraded; Apple Supplier Qorvo Cut",1
2015-09-25,"Apple iPhone 6S Teardown: Skyworks, Avago Still In",0
2015-09-23,Can Apple Drag Struggling Chipmakers Out Of The Mud?,-1
2015-09-14,"Yahoo, Apple Supplier Top 5 Big-Cap Tech Losers",-1
2015-09-09,"Apple Chipmakers Slip; Who Wins In IPhone, IPad, TV?",0
2015-09-09,Stocks Close Sharply Lower; Apple Off Despite Product News,1
2015-09-08,Apple Chip Suppliers Soar Ahead Of 'Big Event',1
2015-09-02,Apple News Could Boost Which Chip Stocks?,1
2015-08-24,4 Apple Chip Suppliers Stand Out In Volatile Day,0
2015-08-13,Apple Chipmaker Skyworks Expands Japanese Operations,1
2015-08-07,Apple Suppliers Hit But Funds Add These Chip Stocks,0
2015-08-04,IPhone Chip Suppliers Feel Burn As Apple Implodes,-1
2015-08-04,"Stocks Bleed More Red; Apple Weak Again, Suppliers Hit Too",-1
2015-08-04,"Apple suppliers SWKS, QRVO, AVGO, INVN, CRUS, NXPI, SYNA sell off",0
2015-07-31,"Apple Still Sour, But Its Chip Supplier NXP Sweetens",-1
2015-07-29,Qorvo Pulls Apple Chip Suppliers Down With Q2 Views,-1
2015-07-22,4 Chip Suppliers Plunging After Apple's Earnings,-1
2015-07-22,"Apple, Vendors Drag Stocks Lower: Chipotle, Intuitive Surgical Soar",-1
2015-07-21,Apple iPhone Sales Miss Estimates; Hazy On Apple Watch,-1
2015-07-21,Apple suppliers sell off following Apple's results/guidance,-1
2015-07-21,Chipmaker Skyworks Primed To Get Another Bite From Apple,0
2015-06-29,4 Apple Chip Suppliers Try To Fight Off Losses,-1
2015-06-10,Apple Supplier Qorvo To Replace Lorillard In S&P 500,0
2015-05-30,"IBD 50: As Apple Fans Out, Suppliers Eye Next Moves",0
2015-05-20,Why You Should Buy This Apple Supplier,0
2015-05-18,"Apple Supplier Qorvo In Buy Area, Eyes Growth In China",1
2015-05-18,Apple Suppliers Roll Out Chips,0
2015-05-18,"Apple Suppliers Skyworks, Avago, Qorvo Unveil Chips",0
2015-05-18,2 Top Apple Chip Suppliers Break Out Of Bases,0
2015-05-08,Apple Chip Suppliers Lead Stocks Setting Up Buy Points,1
2015-05-07,"Chipmaker Qorvo Gaps Up Thanks To Apple, Samsung",0
2015-05-07,Stocks Hang On To Solid Gains; Apple Suppliers Ramp Higher,1
2015-05-07,Apple Supplier NXP Semi To Equip Samsung In China,0
2015-05-06,"Apple Supplier Qorvo Beats Q4 Views, Bullish On Q1",1
2015-05-05,Apple Vs. Samsung: This Hot Stock Wins Either Way,1
2015-04-29,Apple Stock Falls Again After Failed Breakout Tue.,-1
2015-04-22,5 Apple Chip Suppliers Top IBD's Big Cap Screen,0
2015-04-08,3 Reasons To Think Twice About Apple; 1 Is The Watch,0
2015-04-08,These Apple Suppliers May Be A 'Buying Opportunity',1
2015-04-02,"Qorvo, Skyworks Seen Benefiting From Strong Apple Q1",1
2015-03-31,Apple Supplier Stocks Rebound After Last Week's Chip Scare,1
2015-01-27,"CRUS, NXPI, SWKS, QRVO, AVGO rise on Apple's earnings",0
2015-01-13,Skyworks growing with Apple,1
2015-01-05,Apple Powers Chip-Heavy IBD Top 10,0
2012-04-23,"The Zacks Analyst Blog Highlights: Allscripts Healthcare Solutions, Apple, Cerner, Quality Systems and Athenahealth - Press Releases",0
2019-04-30,"G.E. Profit Triples, Apple Earnings Next (Wall Street Breakfast Podcast)",1
2019-04-30,"Wall Street Breakfast: GE Profit Triples, Apple Earnings Up Next",1
2017-08-02,Apple Breakout Fading As Market Reverses Lower,-1
2017-05-05,"Indexes Barely Budge, But Apple Scores All-Time High, Tesla Rebounds",1
2017-02-13,"Trump Rally Back? Dow, Nasdaq, S&P 500 At New Highs; Apple, Tesla Rally",1
2016-08-05,Restaurant Stocks Power Higher On Earnings; Apple Boosts Nasdaq,1
2016-04-29,The Week In Review: Is Apple Still A Growth Enterprise? Is America?,0
2016-02-25,Tiger Global Makes Large Investment in Apple,0
2019-08-23,"Apple, chip stocks take a beating after China tariffs, Trump tough talk",1
2019-04-21,"Podcast: Apple-Qualcomm, Intel 5G, Samsung Galaxy Fold",0
2017-07-07,Apple (AAPL) Faces Risk of iPhone Import Ban from QUALCOMM,-1
2017-07-06,Apple's (AAPL) iPhone to Unlock with Facial Recognition?,1
2017-07-03,Apple Announces Opening of First Retail Store in Taiwan,0
2015-02-18,"Soros Dumps Apple, Buys China",0
2019-11-04,Swapping Apple For Apple - October Dividend Portfolio Update,0
2018-03-13,Road To Financial Independence: My February 88-Stock Portfolio Review With Big Apple Purchase,0
2019-10-16,Appleton Group Wealth Management Llc Buys Schwab U.S. ...,0
2018-03-16,"Apple, Mastercard Top Equity Play That Focuses On Quality Stocks",1
2017-06-01,Like Apple? Watch These 2 Big ETFs For Potential Breakout,0
2015-01-28,"HIMX, QUIK, PXLW up strongly amid Apple-driven chip rally",1
2015-01-14,"Apple, Ericsson Fight Over Patent Royalties - Analyst Blog",0
2015-01-02,Apple 2015 Outlook: Where Do We Go From Here?,0
2019-09-08,"Apple, IPOs And German Auto (Stocks To Watch Podcast)",0
2019-09-07,"Stocks To Watch: Apple, IPOs And German Auto",0
2019-03-26,Better Buy Amid Tech Diversification: Apple (AAPL) vs. Amazon (AMZN) Stock,1
2017-10-20,Rite Aid (RAD) Sharpens Edge: Adds Apple Pay Option Online,1
2017-06-12,"David Einhorn Sells Apple, Time Warner, FMC",0
2017-02-15,"David Einhorn Buys Buffett's Monsanto, Retail, Apple in Q4",0
2017-02-03,"Weekly Review: Apple, Facebook, Amazon, UPS, Schwab, Dow, Trump",0
2017-01-30,"Dow Falls Below 20,000; Are Apple, Alphabet, Intel Still In Buy Range?",-1
2017-01-25,"Amazon, Apple, And Netflix Versus Liberty",0
2017-01-13,Week In Review: Trump Murders Drug Stocks; Apple Breaks Out; GM Bullish,1
2016-12-23,"Week In Review: Dow 20K Elusive; Boeing Meets Trump; Apple, Netflix Near Buys",-1
2016-12-21,17% Pop On Apple Supplier Deal,0
2016-12-12,Apple Supplier In Sale Talks,0
2016-08-22,Berkshire Boosts Apple Stake And Other Moves From Top Managers,1
2016-08-11,"CVS Joins Apple, Starbucks, Wal-Mart In Mobile Payments",0
2016-07-02,"Investing Action Plan: Summer Camp For Apple, Facebook, Disney CEOs; Jobs Data",0
2016-05-13,"Nvidia, Apple Supplier Skyworks, Pfizer, Comcast Lead Insider Trades",0
2016-05-12,Apple And Disney Have Staying Power - Cramer's Mad Money (5/11/16),1
2015-11-05,Can Apple Pay Get A Lift From Walgreens Rewards?,1
2015-11-05,Can Apple Pay Get A Lift From Walgreens Rewards?,1
2015-08-12,Rite Aid (RAD) Finally Comes Around to Using Apple Pay,0
2015-08-11,Rite Aid to accept Apple Pay,0
2015-08-11,Apple Pay Wins Over Rite Aid In Mobile Payment Wars,1
2015-04-29,Best Buy Adopts Apple Pay: A Setback for MCX CurrentC? - Analyst Blog,0
2014-11-17,Starbucks Could Take On Apple In Mobile Payments,0
2014-10-29,Retailers May Blink Vs. Apple In Mobile Showdown,-1
2014-10-28,Apple Pay logs over 1 mil cards,0
2014-10-28,"Rite Aid, CVS Remove Apple Pay from Stores - Analyst Blog",0
2014-10-28,"Apple Pay off to fast start with consumers, CEO says",1
2014-10-27,"CVS, Rite Aid nix Apple Pay",0
2014-10-27,Apple Pay Faces Resistance From Drug Chains,-1
2018-05-24,"The No. 1 Stock In The World (Revisited) - Visa And Apple Up, Kinder Morgan And Gilead Down",0
2019-09-08,"Apple, IPOs And German Auto (Stocks To Watch Podcast)",0
2019-09-07,"Stocks To Watch: Apple, IPOs And German Auto",0
2019-04-14,"Spotlight On Earnings, Pinterest And Apple-Qualcomm (Stocks To Watch Podcast)",0
2019-04-13,"Stocks To Watch: Spotlight On Earnings, Pinterest And Apple-Qualcomm",0
2011-12-18,"Weekly CEO Sells Highlight: Staples Inc, Dr Pepper Snapple Group, Unum Group, Bankrate and Gran ...",0
2016-07-25,Apples To Oranges: Why You Should Care More About Money Markets Than The iPhone 7,0
2017-05-23,Stocks: Slim Gains Turn Mixed; Nokia Surges On Apple Deal,-1
2015-12-21,Apple Supplier Avago A Top Pick; BlackBerry PT Hiked,1
2015-07-07,Apple: A Top Fidelity Manager Sticks By The Stock,0
2015-03-03,"Top Funds Buying Rackspace, Allergan, Biogen Idec, Apple",0
2015-01-13,"Apple Shows Profits Now In Devices, Not In Cloud",0
2015-01-12,"Apple, Google Could Be Hurt By Weaker Euro, Yen",-1
2013-02-16,Apple's Not a Hardware Company: Tech Weekly,0
2013-02-16,Apple's Not a Hardware Company: Tech Weekly,0
2013-02-13,"Comcast, Rackspace, Groupon, Apple: Tech Premarket",0
2013-02-13,"Comcast, Rackspace, Groupon, Apple: Tech Premarket",0
2012-12-05,Stocks Stay In Mixed Territory; Apple Drags Nasdaq,-1
2012-11-07,"Apple, Rackspace, American Tower: Tech Winners & Losers",-1
2012-11-07,"Apple, Rackspace, American Tower: Tech Winners & Losers",-1
2012-11-07,"Rackspace, Facebook, Apple: Tech Premarket",0
2012-11-07,"Rackspace, Facebook, Apple: Tech Premarket",0
2012-08-28,"Apple, Rackspace, Zynga: Tech Winners & Losers",0
2012-08-28,"Apple, Rackspace, Zynga: Tech Winners & Losers",0
2012-08-07,"Fear, Uncertainty, Doubt and Apple's iCloud",-1
2012-03-28,"IBD Stock Screen: Apple, 5 Other Big-Cap Tech Leaders",0
2012-02-13,Stocks Up In Late Afternoon; Apple Tops 500,1
2012-02-13,Stocks Up In Early Afternoon; Apple Briefly Tops 500,1
2012-02-13,Wall Street Rises On Greek Vote; Apple At New High,0
2012-01-23,Cramer's 'Mad Money' Recap: How to Trade Apple (Final),0
2010-06-04,Forget Apple: Five Tech Stocks Analysts Favor,0
2019-04-28,"Eyes On Apple, Uber, F8 And Avengers (Stocks To Watch Podcast)",0
2019-04-27,"Stocks To Watch: Eyes On Apple, Uber, F8 And Avengers",0
2019-04-27,"Stocks To Watch: Eyes On Apple, Uber, F8 And Avengers",0
2019-04-26,"Apple, IBM, Costco among those expected to raise payouts next week",0
2016-10-25,Wall Street Breakfast: Apple Earnings Take Center Stage,0
2015-07-07,"Will Barclays' Pingit Survive the ""Apple Pay"" Wave in UK? - Analyst Blog",0
2015-05-26,History Tells Us That This Apple Doesn't Fall Far From The Tree,0
2013-02-13,Apple TV: What It's Worth to Apple,0
2013-02-13,Apple TV: What It's Worth to Apple,0
2012-06-22,Buy 5 Dividend Stocks With Leverage Over Apple,1
2010-07-14,Apple Readers' Mailbag-Loving Tech's Loathed,1
2020-04-27,"Thinking about trading stocks or options in Apple, Axsome Therapeutics, Walt Disney, Royal ...",0
2020-02-20,"Zacks Earnings Trends Highlights: Apple, Starbucks, Wynn Resorts and Royal Caribbean",0
2015-07-18,Move Aside Apple: 8 IBD 50 Stocks With Earnings Due,0
2016-06-17,"Stocks Open Lower; Apple Falls, Elizabeth Arden Soars",0
2018-04-28,"Stocks To Watch: Apple, FOMC And China On Tap",0
2017-03-06,Apple Chip Deal?,0
2019-09-15,"Houthis Cut Saudi Oil Supply, Who Wins? Hint: Not E&P Oil Names. Fintech Firesale, And Goldman Spoils Apple",0
2019-03-25,Apple Inc.: A Myth Or A Fact?,0
2018-11-01,Apple Q4 Rise In Revenue Expected (Wall Street Breakfast Podcast),1
2018-11-01,Wall Street Breakfast: What's In Store For Apple Earnings?,0
2016-08-19,U.S. V. Apple - The Looming Trial Of The Century?,0
2020-01-30,"Dividend ETF Has Strong Growth Element With Apple, Microsoft, Nvidia",1
2020-01-03,"Apple Leads Dividend Stock Play That Aims For Growing Profit, Yields",1
2019-09-04,"The Zacks Analyst Blog Highlights: Apple, Harmony Gold, NRG, Ryman Hospitality and Dr. Reddy's",0
2019-07-28,"Headliners Include Apple, Beyond Meat And IBM (Stocks To Watch Podcast)",0
2019-07-27,"Stocks To Watch: Headliners Include Apple, Beyond Meat And IBM",0
2018-07-28,"Stocks To Watch: Apple, Harley And Tesla On The Marquee",0
2016-02-01,"Through M&A, China Is After The Smartphone / Apple Supply Chain",0
2015-02-19,Apple's Dirty Little Rare Earth Secret,0
2019-03-24,Apple Makes Its Video-Streaming Move (Stocks To Watch Podcast),0
2019-03-23,Stocks To Watch: Apple Makes Its Video-Streaming Move,0
2019-06-02,"Apple's WWDC, DuPont's Return And Tariff Anxiety (Stocks To Watch Podcast)",0
2019-06-01,"Stocks To Watch: Apple's WWDC, DuPont's Return And Tariff Anxiety",0
2017-02-27,"Buffett Doubles Apple, Seeks Deals",0
2020-02-24,Dow Dives As Coronavirus Fears Intensify; Apple Breaks Support In Stock Market Rout,0
2020-02-06,"Oakbrook Investments Llc Buys State Street Corporation, Pfizer Inc, Target Corp, Sells Apple ...",0
2019-12-09,"Dow Jones Futures: Stock Market, Apple On China Trade War Watch; Boeing, MongoDB, Stitch Fix Move On News",0
2019-09-08,"Apple, IPOs And German Auto (Stocks To Watch Podcast)",0
2019-09-07,"Stocks To Watch: Apple, IPOs And German Auto",0
2019-08-13,"H—o Am Llp Buys Alphabet Inc, Apple Inc, Amgen Inc, Sells General Motors Co, Oracle Corp, ...",0
2018-08-01,"'Apple Of Oil,' Shake Shack, Scandal-Ridden CBS Earnings Due: Investing Action Plan",0
2018-05-04,"Regeneron: Like Apple In 2016, Hated But Great - And Ready To Roll",1
2018-04-23,"Are Apple, Stocks 'A Random Walk'? No. Here's Why Anyone Can Time The Stock Market Bottom",0
2017-07-25,"Stocks Mixed; Apple, Top Techs Still In Reach With These 2 Plays",0
2017-07-07,Futures Steady Before Jobs Data; Apple/Qualcomm Tiff Lifts This Dow Name,1
2017-07-05,"Apple's Tim Cook earns $145M in 2016, Tops S&P 500 CEOs",0
2017-06-28,"Apple, Biotechs Lead Nasdaq Rebound; 5 More Leaders Are Showing Resilience",1
2017-06-21,Nasdaq Leads Again; Are These 3 Stocks The Next Apple In Biotech Land?,0
2017-05-18,"Stocks Cling To Gains; Apple, Netflix Lead Nasdaq; Time To Buy Biotechs?",1
2017-05-02,"Mitsubishi UFJ Securities International PLC Buys Microsoft Corp, Apple Inc, Mondelez ...",0
2017-06-26,"Which 2 Top ETFs Holding Amazon, Apple, Celgene Are In Buy Range?",0
2017-06-26,"Which 2 Top ETFs Holding Amazon, Apple, Celgene Are In Buy Range?",0
2019-03-24,Apple Makes Its Video-Streaming Move (Stocks To Watch Podcast),0
2019-03-23,Stocks To Watch: Apple Makes Its Video-Streaming Move,0
2016-06-17,"Stocks Open Lower; Apple Falls, Elizabeth Arden Soars",0
2012-02-13,Stocks Up In Late Afternoon; Apple Tops 500,1
2012-02-13,Stocks Up In Early Afternoon; Apple Briefly Tops 500,1
2012-02-13,Wall Street Rises On Greek Vote; Apple At New High,0
2019-04-21,"Podcast: Apple-Qualcomm, Intel 5G, Samsung Galaxy Fold",0
2019-03-24,"Podcast: Nvidia GTC, Google Stadia, HP And Oculus VR, Apple",0
2019-02-10,"Podcast: Apple, 5G Vs. WiFi, Digital Privacy, Spotify",0
2019-09-08,"Apple, IPOs And German Auto (Stocks To Watch Podcast)",0
2019-09-07,"Stocks To Watch: Apple, IPOs And German Auto",0
2017-01-06,"Nasdaq Hits High, Nvidia Shines; Will Apple Succeed In A New Breakout?",1
2015-05-20,"The Zacks Analyst Blog Highlights: SPDR S&P 500 ETF, Guggenheim S&P SmallCap 600 Pure Growth ETF, Guggenheim S&P MidCap 400 Pure Growth ETF, Columbia Large Cap Growth ETF and Apple - Press Releases",0
2015-05-29,"comScore, Resolute Forest, Apple and JPMorgan Chase Holdings highlighted as Zacks Bull and Bear of the Day - Press Releases",0
2019-07-28,"Headliners Include Apple, Beyond Meat And IBM (Stocks To Watch Podcast)",0
2019-07-27,"Stocks To Watch: Headliners Include Apple, Beyond Meat And IBM",0
2019-06-02,"Apple's WWDC, DuPont's Return And Tariff Anxiety (Stocks To Watch Podcast)",0
2019-06-01,"Stocks To Watch: Apple's WWDC, DuPont's Return And Tariff Anxiety",0
2018-06-02,"Stocks To Watch: Eyes On Apple's WWDC, SCOTUS And D.C.",0
2019-06-05,"Stocks Today: Microsoft, Cisco Systems, Apple Lead Dow Jones Higher",0
2015-10-19,"Repligen, DeVry Education, International Business Machines, Fiserv and Apple highlighted as Zacks Bull and Bear of the Day",0
2019-07-12,"The Zacks Analyst Blog Highlights: Atlantic Power, Howard Hughes, Royal Gold, Apple and Home Depot",0
2017-08-11,Apple Up Again; Time To Buy Now? Will These 4 Gold Stocks Shine?,1
2016-09-21,Presenting Apple's First Car,0
2019-07-28,"Headliners Include Apple, Beyond Meat And IBM (Stocks To Watch Podcast)",0
2019-07-27,"Stocks To Watch: Headliners Include Apple, Beyond Meat And IBM",0
2019-06-02,"Apple's WWDC, DuPont's Return And Tariff Anxiety (Stocks To Watch Podcast)",0
2019-06-01,"Stocks To Watch: Apple's WWDC, DuPont's Return And Tariff Anxiety",0
2018-10-28,Apple Looks To Recharge Tech Sector (Stocks To Watch Podcast),0
2018-10-27,Apple Looks To Recharge Tech Sector,0
2018-08-02,"Stock Market Recovers; Apple, Sturm Ruger Race Ahead",1
2018-08-01,"Wall Street Breakfast: Fed, Apple, Tariffs",0
2018-07-28,"Stocks To Watch: Apple, Harley And Tesla On The Marquee",0
2017-03-14,Apple: Antifragile It Is Not,0
2016-09-02,"Week In Review: Apple Vs. EU, Hiring So-So, Auto Sales Fall, Salesforce Guides Low",-1
2016-06-17,"Stocks Open Lower; Apple Falls, Elizabeth Arden Soars",0
2016-06-17,"Week In Review: Fed Off The Table, Microsoft Buys LinkedIn, Apple WWDC, Net Neutrality, E3",0
2016-06-13,Stocks Hit Session Lows; Apple Down Despite WWDC Excitement,-1
2016-06-13,Stocks Test Key Support Levels; Apple Down As WWDC Launches,-1
2016-06-13,"Stocks Resist Global Sell-Off; Microsoft Buying LinkedIn, Apple Dips",0
2016-05-06,"Week In Review: Stocks Tested As Apple, Tesla, Under Armour Sell Off",0
2016-05-02,"After Hours: Sturm Ruger, Texas Roadhouse, Apple Supplier IDT",0
2016-01-08,"Apple Supplier Avago, Guns, Gilead Top Insider Trades",0
2015-05-05,"Stocks Dig A Hole As Oil Pops; Apple, Intel Hit But Taser Up",0
2012-12-17,Stocks Climb In Mixed Volume; Apple Turns Positive,1
2012-12-14,Wall Street Lower At Midday; Apple Sinks On Downgrade,0
2012-12-05,Stocks Stage Rebound From Slide; Apple Stays Sour,1
2012-11-28,Special Dividends Near Cliff 'Last Call'; Apple Next?,0
2012-04-03,Stocks Down Late After Fed Minutes; Apple Holds Gains,1
2012-04-03,Stocks Fall In Early Afternoon But Apple At New High,0
2019-10-01,Tractor Supply Grapples With High Costs: Is Revival Likely?,-1
2019-09-04,"The Zacks Analyst Blog Highlights: Apple, Harmony Gold, NRG, Ryman Hospitality and Dr. Reddy's",0
2019-06-02,"Apple's WWDC, DuPont's Return And Tariff Anxiety (Stocks To Watch Podcast)",0
2019-06-01,"Stocks To Watch: Apple's WWDC, DuPont's Return And Tariff Anxiety",0
2018-10-09,How Do You Like Them Apples?,0
2018-09-08,"Stocks To Watch: Apple Event, Chinese Auto IPO To Headline",0
2019-03-26,"Top Research Reports for Apple, Amgen & United Technologies",0
2019-03-24,Apple Makes Its Video-Streaming Move (Stocks To Watch Podcast),0
2019-03-23,Stocks To Watch: Apple Makes Its Video-Streaming Move,0
2019-02-14,"Buffett's Berkshire takes stake in Red Hat, reduces Apple",1
2018-11-02,"Will Apple Stall Market Rebound? & News from IBM, FB, SBUX",0
2018-10-29,"Stock Market Today: Boeing, IBM Drag On Dow; Is Apple Setting Up Again?",0
2018-05-29,Apple Likely to Adopt OLED Technology in 2019 iPhone Models,0
2018-03-24,Stocks To Watch: Back To School For Apple,0
2017-08-02,"Apple (AAPL) Q3 Earnings & Revenues Beat Estimates, Stock Up",1
2017-03-28,"Dow Upends Losing Streak: Amazon, Apple Do Heavy Lifting",-1
2017-03-28,"Stocks Rally Higher Into Final Hour; Apple, Tesla, Financials Surge",1
2017-03-28,Stocks Mixed As Dow Holds Narrow Gains; Will Apple Score A Record High?,1
2016-12-23,"Week In Review: Dow 20K Elusive; Boeing Meets Trump; Apple, Netflix Near Buys",-1
2016-11-09,"Apple, Microsoft, Cisco Eye Trump Overseas Cash Tax Plan",0
2016-09-22,"Apple, Alibaba Price Targets Hiked; Amazon Upgraded",1
2016-01-12,"Apple Future Bright In Enterprise, Says Goldman Sachs",1
2015-12-30,Apple Tops List As Best Technology Stock For 2016,0
2015-12-18,"Stocks Slammed Even Harder As Apple, Boeing, Disney Weigh",-1
2015-09-22,"Apple Gets Bullish Call; Nike, Amgen PTs Raised",1
2017-10-05,"Stocks Up, Alphabet Leads, But Shopify Down; Why Apple May Break Out Again",0
2017-10-03,'Apple Of Oil' Leads Shale Stocks Forming Bases: Investing Action Plan,0
2017-06-19,Technology Stocks Surge; Apple Leads Broad-Based Advance,1
2017-01-24,"Apple, Aetna, Humana Downgraded; Comcast PT Raised Ahead Of Q4",-1
2016-12-12,Apple Supplier In Sale Talks,0
2020-04-13,"Winmill & Co. Inc Buys UnitedHealth Group Inc, Essent Group, Citigroup Inc, Sells Apple ...",0
2019-12-05,Apple buys first carbon-free aluminum from Alcoa-Rio Tinto JV,0
2015-03-15,"Weekly CEO Sells Highlight: WisdomTree Investments Inc, Dr Pepper Snapple Group Inc, ...",0
2019-11-18,"Ancora Advisors, LLC Buys Apple Inc, L'Harris Technologies Inc, Bank of America Corp, Sells ...",0
2019-11-15,"Ancora Advisors, LLC Buys Apple Inc, L'Harris Technologies Inc, Bank of America Corp, Sells ...",0
2012-07-25,Apple Shares Sour After Rare Earnings Miss,-1
2019-03-26,Indian Steelmakers Grapple With Sanctions-Diverted Iranian Steel,-1
2013-09-16,Uptrend Gains Traction Ahead Of Fed; Apple Gives Up Support,1
2016-05-26,Apple's Next Moves? Hints From M&A Talks,0
2016-05-20,"Eye On Tech: Apple Grows Its Indian Presence, And Yahoo Bids Come In Light",1
2016-04-14,"Seagate Warns, GoPro Hires An Apple Designer, And Intel's President Criticizes His Company",-1
2012-11-16,Stocks Reverse To Modest Gain; Apple Pares Its Loss,1
2018-06-02,"Stocks To Watch: Eyes On Apple's WWDC, SCOTUS And D.C.",0
2016-05-13,"Apple, Biotechs Dive Again; Time To Buy Retail? - Bezek's Daily Briefing",0
2015-10-12,EMC Downgraded Amid Dell Buyout; Apple PT Hiked,-1
2014-08-25,"Video: Ralph Lauren Joins Apple, Nike In Wearable Tech",0
2014-01-07,"Amazon Leads Holiday Customer Scores, Apple Trails",-1
2012-11-08,Apple Selloff: About a Year Too Soon,-1
2012-11-08,Apple Selloff: About a Year Too Soon,-1
2017-06-06,"Radiant Logistics, Dean Foods, Microsoft, Apple and Amazon highlighted as Zacks Bull and Bear of the Day",0
2012-10-11,"Stocks Up But Near Day's Lows; LinkedIn, Apple Give Up Gains",1
2019-04-28,"Eyes On Apple, Uber, F8 And Avengers (Stocks To Watch Podcast)",0
2019-04-27,"Stocks To Watch: Eyes On Apple, Uber, F8 And Avengers",0
2019-04-27,"Stocks To Watch: Eyes On Apple, Uber, F8 And Avengers",0
2019-04-26,"Apple, IBM, Costco among those expected to raise payouts next week",0
2018-10-09,How Do You Like Them Apples?,0
2016-08-02,Apple-Backed Didi's Uber Deal,0
2016-07-20,A New Apple Partnership?,0
2014-10-06,"Apple Now a Strong Buy, New iPhones & iPad Key Catalysts - Analyst Blog",1
2020-02-13,"WASHINGTON TRUST Co Buys Apple Inc, Visa Inc, ResMed Inc, Sells S&P Global Inc, Berkshire ...",0
2018-07-28,"Stocks To Watch: Apple, Harley And Tesla On The Marquee",0
2016-06-21,"Stocks Mixed After Yellen Speech; Microsoft, Apple Rise",0
2012-10-23,Apple Earnings Lead 5 IBD 50 Tech Reports This Week,0
2012-10-20,Apple Earnings Lead 5 IBD 50 Tech Reports This Week,0
2012-10-12,"Google, DaVita Balance Leaders Against Apple's Dive",0
2012-09-17,Stocks Lower In Early Afternoon; Apple Nears 700,-1
2013-01-16,"Stocks Open Quietly Mixed; Apple Rebounds, Boeing Gaps Down",1
2013-01-16,"Stocks Open Quietly Mixed; Apple Rebounds, Boeing Gaps Down",1
2012-11-05,Stocks Turn Narrowly Mixed; Apple Lifts Nasdaq,-1
2012-09-24,"Chips, Apple Weigh On Nasdaq; Rentech Gains",0
2012-07-24,Stocks Lose More Ground; Apple Reports After Close,0
2020-02-12,"Cypress Funds Llc Buys Mastercard Inc, Apple Inc, D.R. ...",0
2019-10-04,Dow Jones Rally Led By Apple Stock; Are Chip Stocks Ready To Lead The Stock Market Higher?,1
2019-07-29,Dow Jones Futures: Beyond Meat Leads 5 Key Movers Late; Apple Earnings Loom,0
2019-02-11,"Dow Jones Futures: Top Stocks Lead But Are Leashed By Sluggish Apple, Major Indexes",-1
2018-08-07,11 Blue Chips Drive Dow Jones Higher; How Apple Can Hit $1.25 Trillion In Market Cap,1
2018-07-22,"Move Aside, Apple: These 4 Hot Software Stocks Are In Or Near Buy Range",0
2017-02-14,"Diker Management Llc Buys Sothebys, HubSpot, Zendesk, Sells Apple, Rosetta Stone, Dollar Tree",0
2011-05-18,"Tiger Global Grows Bullish on Netflix, Apple",1
2014-12-16,Apple Wins Antitrust Trial Over iPod Business,1
2014-02-19,"Gracenote Helping Google, Apple, Pandora Into Cars",1
2016-05-12,Apple And Disney Have Staying Power - Cramer's Mad Money (5/11/16),1
2015-12-14,China 'Robolution' Looms Over Apple Supplier Foxconn,-1
2015-11-05,"Apple, Alphabet Jumping Into Artificial Intelligence",0
2015-11-05,"Apple, Alphabet Jumping Into Artificial Intelligence",0
2020-04-16,"Lincoln Capital LLC Buys JPMorgan Chase, Apple Inc, Brookfield Asset Management Inc, Sells ...",0
2013-07-29,"Technology Stock Roundup: Facebook Wows, Apple Not So Much - Analyst Blog",0
2016-08-02,Apple-Backed Didi's Uber Deal,0
2016-04-06,Here's How Apple Could Up Its TV Game With Skinny Bundle On Hold,0
2016-03-23,"How Apple, Comcast, Google, Amazon Have Skin In FCC Set-Top Game",0
2015-02-18,"Soros Dumps Apple, Buys China",0
2010-09-21,"52-Week Highs: Qwest, Apple, Baidu",0
2019-07-12,"HMS Capital Management, LLC Buys Ulta Beauty Inc, Incyte Corp, IAC/InterActiveCorp, Sells Apple ...",0
2019-06-02,"Apple's WWDC, DuPont's Return And Tariff Anxiety (Stocks To Watch Podcast)",0
2019-06-01,"Stocks To Watch: Apple's WWDC, DuPont's Return And Tariff Anxiety",0
2015-05-26,History Tells Us That This Apple Doesn't Fall Far From The Tree,0
2016-05-12,Apple And Disney Have Staying Power - Cramer's Mad Money (5/11/16),1
2016-01-05,"Stocks End Mixed; Apple Drops, Macom Hits Sell Signal",-1
2016-01-05,"Stocks End Mixed; Apple Drops, Macom Hits Sell Signal",-1
2013-09-17,"Stock Futures Inch Forward; Apple Slips, Aeropostale Surges",-1
2015-09-14,"Stocks Open To Quiet Losses: Cynosure, Xilinx, Apple Rising",-1
2015-05-20,"The Zacks Analyst Blog Highlights: SPDR S&P 500 ETF, Guggenheim S&P SmallCap 600 Pure Growth ETF, Guggenheim S&P MidCap 400 Pure Growth ETF, Columbia Large Cap Growth ETF and Apple - Press Releases",0
2018-01-19,"Ingalls & Snyder Llc Buys Berkshire Hathaway Inc, Apple Inc, Abbott Laboratories, Sells ...",0
2017-02-16,"Partner Investment Management, L.P. Buys Anthem, Cigna, AbbVie, Sells Apple, Baxter ...",0
2016-08-02,Apple-Backed Didi's Uber Deal,0
2016-05-16,"Warren Buffett Buys Apple, One Of Two Things Buffett Is Doing That He Doesn't Do",0
2012-02-23,Apple Stock: $500 And Climbing?,1
2011-12-06,'Fast Money' Recap: Apple's Big iPhone Boost,1
2016-09-16,"Own Apple, Don't Trade It - Cramer's Mad Money (9/15/16)",0
2020-05-06,"Eidelman Virant Capital Buys Conagra Brands Inc, Apple Inc, Box Inc, Sells Liberty SiriusXM ...",0
2018-08-03,10 Reasons Apple Hit $1 Trillion - Cramer's Mad Money (8/2/18),-1
2016-05-20,"Week In Review: 'Live' Fed, Buffett's Apple Bite, Wal-Mart EPS, Self-Driving Traffic Jam",0
2015-10-15,Can Zoe's Hip Med Menu Lure Loyal Fans Like Apple?,-1
2016-05-26,Apple's Next Moves? Hints From M&A Talks,0
2020-05-04,"Appleton Partners Inc Buys Danaher Corp, Brookfield Asset Management Inc, Americold Realty ...",0
2014-09-12,Tech Rewind: Apple's iPhone 6 Plus Already Sold Out,0
2013-10-25,"Seriously, Apple's Jony Ive needs to quit making those videos",0
2013-02-08,Stock Futures Mixed After Trade Data; Apple Rises,-1
2012-10-31,"RadioShack (RSH) and SUPERVALU (SVU) Beat Apple (AAPL) In This Important Metric (TSCO, DG, DDS, AAP & AZO)",1
2012-09-06,Apple and Retail Disease,0
2012-07-25,Stocks Finish Mixed as Apple Weighs,0
2012-06-13,"Apple, Amazon sales jump",0
2012-06-05,"The Digital Skeptic: How Apple Sells High-End, Mass Market All At Once",0
2012-06-05,"The Digital Skeptic: How Apple Sells High-End, Mass Market All At Once",0
2012-04-24,Stocks Finish Mixed; Apple Casts Shadow,0
2012-03-16,"Green for St. Patrick, Stocks and Apple",0
2012-03-12,"The Apple Blues: Retailers Really Want A Competitive Android Tablet (BBY, RSH, SPLS, TGT)",0
2012-01-31,No U.S. Retail Guru Good Enough for Apple,1
2012-01-31,No U.S. Retail Guru Good Enough for Apple,1
2012-01-31,"Stocks to Watch: Amazon, Apple, Exxon",0
2011-10-19,What Apple's Miss Means For Retailers,-1
2020-02-06,"Stratford Consulting, LLC Buys Apple Inc, PIMCO Enhanced Short Maturity Active Exchange-Trad, ...",0
2019-10-28,"Earnings Week Trade Ideas: Apple, Facebook, Starbucks, And Our Views On The FOMC",0
2019-10-28,"Earnings Bonanza: Beyond Meat And Alphabet Get Ball Today; Apple, Facebook Lined Up",0
2019-10-28,Big Week With The FOMC And Apple - Various And Sundry Topics,0
2019-08-05,Tariffs And Apple,0
2019-05-01,More highs in store amid Apple earnings,1
2017-12-27,Citrix Systems (CTXS) Grapples With Cost Woes: Time to Dump?,-1
2016-05-26,Apple's Next Moves? Hints From M&A Talks,0
2013-01-10,Stock Futures Up on Strong China Trade Data; Apple Gains,1
2011-10-06,"6 Stocks to Watch: Apple, Yahoo!",0
2015-12-11,Tsinghua Has $47B To Crush Apple Supplier Qualcomm,0
2015-09-22,Apple Chipmakers Brace For Chill In China's Economy,-1
2015-04-28,"Rudolph Technologies Continued Profitable Growth, Apple Reaches All-time High on Strong Results",1
2015-04-28,"Rudolph Technologies Inc (RTEC) Continued Profitable Growth, Apple Inc (AAPL) Reaches All-time High on Strong Results",1
2015-03-16,"The Zacks Analyst Blog Highlights: Alcoa, RTI International Metals, Simon Property Group, Macerich and Apple - Press Releases",0
2015-03-13,"Dow 30 Stock Roundup: Apple to Replace AT&T, Intel Cuts Guidance - Analyst Blog",-1
2015-03-09,Blue Chips Outperform In Quiet Trade; Apple Gives Back Gains,1
2015-03-09,Blue Chips Pace Up Session; All Eyes On Apple Watch,0
2015-03-09,"Stocks Open To Quiet Gains; Apple, General Motors In Focus",0
2015-03-09,"Stock Futures Reverse And Climb; Apple, General Motors Edge Up",1
2016-12-28,—' Questions With Adam Strauss of Appleseed Fund,0
2016-01-15,Apple shutting down iAd App Network (updated),0
2015-06-12,Ad-techs settle down from Apple content-blocking OS news,-1
2016-12-12,Apple Supplier In Sale Talks,0
2015-12-04,"Starbucks Tests Support, Will Roll Out Apple Pay",0
2014-03-26,"Akamai, Cisco Partnership Eyed; Apple Worries Fade",-1
2013-09-13,Apple OS Software Upgrade Seen Giving Akamai A Lift,1
2013-02-13,Seven Stocks Go to the Woodshed While Apple Fills Gap,0
2013-02-08,"LinkedIn, Apple, Zynga: Tech Premarket",0
2013-02-08,"LinkedIn, Apple, Zynga: Tech Premarket",0
2013-01-04,"Stocks Open Mixed, Apple Drags; Bonanza Creek Energy Saddles Up",-1
2012-07-25,Stocks Finish Mixed as Apple Weighs,0
2012-07-25,"Apple, Netflix, Symantec: Tech Premarket",0
2012-07-25,"Apple, Netflix, Symantec: Tech Premarket",0
2011-10-18,Market Preview: Apple Defenders Unite!,0
2011-09-13,'Fast Money' Recap: Apple Dividend Imminent?,1
2011-07-20,"5 Stocks to Watch: Apple, Riverbed",0
2011-07-19,"Chipolte, Apple: After-Hours Trading",0
2011-07-18,Market Preview: Bank of America vs. Apple,0
2010-10-27,'Fast Money' Recap: Apple's Speed Bump,1
2020-05-15,"MAVEN SECURITIES Ltd Buys Apple Inc, Allergan PLC, Ryanair Holdings PLC, Sells iShares MSCI ...",0
2016-07-08,"Week In Review: Stocks Rise Despite Brexit Fears; Tesla, Costco, Apple, WhiteWave",0
2019-08-23,"Apple, chip stocks take a beating after China tariffs, Trump tough talk",1
2019-04-21,"Podcast: Apple-Qualcomm, Intel 5G, Samsung Galaxy Fold",0
2019-03-24,"Podcast: Nvidia GTC, Google Stadia, HP And Oculus VR, Apple",0
2019-02-10,"Podcast: Apple, 5G Vs. WiFi, Digital Privacy, Spotify",0
2018-11-12,Tech lunch break: Apple supplier woes sink sector,0
2018-11-02,Week in tech: Apple pulls red on soft holiday guide,1
2018-09-03,"Technology, Apple, And Did Tim Cook Pull Off A Remarkable Feat?",1
2018-05-01,Nasdaq futures add to gains after strong Apple report,1
2018-03-01,Multimedia Weekly Digest: Take A Bite Out Of Apple,0
2017-11-20,"S&P 500 Earnings, The Tech Sector And The Apple iPhone Cycle",0
2017-02-20,Investing In Tech Is More Than Just Apple Bites And Facebook Likes,0
2015-05-20,"The Zacks Analyst Blog Highlights: SPDR S&P 500 ETF, Guggenheim S&P SmallCap 600 Pure Growth ETF, Guggenheim S&P MidCap 400 Pure Growth ETF, Columbia Large Cap Growth ETF and Apple - Press Releases",0
2019-07-28,"Headliners Include Apple, Beyond Meat And IBM (Stocks To Watch Podcast)",0
2019-07-27,"Stocks To Watch: Headliners Include Apple, Beyond Meat And IBM",0
2019-06-18,Apple (AAPL) Likely to Launch 5G-Supported iPhones in 2020,0
2019-05-20,Tech Stocks Can't Get Off The Floor; A Sell Signal For Apple,-1
2019-04-28,"Eyes On Apple, Uber, F8 And Avengers (Stocks To Watch Podcast)",0
2019-04-27,"Stocks To Watch: Eyes On Apple, Uber, F8 And Avengers",0
2019-04-27,"Stocks To Watch: Eyes On Apple, Uber, F8 And Avengers",0
2015-07-14,Hormel Foods Closes $775M Applegate Buyout Deal - Analyst Blog,0
2014-06-02,"Stocks Mixed In Afternoon; Apple, Google Dip",0
2012-08-28,"Stocks to Watch: Apple, Knight Capital",0
2020-02-20,"Boston Beer Company, Spirit AeroSystems, Apple, Starbucks and Carnival highlighted as Zacks Bull and Bear of the Day",0
2019-07-31,"The Boston Beer Company, iRobot, Apple, Electronic Arts and Mondelez highlighted as Zacks Bull and Bear of the Day",0
2019-07-30,"Under Armour & BYND Sink, An Apple Earnings Preview & Why SAM Stock Looks Strong | Free Lunch",1
2019-01-29,"Stock Futures Hover Ahead Of Trade Talks, Fed, Apple; 3M Leads Dow Jones",0
2016-01-06,What Jabil Circuit Tells Us About Apple?,0
2015-08-19,"Zacks Investment Ideas feature highlights: Apple, LyondellBasell, Sanmina, Meritor and American Axle & Manufacturing",0
2020-05-01,"Thinking about trading stocks or options in Apple, Moderna, Ford, Spirit Airlines, or Netflix?",0
2018-11-09,"Robert Olstein Sells Stericycle, Trims Apple",0
2018-05-23,Appleseed Fund Q1 2018 Quarterly Commentary,0
2017-08-17,Spirit Airlines Grapples With Pilot Dispute: Time to Dump?,-1
2016-12-16,"Stocks Mixed; Dow 20,000 Still Elusive; Apple Climbs Near Breakout",1
2016-12-07,Trump Vow On Drug Prices Fails To Stop Rally; Apple Retakes Prior Buy Point,-1
2016-10-24,"Techs Lead, QSR Drops Big; Why Apple Is Still In Buy Range After 2nd Breakout",1
2016-06-13,Stocks Test Key Support Levels; Apple Down As WWDC Launches,-1
2015-12-31,Apple On Track For 2015 Loss As Stocks Remain Firmly In Red,1
2015-12-22,"Chipotle Downgraded, Apple's PT Cut, Blackberry Upped",-1
2015-08-11,Stocks Slump In Higher Volume; China Devaluation Bad News For Apple,-1
2015-04-29,"Indexes Slide But End Off Lows; Apple, Twitter Extend Losses",0
2015-04-13,"Stocks Give Up Early Gains, Apple Also Reverses Lower",1
2014-11-03,"Apple, Alibaba Lead 5 Stocks Bolting To New Highs",0
2014-04-28,Nasdaq Recovers After Early Weakness; Apple Rallies Again,1
2013-10-22,"Stocks Open On Positive Note; Whirlpool, Netflix, Apple Climb",1
2013-04-30,Apple Leads Tech Stock Rally; New All-Time High For S&P 500,1
2012-09-14,Stocks Climb In Fast Trade; Apple At Another High,1
2012-07-05,"Stocks Mixed, Near Day's Highs; Netflix, Spirit, Apple Jump",0
2012-07-05,"Stocks Stay Mixed; Netflix, Spirit Airlines, Apple Jump",0
2012-02-13,Stocks Up In Late Afternoon; Apple Tops 500,1
2012-02-13,Stocks Up In Early Afternoon; Apple Briefly Tops 500,1
2012-02-13,Wall Street Rises On Greek Vote; Apple At New High,0
2017-03-28,"Dow Upends Losing Streak: Amazon, Apple Do Heavy Lifting",-1
2018-04-28,"Stocks To Watch: Apple, FOMC And China On Tap",0
2017-11-08,"Apertura Capital, LLC Buys Oracle Corp, Dr Pepper Snapple Group Inc, SBA Communications Corp, ...",0
2012-11-07,"Apple, Rackspace, American Tower: Tech Winners & Losers",-1
2012-11-07,"Apple, Rackspace, American Tower: Tech Winners & Losers",-1
2017-02-03,Stocks Up Broadly; Will Apple Emerge As The Top Stock In The Dow This Year?,1
2019-10-31,"Peel Some Apple; Twitter Loses, TV Wins; Boeing CEO Must Go",-1
2017-08-15,"Scott Black Buys Zimmer Biomet Holdings Inc, Apple Inc, Sinclair Broadcast Group Inc, Sells ...",0
2017-05-08,"Nasdaq, S&P 500 Fight To Positive Finish; Apple Seizes New High",1
2017-05-08,"S&P 500, Nasdaq Ease After All-Time Highs; Apple Leads Dow",1
2017-05-01,"Dow Under Pressure Despite Apple Boost; Tesla, Netflix At Record Highs",-1
2012-11-23,"Apple, Winnebago Lead Top Industry Gains For Week",1
2018-08-02,Apple Helps the NASDAQ Stay in the Green,1
2017-03-28,"Dow Upends Losing Streak: Amazon, Apple Do Heavy Lifting",-1
2015-07-07,Apple: A Top Fidelity Manager Sticks By The Stock,0
2019-05-13,"Ws Management Lllp Buys Heron Therapeutics Inc, Knight-Swift Transportation Holdings Inc, Apple ...",0
2017-02-15,"Warren Buffett Reveals New Picks - Apple, Airlines, And Arb",0
2018-08-15,"BW Gestao de Investimentos Ltda. Buys BRF SA, SPDR S&P 5……, Apple Inc, Sells iShares ...",0
2019-10-15,"PrairieView Partners, LLC Buys Apple Inc, Schwab U.S. ...",0
2018-08-03,Is Apple At $1 Trillion Good Or Bad?,1
2017-06-26,"Which 2 Top ETFs Holding Amazon, Apple, Celgene Are In Buy Range?",0
2017-06-26,"Which 2 Top ETFs Holding Amazon, Apple, Celgene Are In Buy Range?",0
2019-10-15,"PrairieView Partners, LLC Buys Apple Inc, Schwab U.S. ...",0
2020-05-06,"Eidelman Virant Capital Buys Conagra Brands Inc, Apple Inc, Box Inc, Sells Liberty SiriusXM ...",0
2020-04-08,"Centric Wealth Management Buys Apple Inc, Invesco Preferred, FlexShares iBoxx ' Year Target ...",0
2019-04-25,"Raub Brock Capital Management LP Buys FedEx Corp, KeyCorp, Apple Inc, Sells Schwab US Dividend ...",0
2018-05-24,"The No. 1 Stock In The World (Revisited) - Visa And Apple Up, Kinder Morgan And Gilead Down",0
2017-12-22,"Like Apple, Microsoft, Big Dividends? Try These Smart Beta ETFs",0
2017-06-01,Like Apple? Watch These 2 Big ETFs For Potential Breakout,0
2020-05-06,"Appleton Group Wealth Management Llc Buys ProShares UltraShort Dow'…, Sells Schwab U.S. ...",0
2020-05-06,"Appleton Group Wealth Management Llc Buys ProShares UltraShort Dow'…, Sells Schwab U.S. ...",0
2019-04-17,"Appleton Partners Inc Buys Schwab International Equity, The Estee Lauder Inc, SPDR Portfolio ...",0
2020-02-04,"Peachtree Investment Partners, LLC Buys Apple Inc, Microsoft Corp, Global Payments Inc, Sells ...",0
2020-04-08,"Centric Wealth Management Buys Apple Inc, Invesco Preferred, FlexShares iBoxx ' Year Target ...",0
2020-01-30,"Opes Wealth Management LLC Buys Apple Inc, Vanguard Mid-Cap Value ETF, Invesco S&P 5…… ...",0
2019-07-25,"Trustcore Financial Services, Llc Buys First Trust VL Dividend, Johnson & Johnson, Apple ...",0
2019-04-25,"Raub Brock Capital Management LP Buys FedEx Corp, KeyCorp, Apple Inc, Sells Schwab US Dividend ...",0
2017-11-03,"Appleton Group Wealth Management Llc Buys Oshkosh Corp, Plexus Corp, Schwab US Aggregate Bond",0
2020-04-15,"Diversified Investment Strategies, LLC Buys Miller Industries, Schwab US Aggregate Bond, Apple ...",0
2016-12-19,"Stocks, Apple Off Highs As Russia's Turkish Ambassador Slain",-1
2016-11-28,Stocks Drift Lower As Crude Oil Jumps; Apple Shows Resilience In Dow,1
2015-10-02,Stocks Remain Near Session Highs; Apple Goes Positive On Target News,1
2015-10-01,"Stocks Give Up Early Gains As Apple, Illumina, Sucampo Slide",1
2015-09-09,Tech Stocks Rally Reverses After Apple Announcement,1
2015-08-04,"Stocks Bleed More Red; Apple Weak Again, Suppliers Hit Too",-1
2019-01-04,Apple Warning Sparks 2018-Style Selloff,-1
2012-04-10,Apple Leads IBD's Top 5 Relative Strength Leaders,1
2011-04-20,"Apple, Chipolte, F5: After-Hours Trading",0
2016-11-01,"Stocks Drop As Fed Meeting Starts; Apple, Pfizer Biggest Losers On Dow",-1
2016-11-01,"Stocks Down Hard; Tesla Skids Sharply, Apple Nearly Round-Trips Breakout",-1
2016-10-31,Apple To Bid On Time Warner?; Tesla's Solar Roof Unveiled; M&A Train Rolls - Eye On Tech,0
2016-10-28,"Week In Review: Apple, Amazon, Alphabet Are A-Listers On Crowded Earnings Stage",0
2016-10-26,"Apple Vs. Google; Tesla Reports Earnings; Buy Amazon, Short Facebook? - Eye One Tech",0
2016-10-24,"Your ETF Investing Action Plan This Week: Apple, Amazon And Solar",0
2016-10-17,"Netflix Crushes Earnings, Apple's Car Problems?; Tesla's New Partner - Eye On Tech",1
2016-10-12,"Stocks Flat, Tesla Back Above 200; Did Apple Trigger A New Buy?",1
2016-09-24,"Apple Car Moving Forward, But Direction And Speed Unknown",0
2016-09-20,Is Enphase The Apple Of The Solar Storage Market?,0
2016-09-12,Will Apple Or Google Buy Tesla?; SolarCity Gets More Cash - Eye On Tech,0
2016-09-02,"Week In Review: Apple Vs. EU, Hiring So-So, Auto Sales Fall, Salesforce Guides Low",-1
2016-09-01,"SolarCity Undervalued In Takeover; SpaceX Rocket Explodes, Apple To Repatriate Cash? - Eye On Tech",1
2016-08-19,U.S. V. Apple - The Looming Trial Of The Century?,0
2016-08-10,SolarCity's SolarRoof; Apple's New MacBook & Sony's New PlayStation -- Eye On Tech,0
2016-08-02,Apple-Backed Didi's Uber Deal,0
2016-07-27,"Facebook Earnings Dazzle, Tesla's New Competition, Apple Services Impress - Eye On Tech",-1
2016-07-20,A New Apple Partnership?,0
2016-07-14,"Amazon Taps Solar IPO For Install; Follows Apple, Google, Tesla Greenery",0
2016-07-08,"Week In Review: Stocks Rise Despite Brexit Fears; Tesla, Costco, Apple, WhiteWave",0
2016-07-06,Tesla Rolls Further Away From The Apple Tree: Part 2,0
2016-07-01,"Apple Suppliers, SolarCity Downgraded; Netflix Is A Buy",1
2016-06-29,"Could Lyft's Network Buoy Apple, Google, GM In Self-Driving Battle?",1
2016-06-28,"Tesla-SolarCity Merger 'Inevitable,' May Rival Apple, Google, Uber",0
2016-06-20,"Billionaire Firms Tail Apple, Google, Tesla In Solar Installations: PwC",0
2016-06-09,"Fitbit Started At Buy; Apple Supplier Qorvo, LinkedIn Upgraded",1
2016-05-13,"Week In Review: Apple, Macy's, Walt Disney Signal Consumer Slowdown",-1
2016-04-04,"Apple, Facebook, Yahoo PTs Raised; SolarCity PT Cut",1
2016-01-22,"Apple Supplier Qualcomm, JD Upgraded; Baidu Lowered",0
2015-12-17,Apple Gets PT Cut; Sunrun And Solar City Upgraded,1
2015-12-16,Apple Supplier Qualcomm PT Cut; Northrop Upgraded,1
2015-04-24,Apple To Tesla: What To Expect In The Coming Week,0
2015-02-11,Elon Musk Sees Apple-Like Market Cap For Tesla,0
2014-02-26,"Apple, Tesla Seen Lagging In Institutional Ownership",-1
2014-02-21,"Tesla Battery Factory Might Power Up SolarCity, Apple",0
2013-04-30,"Apple Pulls Nasdaq Higher; Oil States Up, U.S. Silica Dives",1
2019-03-24,Apple Makes Its Video-Streaming Move (Stocks To Watch Podcast),0
2019-03-23,Stocks To Watch: Apple Makes Its Video-Streaming Move,0
2018-08-28,"Nasdaq, S&P Hit New Highs; Apple Stock Gains As Big Launch Seen",1
2018-07-11,Sally Beauty Grapples With Declining Comps & Margins,-1
2017-07-26,"Eidelman Virant Capital Buys Ally Financial Inc, Apple Inc, Atento S. ...",0
2012-01-31,Appleseed's Top Picks Revealed,1
2012-01-31,Appleseed's Top Picks Revealed,1
2018-10-29,"Bell Asset Management Ltd Buys The Hershey Co, Avery Dennison Corp, Raytheon Co, Sells Apple ...",0
2017-01-12,Wall Street Breakfast: Apple Sets Its Sights On Hollywood,0
2015-02-05,Major hospitals evaluating Apple's HealthKit service,0
2020-05-12,"Mrj Capital Inc Buys Eaton Corp PLC, Sells Apple Inc, JPMorgan Chase, Aon PLC",0
2018-09-08,"Stocks To Watch: Apple Event, Chinese Auto IPO To Headline",0
2017-08-07,"Welch Group, LLC Buys Servisfirst Bancshares Inc, Bank of America Corporation, Apple Inc, Sells ...",0
2018-07-12,"Wix, Shutterfly gain as Apple ends Photo Print Products",0
2018-05-02,"Stock Market Mixed as Apple Earnings, Fed Meeting In Focus; Shutterfly Gaps Up",-1
2018-05-02,"Dow Futures Lag As Apple Rises, But Fed, Earnings Limit Gains",-1
2018-05-01,"Apple Powers After-Hours Advance; Market Looks Toward Fed, Oil Reports",0
2018-11-14,"Stocks Today: Apple, Netflix, Nvidia Lead Nasdaq 100 Lower",0
2018-10-31,"Apple, 'Apple Of Oil' And Starbucks To Report: Investing Action Plan",0
2017-05-01,"ING Groep NV Buys Apple, Energy Transfer Equity LP, Sprouts Farmers Market, Sells Bank of ...",0
2017-03-20,"Stocks Edge Higher As Nasdaq Hits Record; Disney, Apple Boost Dow",1
2017-01-04,Apple Should Buy Sirius XM - Cramer's Lightning Round (1/3/17),0
2016-09-09,"Week In Review: Apple iPhone 7 Doesn't Wow, Cheap Food Slams Grocers",0
2016-09-07,"Stocks Nearly Flat As Apple Fails To Excite, But Nintendo Soars",-1
2016-05-05,Stocks Pare Gains; Apple On Track For 2-Year Low,1
2014-09-25,Apple Fuels Tech Sell-Off; Valeant Bucks The Trend,1
2013-08-12,Stock Averages Finish Mixed As Volume Falls; Apple Rises,0
2019-10-28,Big Week With The FOMC And Apple - Various And Sundry Topics,0
2019-08-05,Tariffs And Apple,0
2012-11-23,"Apple, Winnebago Lead Top Industry Gains For Week",1
2019-06-02,"Apple's WWDC, DuPont's Return And Tariff Anxiety (Stocks To Watch Podcast)",0
2019-06-01,"Stocks To Watch: Apple's WWDC, DuPont's Return And Tariff Anxiety",0
2016-12-30,Top 10 Trends To Watch For 2017: From Trump To Apple's iPhone 8,0
2016-12-27,Nasdaq Clears 5500 To Fresh All-Time High; Apple Vies For Breakout,1
2019-09-08,"Apple, IPOs And German Auto (Stocks To Watch Podcast)",0
2019-09-07,"Stocks To Watch: Apple, IPOs And German Auto",0
2018-10-28,Apple Looks To Recharge Tech Sector (Stocks To Watch Podcast),0
2018-10-27,Apple Looks To Recharge Tech Sector,0
2015-04-17,"Seeking Alpha's Biotech Weekly: Celgene Check-Up, Is Gilead The New Apple?, And More",0
2016-02-23,It's Not Easy Being Wal-Mart In An Apple World,0
2019-04-14,"Spotlight On Earnings, Pinterest And Apple-Qualcomm (Stocks To Watch Podcast)",0
2019-04-13,"Stocks To Watch: Spotlight On Earnings, Pinterest And Apple-Qualcomm",0
2018-03-24,Stocks To Watch: Back To School For Apple,0
2019-11-04,Swapping Apple For Apple - October Dividend Portfolio Update,0
2015-10-01,Apple Supplier Skyworks Is A Buy; Celgene Upgraded,1
2015-10-01,Apple Supplier Skyworks Is A Buy; Celgene Upgraded,1
2014-11-17,Apple iPhone 6 could be Grinch for apparel retailers,-1
2010-06-10,"Cramer's Stop Trading!: Apple, Citi, Google",0
2013-05-07,"Savant Edward Lampert, Top Six Holdings - Great Gains Despite One Bad Apple",1
2018-08-01,"Apple, Trade War Threats Divide Stock Futures Ahead Of Fed Vote",-1
2018-08-01,"Wall Street Breakfast: Fed, Apple, Tariffs",0
2018-05-15,"General Re New England Asset Management Inc Buys Apple Inc, USG Corp, Royal Dutch Shell PLC, ...",0
2018-05-15,"Glenview added Express Scripts, exited Apple in Q1",0
2017-05-18,"Stocks Cling To Gains; Apple, Netflix Lead Nasdaq; Time To Buy Biotechs?",1
2017-05-15,Julian Robertson Buys Adobe and Sells Apple in –st Quarter,0
2017-01-12,Wall Street Breakfast: Apple Sets Its Sights On Hollywood,0
2016-08-19,U.S. V. Apple - The Looming Trial Of The Century?,0
2016-07-13,Approval Makes Xiidra The Apple Of Shire's Eye,1
2016-03-22,Will Apple Get Imagination?,0
2015-03-02,Apple And Allergan Top Hedge Fund Holdings In Q4 2014,0
2019-06-02,"Apple's WWDC, DuPont's Return And Tariff Anxiety (Stocks To Watch Podcast)",0
2019-06-01,"Stocks To Watch: Apple's WWDC, DuPont's Return And Tariff Anxiety",0
2019-05-15,"Townsquare Capital Llc Buys Chevron Corp, Merck Inc, Apple Inc, Sells The Kraft Heinz Co, ...",0
2019-05-05,Ep. 101: Why Apple Will Be The Only Smartphone Survivor,0
2016-10-31,Will Apple Take The Bite?,0
2016-10-25,Stocks Fall But Defense Contractors Up Big; Apple Slips After Hours,-1
2016-05-26,Apple's Next Moves? Hints From M&A Talks,0
2016-05-16,"Warren Buffett Buys Apple, One Of Two Things Buffett Is Doing That He Doesn't Do",0
2016-03-22,Will Apple Get Imagination?,0
2016-03-21,"Stocks Rise As Nike Sprints, But Apple Falls Flat",0
2015-11-25,"Palo Alto Networks, Apple Chip Supplier ADI Upgraded",0
2015-04-07,Apple: A Top Mutual Fund Manager's Concerns,-1
2015-02-19,5 Stocks That Crushed Apple - Investment Ideas,1
2014-12-02,"Apple, Facebook: Jason Weiner Of Fidelity's View",0
2012-12-04,"Apple, Michael Kors, Visa, eBay: Larry Puglia's Bets",0
2012-11-23,"Apple, Winnebago Lead Top Industry Gains For Week",1
2012-10-25,Stocks Waver To Modest Gains; Apple Sours After Hours,1
2020-05-13,"Summit X, LLC Buys Apple Inc, Microsoft Corp, Mastercard Inc, Sells iShares Core MSCI Emerging ...",0
2014-09-22,"Stocks Trade Lower On Housing Data, China; Apple Rises",-1
2012-04-12,"Zacks Bull and Bear of the Day Highlights: Marathon Petroleum, CSN, Research In Motion, Apple and Google - Press Releases",0
2019-03-24,Apple Makes Its Video-Streaming Move (Stocks To Watch Podcast),0
2019-03-23,Stocks To Watch: Apple Makes Its Video-Streaming Move,0
2016-01-08,Apple Reads Your Mind,0
2017-06-06,"Stocks Rebound From Open; Apple Rally Fades, RV Maker Surges",1
2016-05-27,Week In Review: Apple-Led Stocks Rise Above Fed; Autos Hitch Ride; Oil Hits $50,1
2016-03-21,"The Monday Morning Kickoff - Apple's Monday Event, Nike's Earnings, More Fed Head Jawboning And Good Friday",0
2015-08-24,China To Ding Tiffany? Signet To Take On Apple Watch?,0
2015-08-24,China To Ding Tiffany? Signet To Take On Apple Watch?,0
2016-03-21,"The Monday Morning Kickoff - Apple's Monday Event, Nike's Earnings, More Fed Head Jawboning And Good Friday",0
2011-05-03,'Fast Money' Recap: Apple's Cash Mountain,0
2018-05-23,Appleseed Fund Q1 2018 Quarterly Commentary,0
2019-05-13,"With Apple No Longer An Overhang, Dialog Needs To Build Its Future Business",0
2018-09-13,"Semi stocks rebound after Apple event, analyst actions, morning news",1
2017-04-18,"Hartwell J M Limited Partnership Buys Apple, UnitedHealth Group, Mesabi Trust, Sells Anadarko ...",0
2017-01-05,Samsung Electronics Q4 Profit Jumps 50%; Apple To Open Korea Store,1
2017-01-03,"Stocks Up, Apple Fine; Why Nvidia's Correction Looks Normal So Far",1
2016-10-26,AT&T Deal Could Boost This Top Apple Supplier,1
2016-09-04,"Apple Finally Shapes A Buy Point; Watch Broadcom, Activision",1
2016-09-03,"Investing Action Plan: Apple, iPhone 7 On Tap, Is Among Top Techs Near Buys",1
2016-07-07,"Stocks Pare Gains; Apple Gets Good News, Silicon Motion, WhiteWave Soar",1
2016-05-20,How High Will Tesla/Apple Supplier Nvidia Go? Up 34% In 2 Months,1
2016-04-08,Is Apple Supplier NXP Semi Looking To Home In On Auto Market?,0
2016-02-29,Stocks Strengthen Near Midday; Apple Is Early Dow Leader,1
2015-11-19,Two Apple Suppliers Among 3 Top Overseas Chipmakers,0
2015-11-19,Two Apple Suppliers Among 3 Top Overseas Chipmakers,0
2015-11-19,Two Apple Suppliers Among 3 Top Overseas Chipmakers,0
2015-11-19,Two Apple Suppliers Among 3 Top Overseas Chipmakers,0
2015-07-22,Chip stocks down sharply following Apple/ARM/Linear's Q2 reports,-1
2015-05-07,"The Zacks Analyst Blog Highlights: Apple, Silicon Motion Technology, ARM Holdings and Norsk Hydro - Press Releases",0
2014-07-21,Will Apple (AAPL) Surprise Q3 Earnings Estimates? - Analyst Blog,0
2019-05-14,Appleseed Fund 2019 Semi-Annual Letter,0
2018-09-25,"The Zacks Analyst Blog Highlights: Apple, Amazon, Alphabet, Tencent and Sina",0
2017-11-07,Apple Still Leads Stocks; Nasdaq Down; Time To Sell These 5 Market Leaders?,-1
2017-09-19,Stock Futures Positive; Apple Rises Despite iPhone 8 Question,1
2017-08-11,"Stocks Mildly Rebound; Nvidia Pressured, Apple Reclaims Buy Point",-1
2017-08-07,Stocks Up; 3 More Reasons Why Apple Could Rally 20% Again,1
2017-08-07,"Stocks Edge Higher, Apple Retakes Buy Point While China Name Breaks Out",1
2017-07-10,"Commodity, China Stocks Up, But Breadth Negative On Nasdaq; Is Apple Basing?",-1
2017-05-08,"Nasdaq, S&P 500 Fight To Positive Finish; Apple Seizes New High",1
2017-02-06,Small Caps Lead Drop; Will Nvidia Join Apple As A New Breakout?,0
2016-11-19,"Black Friday, Apple, Sina, Weibo In Focus For Investing Action Plan",0
2016-09-02,Tame Jobs Report Lifts Stocks; Apple Leads Dow; Small Caps Outperform,1
2016-05-13,"Week In Review: Apple, Macy's, Walt Disney Signal Consumer Slowdown",-1
2015-08-11,"Alibaba, Apple Fall As Yuan Seen Hitting Earnings",-1
2015-04-13,"Stocks Give Up Early Gains, Apple Also Reverses Lower",1
2013-02-20,"Sina, Apple, Dell: Tech Premarket",0
2013-02-20,"Sina, Apple, Dell: Tech Premarket",0
2013-01-03,"Mellanox, Allot, Facebook, Apple: Tech Premarket",0
2013-01-03,"Mellanox, Allot, Facebook, Apple: Tech Premarket",0
2011-05-03,'Fast Money' Recap: Apple's Cash Mountain,0
2011-04-12,Buy Apple on a Pullback: Morning Call,1
2019-11-20,Apple Music expands into business offering - WSJ,0
2019-10-08,"Buy Spotify Stock on the Dip Even as Apple, Amazon Boost Streaming Push?",1
2019-08-01,"Top Research Reports for Apple, BP & Canadian National",0
2019-03-07,Variety: Music streamers (without Apple) appeal songwriter royalty hike,0
2018-09-25,"Apple Completes Shazam Buyout, Strengthens Music Offering",1
2017-05-16,"Berkshire Hathaway Buys Apple, Bank of New York Mellon, Southwest Airlines, Sells IBM, Delta ...",0
2017-02-14,"Buffett's Berkshire Piles On Shares Of Apple, Airlines, Cuts Wal-Mart",0
2017-02-14,"Warren Buffett Buys Apple, Delta Air Lines, Southwest Airlines Co, Sells Deere, Wal-Mart ...",0
2017-01-04,Apple Should Buy Sirius XM - Cramer's Lightning Round (1/3/17),0
2016-12-07,Apple Music Hits 20 Million Subscribers As Pandora Debuts Rival Service,0
2016-08-26,"Apple Should Buy Sirius XM Satellite Radio, CNBC's Jim Cramer Says",0
2016-08-19,"Pandora To Take On Apple, Spotify In On-Demand Subscription Music: Report",0
2016-07-11,Apple Is Starting An M&A War In Online Radio,0
2016-06-29,"Streaming Music Leader Spotify Challenged By Apple, Amazon, Pandora",-1
2016-05-25,"Apple, Tesla Self-Driving Cars May Kill Off Consumer Auto Insurance",-1
2015-12-22,"Agilent, Apple and Canadian Pacific Are Among Larry Robbins' New Buys",0
2015-12-15,Stocks Romp Higher As Fed Meeting Begins; Apple Sits Rally Out,1
2015-12-11,"Apple Music ""Off To Slow Start,"" Says Morgan Stanley",0
2015-09-04,Netflix Facing a Serious Threat From Apple and Amazon,-1
2015-04-27,Sirius XM: Why Apple Still Remains A Likely Suitor,0
2015-04-23,"Nokia's HERE Sale: Apple, Facebook, Alibaba Join List Of Potential Suitors",0
2015-04-22,"Nokia HERE Maps Unit Bidders: Apple, Alibaba, Facebook, Uber?",0
2015-03-19,Here's why Apple wants a new streaming music service,0
2014-07-03,"Google Eyes Music Ad Market Vs. Pandora, Apple",0
2014-07-03,"Under Threat From Apple, Sirius XM Is a Stock to Stay Away From",-1
2014-03-25,Pandora Down on Apple iRadio Expansion - Analyst Blog,0
2014-01-07,Apple And Amazon: Why Bill Miller Still Likes Them,0
2013-12-30,"Google Takes Aim at Apple, Which Was Taking Aim at Sirius XM (GOOG, SIRI, AAPL)",0
2013-10-08,Apple Plans iRadio's Overseas Expansion - Analyst Blog,0
2013-09-24,Pandora Shares Fall as Apple's iRadio Soars - Analyst Blog,0
2013-03-29,New York Sees E-Commerce Taking Root In Big Apple,1
2013-02-13,"Leon Cooperman Friends Facebook, Avoids Apple",0
2013-02-13,"Leon Cooperman Friends Facebook, Avoids Apple",0
2013-01-28,"Facebook, Apple, RIM, Yahoo!: Tech Premarket",0
2013-01-28,"Facebook, Apple, RIM, Yahoo!: Tech Premarket",0
2013-01-24,The Loudest Voices Hate Apple's Guts: Should Investors?,-1
2013-01-24,The Loudest Voices Hate Apple's Guts: Should Investors?,-1
2013-01-22,Bobbing for Another Apple,0
2013-01-18,"Intel, AT&T, HP, Apple, RIM: Tech Premarket (Update 1)",0
2013-01-18,"Intel, AT&T, HP, Apple, Sirius: Tech Premarket",0
2013-01-17,Apple: Just Like a Stinking Penny Stock,0
2013-01-17,Apple: Just Like a Stinking Penny Stock,0
2013-01-08,"Perion, Apple, Facebook: Tech Premarket",0
2013-01-08,"Perion, Apple, Facebook: Tech Premarket",0
2013-01-02,"Apple, Facebook, HP, Intel: Tech Premarket (Update 1)",0
2012-12-06,"Sirius, Zynga, Apple: Tech Premarket",0
2012-12-06,"Sirius, Zynga, Apple: Tech Premarket",0
2012-11-21,"Salesforce, HP, Apple: Tech Premarket",0
2012-11-21,"Salesforce, HP, Apple: Tech Premarket",0
2012-11-19,"Cisco, HP, Apple: Tech Premarket",0
2012-11-19,"Cisco, HP, Apple: Tech Premarket",0
2012-11-16,"Dell, Qualcomm, Apple: Tech Premarket",0
2012-11-16,"Dell, Qualcomm, Apple: Tech Premarket",0
2012-11-12,"RIM, Apple, Facebook: Tech Premarket",0
2012-11-12,"RIM, Apple, Facebook: Tech Premarket",0
2012-11-07,"Rackspace, Facebook, Apple: Tech Premarket",0
2012-11-07,"Rackspace, Facebook, Apple: Tech Premarket",0
2012-10-26,"Start a Rumor About Apple Entering a Business, and Watch the Competitor's Stock Collapse",-1
2012-10-26,"Apple, Facebook, Amazon, Sirius: Tech Premarket",0
2012-10-26,"Apple, Facebook, Amazon, Sirius: Tech Premarket",0
2012-10-25,"Pandora, Sirius XM Stocks Fall On Apple Radio Report",0
2012-10-22,"Ancestry.Com, Sirius, Apple: Tech Premarket",0
2012-10-22,"Ancestry.Com, Sirius, Apple: Tech Premarket",0
2012-10-11,"Sirius, Facebook, Apple, Groupon: Tech Premarket",0
2012-10-11,"Sirius, Facebook, Apple, Groupon: Tech Premarket",0
2012-10-02,"Digital Music Sales By Apple, Amazon, Others Up 15%",1
2012-10-02,"Sirius, Facebook, Cisco, RIM, Apple: Tech Premarket",0
2012-10-02,"Sirius, Facebook, Cisco, RIM, Apple: Tech Premarket",0
2012-10-01,"Facebook, Apple, RIM, Sirius: Tech Premarket",0
2012-10-01,"Facebook, Apple, RIM, Sirius: Tech Premarket",0
2012-09-27,"Yahoo!, RIM, Sirius, Apple: Tech Premarket",0
2012-09-24,"Facebook, Apple, Micron: Tech Premarket",0
2012-09-24,"Facebook, Apple, Micron: Tech Premarket",0
2012-09-10,"A Streaming Apple Could Doom Pandora, Sirius",0
2012-09-10,"A Streaming Apple Could Doom Pandora, Sirius",0
2012-09-07,Pandora Plunges on Apple Streaming Chatter,-1
2012-09-07,Pandora Plunges on Apple Streaming Chatter,-1
2012-09-07,"Pandora Media Isn't the Only Media Name That Needs to Worry About Apple's New Idea (SIRI, AAPL, P)",0
2012-09-05,"Facebook, Apple, Sirius XM: Tech Premarket",0
2012-09-05,"Facebook, Apple, Sirius XM: Tech Premarket",0
2012-08-21,"Groupon, Sirius, Apple, Dell: Tech Premarket",0
2012-08-21,"Groupon, Sirius, Apple, Dell: Tech Premarket",0
2012-08-01,"NICE, Apple, Facebook: Tech Premarket",0
2012-08-01,"NICE, Apple, Facebook: Tech Premarket",0
2012-07-23,"Apple, Zynga, Facebook, Sirius: Tech Premarket",0
2012-07-23,"Apple, Zynga, Facebook, Sirius: Tech Premarket",0
2012-07-11,"RIM, Apple, Sirius: Tech Premarket",0
2012-07-11,"RIM, Apple, Sirius: Tech Premarket",0
2012-07-03,Apple Might Be Hurting Itself 'Friending' Facebook,-1
2012-06-15,"When Apple Drives, Who Calls 'Shotgun'?",0
2012-06-15,"When Apple Drives, Who Calls 'Shotgun'?",0
2012-06-14,Shrewd Apple Means Never Having to Say Sorry,0
2012-06-13,"Apple Is Apple, Not Google",0
2012-06-13,Sirius XM's Greatest Fear: Apple in the Driver's Seat,-1
2012-06-13,Sirius XM's Greatest Fear: Apple in the Driver's Seat,-1
2012-06-06,Buy Apple and Ford -- Sell Amazon and Trade Sirius,0
2012-06-06,Buy Apple and Ford -- Sell Amazon and Trade Sirius,0
2012-06-05,Can Apple Avoid Being 'RIMMed' By Samsung?,0
2012-05-29,Apple Permabulls: Crazy Like SIRI Longs,0
2012-05-29,Apple Permabulls: Crazy Like SIRI Longs,0
2012-05-14,"Yahoo!, Sirius, Apple: Premarket Movers",0
2012-05-14,"Yahoo!, Sirius, Apple: Premarket Movers",0
2012-05-10,"Cisco, Sirius, Apple: Pre-Market Movers",1
2012-04-22,"Look to Buy Apple, Sell Sirius This Week: Opinion",1
2012-04-22,"Look to Buy Apple, Sell Sirius This Week: Opinion",1
2012-03-03,Apple's 'Something You Really Have To See': Tech Weekly,0
2012-03-03,Apple's 'Something You Really Have To See': Tech Weekly,0
2011-06-15,"SEC Could Use 'Naked-Shorting,' Apple Alerts",0
2011-02-18,Dozens of Hedge Funds Sell Apple Shares,0
2010-12-09,Sirius Would Get Bump From Apple's App Model,1
2010-07-14,Apple Readers' Mailbag-Loving Tech's Loathed,1
2010-04-01,Five Products Apple Should Make,0
2018-08-02,The $1 Trillion Question: What Does Apple Have In Common With These Top Stocks?,0
2018-06-24,"If You Want To Buy More Apple Or Nvidia Shares, Read This",0
2017-01-12,"Stocks Pare Losses; Apple, Disney Weigh On Dow; Can Nvidia Halt Slide?",-1
2016-12-30,"Stocks End Down, But Up For 2016; Apple, Microsoft Drag On Dow, Nasdaq",0
2016-12-16,"Stocks Mixed; Dow 20,000 Still Elusive; Apple Climbs Near Breakout",1
2020-02-14,"RBF Capital, LLC Buys Danaos Corp, Apple Inc, Acuity Brands Inc, Sells PG&E Corp, Capital ...",0
2019-06-02,"Apple's WWDC, DuPont's Return And Tariff Anxiety (Stocks To Watch Podcast)",0
2019-06-01,"Stocks To Watch: Apple's WWDC, DuPont's Return And Tariff Anxiety",0
2018-06-02,"Stocks To Watch: Eyes On Apple's WWDC, SCOTUS And D.C.",0
2016-04-27,"Techs Pace Down Session; Yahoo Shakes Up Board, Apple Dives",0
2019-07-28,"Headliners Include Apple, Beyond Meat And IBM (Stocks To Watch Podcast)",0
2019-07-27,"Stocks To Watch: Headliners Include Apple, Beyond Meat And IBM",0
2019-06-02,"Apple's WWDC, DuPont's Return And Tariff Anxiety (Stocks To Watch Podcast)",0
2019-06-01,"Stocks To Watch: Apple's WWDC, DuPont's Return And Tariff Anxiety",0
2019-01-08,John And Jane's Taxable Account Dividend Increases And Income Tracker - The Apple Effect,0
2018-07-31,"Cascade Investment Advisors, Inc. Buys Nutrien, JM Smucker Co, F5 Networks Inc, Sells Apple ...",0
2018-06-02,"Stocks To Watch: Eyes On Apple's WWDC, SCOTUS And D.C.",0
2017-10-12,"Professional Advisory Services Inc Buys JM Smucker Co, Apple Inc, Intel Corp, Sells PayPal ...",0
2016-06-09,"Stocks Pare Losses; Apple, Nike Lead Dow Upside",1
2014-07-22,Will Dr Pepper Snapple (DPS) Beat Q2 Earnings on Productivity? - Analyst Blog,1
2013-07-22,Will Dr Pepper Snapple (DPS) Beat Earnings Estimates This Quarter? - Analyst Blog,1
2013-02-15,"Stocks to Watch: Kraft, Apple, Campbell Soup",0
2012-08-20,"Apple, Valero Energy Among Stocks Hitting 52-Week Highs Monday",0
2012-08-17,"Stocks to Watch: Apple, Foot Locker",0
2012-06-07,"Stocks to Watch: Apple, Smucker, Lululemon (Update 1)",0
2012-06-07,"Stocks to Watch: Apple, Smucker",0
2010-06-18,"Apple: Analysts' Upgrades, Downgrades",0
2016-05-11,"Recent Buys: Apple, Corus And Shaw",0
2019-05-14,Appleseed Fund 2019 Semi-Annual Letter,0
2018-05-23,Appleseed Fund Q1 2018 Quarterly Commentary,0
2019-06-02,"Apple's WWDC, DuPont's Return And Tariff Anxiety (Stocks To Watch Podcast)",0
2019-06-01,"Stocks To Watch: Apple's WWDC, DuPont's Return And Tariff Anxiety",0
2019-01-08,John And Jane's Taxable Account Dividend Increases And Income Tracker - The Apple Effect,0
2016-06-17,Apple Share Price Cut Along With Apple Watch OS3 Estimates...Already,-1
2015-10-14,"Same old song: Apple, Beats top teen headphone brands",1
2014-04-09,"Beats, Apple rising as teen headphone brands",1
2012-09-06,Is Apple Eating Its Seed Corn?,0
2012-01-11,"Apple, Other Mobile Accessories Center Stage At CES",0
2020-02-10,"Thinking about buying stock in Apple, Bank of America, Ford, Skechers, or Taubman Centers?",0
2019-10-15,"Skechers, The Children???s Place, Netflix, Apple and Disney highlighted as Zacks Bull and Bear of the Day",0
2018-06-02,"Stocks To Watch: Eyes On Apple's WWDC, SCOTUS And D.C.",0
2018-04-20,"Bears Sleepy, Apple Falls Below Key Level, But This Top Financial Stock Rips Past Buy Point",1
2017-12-09,SHU Portfolio: Why We're Buying Apple,0
2017-01-31,Trump Dump Continues As Stocks Sell Off; Will Apple Sales Growth Return?,-1
2016-12-08,"Big Insider Sell at Apple, Buy at Acushnet",0
2016-04-07,"Apple PT Cut; Alphabet, Acuity PTs Upped; Allergan Downgraded",-1
2015-08-21,"Stocks Sink To Fresh Session Lows As Apple, Nike Keep Falling",-1
2018-08-16,Copa Holdings (CPA) Grapples With Cost Woes: Time To Dump?,-1
2018-08-14,"Azul (AZUL) Grapples With Multiple Headwinds, Down 24% YTD",-1
2018-08-14,ZTO Express (ZTO) Grapples With Cost Woes: Time to Dump?,0
2016-09-09,"Week In Review: Apple iPhone 7 Doesn't Wow, Cheap Food Slams Grocers",0
2015-12-31,Apple On Track For 2015 Loss As Stocks Remain Firmly In Red,1
2015-08-11,Stocks Slump In Higher Volume; China Devaluation Bad News For Apple,-1
2015-08-03,Stocks Mired In Red As Oil Plunges; Apple Gives Up 200-Day Line,0
2015-04-13,"Stocks Give Up Early Gains, Apple Also Reverses Lower",1
2020-04-07,"CHICAGO TRUST Co NA Buys Apple Inc, Schlumberger, Canadian National Railway Co, Sells National ...",0
2020-02-26,"Capital Wealth Planning, LLC Buys Nike Inc, Microsoft Corp, Schlumberger, Sells Apple Inc, ...",0
2019-05-02,"Flossbach von Storch AG Zurich Buys Apple Inc, Sells Berkshire Hathaway Inc, Worldpay Inc, ...",0
2019-04-14,"Spotlight On Earnings, Pinterest And Apple-Qualcomm (Stocks To Watch Podcast)",0
2019-04-13,"Stocks To Watch: Spotlight On Earnings, Pinterest And Apple-Qualcomm",0
2019-04-12,"Bristol John W & Co Inc Buys Canadian Natural Resources, Apple Inc, Schlumberger, Sells ...",0
2019-03-24,Apple Makes Its Video-Streaming Move (Stocks To Watch Podcast),0
2019-03-23,Stocks To Watch: Apple Makes Its Video-Streaming Move,0
2019-01-08,John And Jane's Taxable Account Dividend Increases And Income Tracker - The Apple Effect,0
2018-09-12,"As Goes Apple, So Goes the Market",0
2018-05-17,Stay Away From Apple Component Players - Cramer's Lightning Round (5/16/18),-1
2017-06-02,"Stocks Turn Mixed As Oil Falls, Payrolls Disappoint; Apple Supplier Surges",-1
2017-02-17,"Laffer Investments Buys Schlumberger, Medtronic PLC, Union Pacific, Sells Apple, Exxon Mobil, ...",0
2017-01-23,Qualcomm Downgraded After Apple Suit; Verizon Downgraded; Dish Upgraded,-1
2017-01-20,Stocks Up Nicely In Early Trade; Apple Shrugs Off China Trade Talk,1
2016-06-10,"Tesla, Schlumberger, Apple Supplier Skyworks Lead Insider Trades",0
2016-05-20,"Week In Review: 'Live' Fed, Buffett's Apple Bite, Wal-Mart EPS, Self-Driving Traffic Jam",0
2016-04-23,"Investing Action Plan: Apple, Facebook, Amazon, Boeing, Big Oil",0
2016-04-12,"Apple Crosses Key Support Level, Joining Netflix, But Can It Hold It?",0
2016-01-16,"Iran Sanctions End: Apple, GE, Oil Giants Line Up",0
2016-01-13,"Iran To Open Up, As Apple, GE, Oil Giants Line Up",0
2015-12-24,"Apple, GE, HP Among U.S. Firms Eyeing Iran Market",0
2015-10-05,M&A Daily: Paving Way For Apple Car?,0
2019-03-24,Apple Makes Its Video-Streaming Move (Stocks To Watch Podcast),0
2019-03-23,Stocks To Watch: Apple Makes Its Video-Streaming Move,0
2014-09-10,"Stocks Slip Into Mixed Terrain; Apple Rises, Palo Alto At High",-1
2014-08-07,"Apple, Lithia Motors Test Key Support Areas",0
2013-04-30,Stocks Rise In Higher Trade; Nasdaq Leads As Apple Leaps,1
2013-04-30,"Apple Pulls Nasdaq Higher; Oil States Up, U.S. Silica Dives",1
2013-01-16,"Stocks Open Quietly Mixed; Apple Rebounds, Boeing Gaps Down",1
2013-01-16,"Stocks Open Quietly Mixed; Apple Rebounds, Boeing Gaps Down",1
2013-01-14,"Stocks Open Lower; Ixia Rockets, Apple Stumbles",-1
2012-11-26,"Stock Indexes Slip As Trade Rises, But Apple Recovers",-1
2015-10-05,M&A Daily: Paving Way For Apple Car?,0
2015-09-14,"Stock Futures Eke Out Thin Gains; Early Risers: Apple, Solera",0
2019-03-17,Buy Apple For Great Total Return And Future 10% Growth,1
2012-03-30,"Simulation Plus has Higher Dividend and Higher Profit Margin than Apple (AAPL, NOK, RIMM)",1
2020-05-06,"Optiver US LLC Buys Apple Inc, iShares Silver Trust, SPDR Gold Trust, Sells SPDR S&P ...",0
2020-02-24,"IMC-Chicago, LLC Buys SPDR S&P 5……, ProShares UltraPro S&P 5……, Apple Inc, ...",0
2020-02-05,"Chartist Inc Buys Truist Financial Corp, Apple Inc, Vanguard Growth ETF, Sells New Jersey ...",0
2019-11-11,"Gold Gagged With Bonds Away But Boeing, Boots, & Apple Save Stocks",0
2019-01-03,Apple Cuts Guidance,-1
2011-05-03,'Fast Money' Recap: Apple's Cash Mountain,0
2019-03-26,Indian Steelmakers Grapple With Sanctions-Diverted Iranian Steel,-1
2015-03-03,"Top Funds Buying Rackspace, Allergan, Biogen Idec, Apple",0
2015-02-23,Nasdaq Climbs As Apple Stock Hits New High,1
2015-02-20,Boeing Lifts Dow; Nasdaq Gets Apple Boost,1
2012-08-03,"Apple, Other Leaders Shaping Bases In Wild Market",0
2012-04-10,Stocks Sharply Lower In Late Afternoon; Apple Dips,-1
2012-04-10,Indexes' Losses Pick Up in Afternoon; Apple Off Highs,1
2012-04-10,"Stocks Fall Broadly At Midday, But Apple Keeps Rising",0
2020-05-08,"Shoker Investment Counsel, Inc. Buys iShares Core S&P Mid-Cap, SPDR S&P 5……, Apple ...",0
2020-04-15,"Diversified Investment Strategies, LLC Buys Miller Industries, Schwab US Aggregate Bond, Apple ...",0
2019-12-12,TriMas (TRS) to Grapple With Weak Industrial Markets & Costs,-1
2020-04-30,"Scotts Miracle-Gro, PVH, Apple, Amazon and Microsoft highlighted as Zacks Bull and Bear of the Day",0
2018-07-28,"Stocks To Watch: Apple, Harley And Tesla On The Marquee",0
2020-01-05,"Bulls And Bears Of The Week: Apple, Disney, Starbucks, Tiffany And More",0
2019-12-13,"Apple, semis gain on trade text deal",0
2019-12-03,"Charts I'd Worry About Near Term With China: Apple, Semis (And SMH)",-1
2019-10-09,"Dow Rebounds As Wild Action Continues; Are Microsoft, Apple A Buy?",1
2019-09-11,"Semis gain after Apple event, trade optimism",1
2019-09-03,"Market Roller Coaster Takes Another Plunge; Dow Stocks Apple, Intel, Boeing Dive",0
2019-08-23,"Apple, chip stocks take a beating after China tariffs, Trump tough talk",1
2019-08-13,"Stock Market Extends Big Gains After Tariff Delay; China's JD.com, U.S.' Apple Surge",1
2019-08-13,"Semis, Apple gain on tariff news",1
2019-08-08,"Dow Jones Soars 371 Points As Disney, Apple Stocks Rally",0
2019-07-23,"Apple May Buy Intel's 5G Modem Business, ETFs to Rally",1
2019-06-13,Apple And The New Chip Paradigm With Mark Hibben (Podcast),0
2019-04-05,"Stock Market Scores Big Weekly Gain As Apple, Chips Fuel Nasdaq",1
2019-03-21,"Nasdaq, S&P 500 Rally To 5-Month Highs; Is Apple Ready To Run?",1
2019-01-16,"Semis, Apple suppliers face tough reports - KeyBanc",-1
2019-01-03,"Tech lunch: Apple, suppliers drag the Street",0
2018-12-04,"Tech lunch: Apple suppliers, trade specifics push red",0
2018-11-19,"Tech lunch break: Apple cuts, Nvidia build add pressure",-1
2018-11-13,Tech lunch break: Apple's suppliers recover,1
2018-11-13,Apple Woes Trigger Tech Sector Rout: ETFs Under Threat,-1
2018-09-13,"Semi stocks rebound after Apple event, analyst actions, morning news",1
2018-09-11,What to expect during Apple's iPhone launch event,0
2018-06-11,Apple's iPhone Order Cut Report May Hurt These ETFs,-1
2017-06-12,These 3 Sectors Ignore Market Sell-Off; Is Apple Done for Now?,0
2017-06-07,"Apple Boosts Dow; Gold, Oil Slip, But This Sector Outperforms Again",1
2017-06-06,Apple Boosts Chip Stock; Gold Soars; Wal-Mart Weighs On Dow,1
2017-02-01,"Stock ETFs Mixed; Financials, Techs Lead After Cheery Apple Report",-1
2016-07-05,Gold ETF Streaks Further Ahead; Chip ETFs Hit On Apple IPhone Report,1
2016-03-14,Chip ETFs Get Their Mojo On: Inside 4 As Apple To Reveal New iDevices,0
2015-07-22,Chip stocks down sharply following Apple/ARM/Linear's Q2 reports,-1
2011-09-19,Apple's World Domination; Dave's Daily,0
2015-12-11,Apple iPhone 7 Win Leapfrogs Taiwan Semiconductor,1
2013-02-03,A Surprising Winner in the Apple-Samsung Fight,1
2017-01-24,"Apple, Aetna, Humana Downgraded; Comcast PT Raised Ahead Of Q4",-1
2017-03-10,"RMB Capital Management, LLC Buys iShares Russell '………, Apple, STERIS PLC, Sells West ...",0
2017-02-13,"RMB Capital Management, LLC Buys iShares Russell '………, Apple, STERIS PLC, Sells West ...",0
2018-03-24,Stocks To Watch: Back To School For Apple,0
2017-07-07,Futures Steady Before Jobs Data; Apple/Qualcomm Tiff Lifts This Dow Name,1
2016-11-08,"Stocks Rise, Breakout Mill Warms Up; Should You Buy Apple Right Now?",0
2016-09-13,"Acacia, Ambarella, Apple, Facebook Lead Wednesday's Investing Plan",0
2014-10-29,Chipotle And Apple Suppliers Rise Among 5 Young Guns,0
2014-08-28,How 2 iPhone Ecosystem Stocks Are Outpacing Apple,1
2011-12-19,"Apple, VistaPrint: Winners & Losers",-1
2016-04-21,Amazon Tap Casts Apple Suppliers; Texas Instruments Leads Echo Dot,0
2016-04-14,GoPro Adds Developer Program After Snatching Apple Designer,0
2016-04-14,"Seagate Warns, GoPro Hires An Apple Designer, And Intel's President Criticizes His Company",-1
2016-02-29,Stocks Strengthen Near Midday; Apple Is Early Dow Leader,1
2016-02-01,"Through M&A, China Is After The Smartphone / Apple Supply Chain",0
2015-12-11,Tsinghua Has $47B To Crush Apple Supplier Qualcomm,0
2015-12-08,Apple Supplier NXP Muscles Up With Freescale Merger,0
2015-11-19,Two Apple Suppliers Among 3 Top Overseas Chipmakers,0
2015-11-19,Two Apple Suppliers Among 3 Top Overseas Chipmakers,0
2015-11-19,Two Apple Suppliers Among 3 Top Overseas Chipmakers,0
2015-11-19,Two Apple Suppliers Among 3 Top Overseas Chipmakers,0
2015-11-19,Chip Fever: Microsemi Ups PMC Bid Over Apple Supplier,0
2015-10-30,"Chip Frenzy: Apple Supplier, Microsemi Trade Punches",0
2015-10-19,Microsemi Outbids Apple Supplier Skyworks For PMC,0
2015-10-17,Could Apple Stir Chip M&A Froth By Acquiring SanDisk?,0
2015-10-01,Apple Supplier Skyworks Is A Buy; Celgene Upgraded,1
2015-10-01,Apple Supplier Skyworks Is A Buy; Celgene Upgraded,1
2015-07-28,"The Zacks Analyst Blog Highlights: Amazon, SanDisk, Apple, Microsoft and TripAdvisor - Press Releases",0
2015-07-22,"Apple Supplier, 4 Other Tech Stocks Abuzz After Hours",0
2015-07-15,Apple Will Hit $140 - Cramer's Mad Money (7/14/15),0
2019-11-04,Swapping Apple For Apple - October Dividend Portfolio Update,0
2019-10-30,What to Expect From Apple Hospitality's (APLE) Q3 Earnings?,0
2018-03-13,Road To Financial Independence: My February 88-Stock Portfolio Review With Big Apple Purchase,0
2017-12-15,"My Journey To Financial Independence: 86-Stock November Portfolio Update - Buying Apple, AbbVie And BMW",0
2017-08-03,"Robert Olstein Buys Alphabet Inc, Apple Inc, Western Digital Corp, Sells Vitamin Shoppe Inc, ...",0
2016-06-21,"Stocks Mixed After Yellen Speech; Microsoft, Apple Rise",0
2015-12-21,Scripps Networks brings lifestyle channels to Apple TV,0
2015-04-01,Cord-Cutters Don't Need Apple For 'Game of Thrones',0
2015-02-05,Apple in talks with TV programmers for Internet service,0
2014-03-07,"Apple, Google Eyed In Media-Content Consolidation",0
2014-01-13,"Stocks Mixed As Nasdaq Reverses; Apple, Netflix, Juniper Rising",0
2012-10-29,Charting Apple at $600: a PE Ratio Alongside Tired Old Companies with Flat Sales,0
2012-10-19,Stocks Down In Afternoon; Apple Falls Below Buy Point,-1
2012-08-13,"S&P 500 Set To End Win Streak, But Apple, Google, Scripps Gain",1
2020-01-20,"The Zacks Analyst Blog Highlights: Apple, Applied Materials, Synopsys, Copart and State Street",0
2019-10-11,"The Zacks Analyst Blog Highlights: Apple, Microsoft, Garmin, Cirrus Logic and Synopsys",0
2019-08-21,"Dow Jones Futures: Stock Market Rally Hits Resistance, Apple Flashes Bullish Signal; Three Key Earnings Movers Late",1
2018-06-08,"Tech sector under pressure from Apple suppliers, semi equipment stocks",-1
2018-02-02,"Picton Mahoney Asset Management Buys Apple Inc, Mastercard Inc, Abbott Laboratories, Sells ...",0
2016-08-21,"My Portfolio Update And Review Of 83 Stocks: Up 2 With Reynolds And Exelon, Down 1 With Apple",0
2019-03-24,Apple Makes Its Video-Streaming Move (Stocks To Watch Podcast),0
2019-03-23,Stocks To Watch: Apple Makes Its Video-Streaming Move,0
2019-01-04,Apple Warning Sparks 2018-Style Selloff,-1
2019-11-04,Swapping Apple For Apple - October Dividend Portfolio Update,0
2019-08-02,"Chicago Equity Partners Llc Buys Carlisle Inc, Integer Holdings Corp, Southern Co, Sells Apple ...",0
2019-04-14,"Spotlight On Earnings, Pinterest And Apple-Qualcomm (Stocks To Watch Podcast)",0
2019-04-13,"Stocks To Watch: Spotlight On Earnings, Pinterest And Apple-Qualcomm",0
2019-04-01,"Double-Digit Increases From Apple, Costco, Xilinx Among 14 Dividend Increases From Companies In April",1
2019-01-08,John And Jane's Taxable Account Dividend Increases And Income Tracker - The Apple Effect,0
2018-03-13,Road To Financial Independence: My February 88-Stock Portfolio Review With Big Apple Purchase,0
2017-12-15,"My Journey To Financial Independence: 86-Stock November Portfolio Update - Buying Apple, AbbVie And BMW",0
2017-06-19,"The Zacks Analyst Blog Highlights: Apple, Procter & Gamble, Celgene, PayPal and Southern",0
2017-06-16,"Top Analyst Reports for Apple, Procter & Gamble, and Celgene",0
2016-08-21,"My Portfolio Update And Review Of 83 Stocks: Up 2 With Reynolds And Exelon, Down 1 With Apple",0
2017-11-03,"Apple, Alphabet, Amazon Earnings Fuel Top Tech Equity Plays",1
2017-10-31,"Will Tech ETFs Hit New Highs Post Facebook, Apple Earnings?",-1
2016-04-28,"Tech Funds Finish Mixed With Apple, Facebook In Motion",0
2019-06-02,"Apple's WWDC, DuPont's Return And Tariff Anxiety (Stocks To Watch Podcast)",0
2019-06-01,"Stocks To Watch: Apple's WWDC, DuPont's Return And Tariff Anxiety",0
2018-10-09,How Do You Like Them Apples?,0
2016-05-20,"Eye On Tech: Apple Grows Its Indian Presence, And Yahoo Bids Come In Light",1
2012-01-01,"Verizon, Apple: Hot Trends",0
2011-12-30,"Verizon, Apple: Hot Trends",0
2011-04-12,Buy Apple on a Pullback: Morning Call,1
2019-05-02,"25 Upcoming Dividend Increases Including Apple, Exxon And One Dividend King",1
2019-04-14,"Spotlight On Earnings, Pinterest And Apple-Qualcomm (Stocks To Watch Podcast)",0
2019-04-13,"Stocks To Watch: Spotlight On Earnings, Pinterest And Apple-Qualcomm",0
2019-04-01,"Double-Digit Increases From Apple, Costco, Xilinx Among 14 Dividend Increases From Companies In April",1
2017-03-28,"Stocks Rally Higher Into Final Hour; Apple, Tesla, Financials Surge",1
2016-10-25,"Stocks Fall Ahead Of Apple Earnings; P&G Jumps; Under Armour, Sonic Dive",0
2016-05-20,"Week In Review: 'Live' Fed, Buffett's Apple Bite, Wal-Mart EPS, Self-Driving Traffic Jam",0
2016-03-30,Fed Effect Boosts Stocks; Apple Gets Buy Rating,1
2016-03-30,"Stocks Extend Post-Fed Gains; Apple, Visa Lead Dow",1
2016-03-30,"Buyers Maintain Upper Hand; JPMorgan, Apple Buoy Dow",1
2016-03-29,"Stocks Get Fed Boost; Apple, Microsoft Lead Dow",1
2015-09-15,Fitbit A Buy Despite Apple Threat; Time Warner PT Cut,1
2015-06-29,"Greece Sends Stock Futures Lower; Apple, Google, Boeing, Macy's Slide",0
2019-12-13,"Apple, semis gain on trade text deal",0
2019-09-11,"Semis gain after Apple event, trade optimism",1
2019-08-23,"Apple, chip stocks take a beating after China tariffs, Trump tough talk",1
2019-08-13,"Semis, Apple gain on tariff news",1
2019-01-16,"Semis, Apple suppliers face tough reports - KeyBanc",-1
2019-01-03,"Tech lunch: Apple, suppliers drag the Street",0
2018-12-04,"Tech lunch: Apple suppliers, trade specifics push red",0
2018-11-19,"Tech lunch break: Apple cuts, Nvidia build add pressure",-1
2018-11-13,Tech lunch break: Apple's suppliers recover,1
2018-09-13,"Semi stocks rebound after Apple event, analyst actions, morning news",1
2015-07-22,Chip stocks down sharply following Apple/ARM/Linear's Q2 reports,-1
2020-02-18,3 ETFs That Could Benefit From Apple's Downbeat Guidance,1
2019-12-13,"Apple, semis gain on trade text deal",0
2019-09-11,"Semis gain after Apple event, trade optimism",1
2019-08-23,"Apple, chip stocks take a beating after China tariffs, Trump tough talk",1
2019-08-13,"Semis, Apple gain on tariff news",1
2019-01-16,"Semis, Apple suppliers face tough reports - KeyBanc",-1
2019-01-03,"Tech lunch: Apple, suppliers drag the Street",0
2018-12-04,"Tech lunch: Apple suppliers, trade specifics push red",0
2018-11-19,"Tech lunch break: Apple cuts, Nvidia build add pressure",-1
2018-11-13,Tech lunch break: Apple's suppliers recover,1
2018-09-13,"Semi stocks rebound after Apple event, analyst actions, morning news",1
2015-07-22,Chip stocks down sharply following Apple/ARM/Linear's Q2 reports,-1
2019-12-13,"Apple, semis gain on trade text deal",0
2019-10-09,"Dow Rebounds As Wild Action Continues; Are Microsoft, Apple A Buy?",1
2019-09-11,Dow Jones Extends Win Streak As These Key Stocks Rally; Time To Buy Apple?,1
2019-09-11,"Semis gain after Apple event, trade optimism",1
2019-08-23,"Apple, chip stocks take a beating after China tariffs, Trump tough talk",1
2019-08-13,"Semis, Apple gain on tariff news",1
2019-08-05,"Apple, semis slide as trade war weakens yuan",0
2019-07-23,"Apple May Buy Intel's 5G Modem Business, ETFs to Rally",1
2018-07-28,"Stocks To Watch: Apple, Harley And Tesla On The Marquee",0
2020-05-01,"State Treasurer State Of Michigan Buys Simon Property Group Inc, Apple Inc, Facebook Inc, Sells ...",0
2019-11-04,Swapping Apple For Apple - October Dividend Portfolio Update,0
2019-07-28,"Headliners Include Apple, Beyond Meat And IBM (Stocks To Watch Podcast)",0
2019-07-27,"Stocks To Watch: Headliners Include Apple, Beyond Meat And IBM",0
2019-01-08,John And Jane's Taxable Account Dividend Increases And Income Tracker - The Apple Effect,0
2018-07-28,"Stocks To Watch: Apple, Harley And Tesla On The Marquee",0
2018-01-18,"Top Research Reports for Apple, JPMorgan & AbbVie",0
2016-09-28,2 New Equity REITs In My 85 Stock Portfolio: Apple Hospitality And Simon Property Group,0
2015-06-09,"The Zacks Analyst Blog Highlights: Apple, LG Display, Siliconware Precision Industries, Samsung Electronics and United Microelectronics - Press Releases",0
2020-04-09,"Provenire Capital, LLC Buys Mastercard Inc, Splunk Inc, Apple Inc, Sells Microsoft Corp, Visa ...",0
2016-05-13,"Week In Review: Apple, Macy's, Walt Disney Signal Consumer Slowdown",-1
2016-05-12,Apple And Disney Have Staying Power - Cramer's Mad Money (5/11/16),1
2016-05-11,"Apple, Disney PTs Cut; Office Depot, Staples Downgraded",-1
2016-02-03,Apple Is #2,0
2015-11-30,Black Friday sales data point to 'Apple holiday season',0
2015-11-19,"Stocks Scrape Out Early Gains; Apple, Vipshop, ConAgra Advance",-1
2015-06-02,Will Office Depot's (ODP) Apple Watch App Woo Customers? - Analyst Blog,0
2014-10-21,Office Depot One of the First to Accept Apple Pay - Analyst Blog,0
2014-09-30,How Apple Pay Works: A Simple Explanation For Users,0
2014-09-10,"EBay, PayPal Face Threat From Apple Pay: Piper",-1
2014-09-09,'Apple Pay' Could Re-Energize Cool Factor,1
2014-05-19,"Technology Stock Roundup: Cisco Prints Stronger Q3, Apple/Google Call Truce - Analyst Blog",1
2012-03-12,"The Apple Blues: Retailers Really Want A Competitive Android Tablet (BBY, RSH, SPLS, TGT)",0
2012-02-29,"Stocks Down After Bernanke, But Apple Hits Another High",-1
2011-12-18,"Weekly CEO Sells Highlight: Staples Inc, Dr Pepper Snapple Group, Unum Group, Bankrate and Gran ...",0
2020-05-12,"Farr Miller & Washington Llc Buys Mondelez International Inc, Apple Inc, Starbucks Corp, ...",0
2020-02-20,"Boston Beer Company, Spirit AeroSystems, Apple, Starbucks and Carnival highlighted as Zacks Bull and Bear of the Day",0
2015-11-27,"David Einhorn Buys Apple, Dillards and Sells Micron Technologies, Michael Kors",0
2018-04-28,"Stocks To Watch: Apple, FOMC And China On Tap",0
2019-03-24,Apple Makes Its Video-Streaming Move (Stocks To Watch Podcast),0
2019-03-23,Stocks To Watch: Apple Makes Its Video-Streaming Move,0
2018-02-15,"Cisco, Apple Drive Dow As Futures Rise; This Solar Stock Eyes Breakout",0
2017-08-02,"Stocks Wipe Away Gains, But Apple Helps Dow Stay Afloat",1
2017-07-31,Apple Leads 5 Top Stocks With Earnings Tuesday: Action Plan,0
2016-08-10,SolarCity's SolarRoof; Apple's New MacBook & Sony's New PlayStation -- Eye On Tech,0
2016-07-14,"Amazon Taps Solar IPO For Install; Follows Apple, Google, Tesla Greenery",0
2016-06-20,"Billionaire Firms Tail Apple, Google, Tesla In Solar Installations: PwC",0
2016-06-02,"Apple PT Cut, Exxon Downgraded, Tesla Supplier Nvidia Is A Buy",1
2016-03-18,"Facebook, Apple, iPhone Suppliers Lead Week's Insider Trades",0
2016-03-14,Chip ETFs Get Their Mojo On: Inside 4 As Apple To Reveal New iDevices,0
2016-02-01,"Through M&A, China Is After The Smartphone / Apple Supply Chain",0
2016-01-22,"Apple Supplier Qualcomm, JD Upgraded; Baidu Lowered",0
2015-08-24,"Apple, Netflix, Fitbit, Other Techs Go Bungee Jumping",0
2015-05-11,"Apple to protect yaks, forests in China with green projects",0
2015-05-11,"Apple to protect yaks, forests in China with green projects",0
2015-04-24,Apple To Tesla: What To Expect In The Coming Week,0
2015-04-20,Apple Could And Should Diversify To The Renewable Energy Business,0
2015-04-17,"SunPower, Apple Join Forces to Build Solar Plants in China - Analyst Blog",0
2015-04-16,"Apple, SunPower go to China",0
2015-04-16,SunPower JV building Chinese solar plants with Apple,0
2015-04-16,"Apple, SunPower Partner On China Solar Power Projects",0
2014-02-21,"Tesla Battery Factory Might Power Up SolarCity, Apple",0
2013-06-10,Stocks End Mixed In Dull Session; Apple 'Sells The News',0
2013-03-21,Apple's Green Energy Push,1
2020-02-18,3 ETFs That Could Benefit From Apple's Downbeat Guidance,1
2019-09-08,"Apple, IPOs And German Auto (Stocks To Watch Podcast)",0
2019-09-07,"Stocks To Watch: Apple, IPOs And German Auto",0
2017-09-22,"Indexes Avoid Spicy Moves; Can Apple, 3 Leading Stocks Recover From Big Losses?",1
2017-05-03,"Dow Industrials, Apple Cut Losses; Should You Sell These 4 Big Stock Winners?",1
2010-03-04,'Mad Money' Recap: Apple Riding High With the iPad (Final),-1
2020-03-20,"The Zacks Analyst Blog Highlights: Nike, Apple, Spirit Realty Capital, Innovative Industrial Properties and Americold Realty Trust",0
2020-01-29,"Dow Rallies On Apple, McDonald's Earnings; Tesla, Facebook To Report Late",0
2019-04-17,"Goodwin Daniel L Buys Apple Inc, Nutanix Inc, Noodles, Sells Apartment Investment & ...",0
2018-11-09,"Robert Olstein Sells Stericycle, Trims Apple",0
2015-09-09,Stocks Close Sharply Lower; Apple Off Despite Product News,1
2015-04-10,Cerner's HealtheLife App to be Available on Apple Watch - Analyst Blog,0
2020-02-07,"USA Financial Portformulas Corp Buys Microsoft Corp, Apple Inc, Procter & Gamble Co, Sells ...",0
2019-03-24,Apple Makes Its Video-Streaming Move (Stocks To Watch Podcast),0
2019-03-23,Stocks To Watch: Apple Makes Its Video-Streaming Move,0
2018-02-26,Apple? Home Depot? MasterCard? Orbital ATK? What Should I Buy?,0
2019-10-28,"Earnings Week Trade Ideas: Apple, Facebook, Starbucks, And Our Views On The FOMC",0
2019-10-28,"Earnings Bonanza: Beyond Meat And Alphabet Get Ball Today; Apple, Facebook Lined Up",0
2019-10-28,Big Week With The FOMC And Apple - Various And Sundry Topics,0
2019-08-05,Tariffs And Apple,0
2019-05-02,"25 Upcoming Dividend Increases Including Apple, Exxon And One Dividend King",1
2019-04-28,"Eyes On Apple, Uber, F8 And Avengers (Stocks To Watch Podcast)",0
2019-04-27,"Stocks To Watch: Eyes On Apple, Uber, F8 And Avengers",0
2019-04-27,"Stocks To Watch: Eyes On Apple, Uber, F8 And Avengers",0
2019-04-26,"Apple, IBM, Costco among those expected to raise payouts next week",0
2018-04-28,"Stocks To Watch: Apple, FOMC And China On Tap",0
2015-09-12,Apple Watch: 'Apple Inside',0
2016-09-22,"Apple, Alibaba Price Targets Hiked; Amazon Upgraded",1
2016-09-08,"Oil Bolsters Weak Session; Nike, Apple, Tractor Supply Slide",1
2016-09-08,"Stocks Stay In Red As Sharp Apple Drop Weighs On Dow, Nasdaq",-1
2016-05-12,Apple And Disney Have Staying Power - Cramer's Mad Money (5/11/16),1
2012-10-11,"Stocks Up But Near Day's Lows; LinkedIn, Apple Give Up Gains",1
2012-03-07,Stocks' Comeback Builds In Midday Trade; Apple Gains,1
2015-02-05,Major hospitals evaluating Apple's HealthKit service,0
2018-08-01,"Wall Street Breakfast: Fed, Apple, Tariffs",0
2016-09-06,GE's Print Job; Apple Capitalizing On Samsung's Recall; Social Media Mania - Eye On Tech,0
2016-07-18,"Apple Supplier ARM, 3D Stocks Downgraded; Intel, Chipotle PTs Raised",-1
2016-05-17,"Navy To Test 3D-Printed Part; Pentagon To Outspend Apple, Google On R&D",0
2016-04-04,"Apple Earnings Quality Better Due To GAAP-Only Reporting, Says UBS",1
2016-03-04,"Apple Supplier Broadcom PT Raised; Ambarella, Stratasys PTs Cut",0
2015-12-10,"Stratasys, Hain Join Apple As Top Piper Jaffray Picks",0
2014-07-02,Brooklyn Real Estate Pops As Borough Tops Big Apple,0
2014-05-21,"Autodesk, Google, HP, Apple eye consumer 3D printer market",0
2014-01-14,"Techs Haul Stocks Higher; Google, Apple Up In Big Trade",1
2013-10-15,"Nasdaq Fades Early Gains; Apple Bases, Sets Oct. 22 Event",0
2013-09-17,"Stocks Climb In Mixed Trade; Microsoft, Apple Move Higher",1
2019-06-05,"Apple has lots of upside from services growth, Evercore says",1
2017-04-24,"BTIM Corp. Buys Bemis Co, The Priceline Group, Hill-Rom Holdings, Sells Apple, Microsoft, ...",0
2012-12-12,"Apple, Akamai, Sensata Technologies: Tech Winners & Losers",-1
2012-12-12,"Apple, Akamai, Sensata Technologies: Tech Winners & Losers",-1
2019-11-04,Swapping Apple For Apple - October Dividend Portfolio Update,0
2018-05-24,"The No. 1 Stock In The World (Revisited) - Visa And Apple Up, Kinder Morgan And Gilead Down",0
2018-03-13,Road To Financial Independence: My February 88-Stock Portfolio Review With Big Apple Purchase,0
2017-12-15,"My Journey To Financial Independence: 86-Stock November Portfolio Update - Buying Apple, AbbVie And BMW",0
2016-08-21,"My Portfolio Update And Review Of 83 Stocks: Up 2 With Reynolds And Exelon, Down 1 With Apple",0
2018-08-15,"BW Gestao de Investimentos Ltda. Buys BRF SA, SPDR S&P 5……, Apple Inc, Sells iShares ...",0
2020-05-06,"Alta Capital Management Llc Buys Alphabet Inc, Apple Inc, Fiserv Inc, Sells The Middleby Corp, ...",0
2020-02-10,"Dow Jones Futures: Microsoft Tops Apple, Amazon Bests Google As Big Tech Leads Stock Market Rally; Slack Slacks Off Late",1
2017-03-10,"RMB Capital Management, LLC Buys iShares Russell '………, Apple, STERIS PLC, Sells West ...",0
2017-02-13,"RMB Capital Management, LLC Buys iShares Russell '………, Apple, STERIS PLC, Sells West ...",0
2020-02-05,"Chartist Inc Buys Truist Financial Corp, Apple Inc, Vanguard Growth ETF, Sells New Jersey ...",0
2019-07-28,"Headliners Include Apple, Beyond Meat And IBM (Stocks To Watch Podcast)",0
2019-07-27,"Stocks To Watch: Headliners Include Apple, Beyond Meat And IBM",0
2018-01-19,"Wealth Enhancement Advisory Services, Llc Buys Apple Inc, SunTrust Banks Inc, Amazon. ...",0
2017-02-01,"New Century Advisors, LLC Buys SunTrust Banks, Cisco Systems, Apple, Sells SPDR Bloomberg ...",0
2015-08-25,"Apple Spikes On Upgrade; BofA, JPMorgan Also Pop",0
2016-10-11,"Stock Open Lower; Apple, Caterpillar, Airlines Climb",0
2016-09-21,Presenting Apple's First Car,0
2016-04-29,The Week In Review: Is Apple Still A Growth Enterprise? Is America?,0
2015-09-12,Apple Watch: 'Apple Inside',0
2011-04-27,'Mad Money Lightning Round': Stick With Apple,0
2017-03-10,Apple Goes Hollywood,0
2017-01-12,"Stocks Pare Losses; Apple, Disney Weigh On Dow; Can Nvidia Halt Slide?",-1
2017-04-20,"Indexes End Solidly Higher; AmEx Leads Dow, Apple Also Up",1
2016-11-10,Stocks Rise Despite Big Sell-Off In Techs; Is Apple's Uptrend Still Intact?,1
2019-01-10,"Apple Roundup: Negative Preannouncement, Samsung Deal",-1
2019-01-07,"Apple: Regrets, I Had A Few, And Did It My Way",0
2019-01-03,Apple Warning Rattles Wall Street (Wall Street Breakfast Podcast),0
2019-01-03,Wall Street Breakfast: Apple Warning Rattles Wall Street,0
2019-01-03,Apple warning reverberates among suppliers,-1
2018-12-04,"Apple suppliers, chips drop on Cirrus cut",0
2018-11-13,Apple suppliers recover despite Qorvo guide cut,1
2018-11-12,"Apple suppliers drop on Lumentum guide, iPhone target cuts",-1
2018-11-05,Apple suppliers drop on production expansion halt,-1
2018-09-13,"Semi stocks rebound after Apple event, analyst actions, morning news",1
2018-09-13,Analyst defends STMicroelectronics after Apple event,0
2018-09-12,Apple suppliers to watch during the fall event,0
2018-08-10,"Apple, Indexes Fall On Turkey Fear; These 6 Stocks Hit Sell Signals",-1
2018-07-31,What to watch in Apple's Q3 report today,0
2018-07-16,STMicroelectronics: Intriguing Apple Supplier Play,1
2018-06-08,"Tech sector under pressure from Apple suppliers, semi equipment stocks",-1
2018-06-08,NAR: Apple drops iPhone parts orders by 20%; supplier stocks dip,-1
2018-04-20,BofA: Some 4-7% more downside in chips into Apple earnings,-1
2018-04-19,"Taiwan Semi phone-based softness dragging Apple, other chipmakers",-1
2018-04-02,"Chips, Apple suppliers drop on Intel news",-1
2018-03-08,"Apple, 3 iPhone Suppliers Are Near Buy Points With This Bullish Trait; S&P 500, Dow Jones Futures",1
2018-01-18,Nasdaq Up; Auto Chip Stock Breaks Out; Why Apple Is Still In A Buy Zone,1
2017-10-30,Fresh Slice of Apple This Week: Global Week Ahead,0
2017-03-24,Apple's Augmented Reality Challenge,-1
2017-02-13,Apple iPhone 8 Could Be Late To AR Smartphone Game,0
2016-10-19,Deja Vu All Over Again: 2016 OC3 Reminiscent Of 1984 Apple Macintosh Release,0
2016-06-24,Analog Devices Gains 30% Content In Apple iPhone 7: Credit Suisse,1
2016-05-26,Apple Supplier NXP Outstrips Tesla Partner Nvidia In Cars: Analyst,0
2016-04-25,"Apple Retina MacBook 2016: Intel, Broadcom Inside; NXP Loses?",-1
2016-04-15,"Apple App Store Ads, A BlackBerry Encryption Controversy, And A GoPro Ecosystem",-1
2015-10-10,"Texas Instruments: Differentiation, Apple Content Concentration And Cost Savings",1
2015-07-22,Chip stocks down sharply following Apple/ARM/Linear's Q2 reports,-1
2015-06-18,"InvenSense, Apple, Google, And The Game Of IoThrones",0
2015-05-13,Apple Watch gross margins will start low but then rise,-1
2015-05-02,"BRCM, STM, ADI, IDTI, SNDK, MU land Apple Watch design wins",1
2015-05-01,9 chip stocks riding on Apple Watch,0
2015-04-28,Apple Suppliers Gain Focus Post-Apple's Solid Q2 Earnings - Analyst Blog,1
2015-04-14,"InvenSense Upgraded On Apple, Samsung, Xiaomi Sales",0
2015-03-25,Apple A Kingmaker In MEMS Market,0
2015-03-12,"Intel Rises on Rumors of Apple Contract Win, Qualcomm Falls - Analyst Blog",0
2015-03-12,Small cap InvenSense Inc (INVN): A Good Bet on the Internet of Things and the Apple Watch? STM & ADI,1
2014-09-18,Winning Chipmakers Benefit In Apple Product Rollout,1
2013-12-23,"Apple, China Mobile Deal Boon For iPhone Parts Makers",-1
2013-11-13,"Apple iPad Mini 2 winners include Cirrus Logic, STMicro",0
2013-11-12,Cirrus Logic Drops on Apple Exit - Analyst Blog,0
2013-09-18,Will Motion Sensor Maker InvenSense Get Apple Slice?,0
2012-10-31,Cirrus Logic Q2 Results Beat Views On Sales To Apple,1
2012-09-25,Apple iPhone 5 Hampered By Component Shortages,-1
2012-09-21,"Apple iPhone 5 Winners: Skyworks, Avago",1
2012-03-12,"InvenSense Wins Android MEMS Business, But Not Apple",1
2011-03-14,Apple iPad 2 Sellouts Stoke Suppliers,0
2020-04-16,Apple (AAPL) Launches Low-Cost iPhone SE With A13 Processor,1
2020-02-19,"Dow Jones Futures: Apple, Tesla, AMD, Nvidia Lead Hot Stock Market Rally; Six Big Earnings Movers Late",1
2019-04-26,"Barry Investment Advisors, LLC Buys Schwab US Aggregate Bond, Apple Inc, FedEx Corp, Sells ...",0
2017-11-02,The IBD 50's Top 3 Stocks Make Big Moves Late; Apple Eyes $900 Billion: S&P 500 Futures,0
2017-09-19,"Facebook, Apple Supplier Lead 5 IBD 50 Stocks Near Buy Points; S&P 500 Futures",1
2017-08-07,"Stocks Edge Higher, Apple Retakes Buy Point While China Name Breaks Out",1
2017-07-28,"Apple, Tesla, Shale, Jobs To Dominate The Week: Investing Action Plan",1
2017-06-02,"Stocks Turn Mixed As Oil Falls, Payrolls Disappoint; Apple Supplier Surges",-1
2017-02-27,"As Berkshire Buys Apple, Which Stocks Make 'Warren Buffett Screen'?",0
2016-12-22,"Stock Indexes Lower; Apple Gaps Down, Retailers Slammed",-1
2016-11-15,"Stocks Rally As Oil Surges 5%; Nasdaq Gets Boost From Apple, Microsoft",1
2016-04-25,Stocks Quiet Ahead Of Fed; How Will Apple Fare?,1
2016-01-12,"Apple Rises On Upgrade, China; Lululemon Jumps On Brighter View",1
2015-12-15,Stocks Rise As Fed Meeting Starts; Apple Falls,0
2015-09-29,Google Play Music to Launch Family Plan: Should Apple Worry?,-1
2015-09-21,"Apple's App Store Hit by Malware, Several Apps Removed",0
2015-08-25,Apple CEO Assures Solid China Sales: Upsetting the SEC?,1
2014-12-29,Apple's iPhone 6 Mini Set for 2015 Debut? - Analyst Blog,0
2014-12-08,Apple (AAPL) Plans to Launch iPhone 6 Mini Version in 2015 - Analyst Blog,0
2020-05-01,"General American Investors Co Inc Buys Berkshire Hathaway Inc, Scorpio Tankers Inc, Apple Inc, ...",0
2016-08-30,Wall Street Breakfast: Apple Slammed In EU Tax Crackdown,-1
2019-06-02,"Apple's WWDC, DuPont's Return And Tariff Anxiety (Stocks To Watch Podcast)",0
2019-06-01,"Stocks To Watch: Apple's WWDC, DuPont's Return And Tariff Anxiety",0
2019-04-04,"The Zacks Analyst Blog Highlights: Berkshire, Apple, STORE, General Motors and Wells Fargo",0
2016-06-24,"Stocks Dive As UK Takes Plunge; Apple, Goldman, Priceline Sink",0
2016-04-01,"How Apple, Amazon, Microsoft Figure Into Fast-Changing REIT Markets",0
2019-05-01,"Stocks Pull Back After Fed Statement, But Apple Holds Big Gains",1
2018-07-28,"Stocks To Watch: Apple, Harley And Tesla On The Marquee",0
2019-04-28,"Eyes On Apple, Uber, F8 And Avengers (Stocks To Watch Podcast)",0
2019-04-27,"Stocks To Watch: Eyes On Apple, Uber, F8 And Avengers",0
2019-04-27,"Stocks To Watch: Eyes On Apple, Uber, F8 And Avengers",0
2016-08-02,Apple-Backed Didi's Uber Deal,0
2016-07-01,Jay Z Sells Out To Apple,0
2016-04-06,Here's How Apple Could Up Its TV Game With Skinny Bundle On Hold,0
2016-08-02,Apple-Backed Didi's Uber Deal,0
2016-07-01,Jay Z Sells Out To Apple,0
2019-11-04,Swapping Apple For Apple - October Dividend Portfolio Update,0
2018-03-13,Road To Financial Independence: My February 88-Stock Portfolio Review With Big Apple Purchase,0
2017-12-15,"My Journey To Financial Independence: 86-Stock November Portfolio Update - Buying Apple, AbbVie And BMW",0
2017-04-26,"Scott & Selber, Inc. Buys Apple, Boeing Co, United Technologies, Sells Constellation ...",0
2016-08-21,"My Portfolio Update And Review Of 83 Stocks: Up 2 With Reynolds And Exelon, Down 1 With Apple",0
2019-05-16,"Cumberland Partners Ltd Buys Apple Inc, TJX Inc, Cognizant Technology Solutions Corp, Sells CGI ...",0
2019-03-24,Apple Makes Its Video-Streaming Move (Stocks To Watch Podcast),0
2019-03-23,Stocks To Watch: Apple Makes Its Video-Streaming Move,0
2019-02-15,"Oak Grove Capital LLC Buys Apple Inc, NVIDIA Corp, DowDuPont Inc, Sells Shire PLC, Oaktree ...",0
2019-01-09,Apple Leads Dow As Stock Market Today Extends Win Streak After Fed,1
2019-01-09,"Dow Jones Today: Apple, Microsoft Lead Blue-Chip Rally",0
2018-10-04,Global Markets Drag On Stock Futures; Did China Hack Apple?,-1
2018-09-14,Apple's Innovation - Cramer's Mad Money (9/13/18),0
2018-09-05,"Hrt Financial Llc Buys Facebook Inc, Apple Inc, Alphabet Inc, Sells SPDR Select Sector Fund - ...",0
2018-04-25,Apple Makes Perfect Sense For Dividend Growth Investors,1
2018-03-24,Stocks To Watch: Back To School For Apple,0
2017-10-05,"Stocks Hit New Highs; Apple Surges, Netflix Breaks Out",1
2017-05-16,"Archford Capital Strategies, LLC Buys Apple Inc, iShares MSCI Emerging Index Fund, AstraZeneca ...",0
2017-01-05,"Stocks Mixed, Nvidia Down 2.5%; Is Apple Still Poised For A Breakout?",-1
2016-10-06,Stocks Flat; Veeva Cuts 50-Day; Why Apple Is Still Crisp After Its Breakout,-1
2016-07-02,"Investing Action Plan: Summer Camp For Apple, Facebook, Disney CEOs; Jobs Data",0
2016-04-07,"Apple PT Cut; Alphabet, Acuity PTs Upped; Allergan Downgraded",-1
2016-01-07,Stocks Drop On China Woes; Apple Sinks Below 100,-1
2016-01-07,Stocks Routed By Global Sell-Off; Apple Hit By Price Target Cut,-1
2015-12-21,Stocks Step Out To Early Gains; Ericsson Jumps On Apple Deal,1
2015-12-17,Apple Gets PT Cut; Sunrun And Solar City Upgraded,1
2015-12-11,"Apple Gets Bullish Call; GoPro Downgraded, Adobe Hiked",1
2015-09-25,Stocks Mixed As Biotechs Sink; Apple Stages Downward Reversal,-1
2011-10-06,"6 Stocks to Watch: Apple, Yahoo!",0
2011-06-30,"6 Stocks to Watch: Apple, Darden",0
2019-02-19,"The Zacks Analyst Blog Highlights: Suncor, General Motors, Apple and Phillips 66",0
2016-08-15,"Warren Buffett Q—: Boosts Apple, Cuts Wal-Mart & Suncor by Nearly a Third",1
2016-03-22,Will Apple Get Imagination?,0
2016-01-08,Apple Reads Your Mind,0
2012-02-15,'Fast Money' Recap: Apple's Big Reversal,1
2012-02-15,'Fast Money' Recap: Apple's Big Reversal,1
2012-03-06,"Zacks Bull and Bear of the Day Highlights: Genuine Parts, Sunoco, Electronic Arts, Apple and Zynga - Press Releases",0
2016-05-04,"Einhorn Discusses SunEdison, Apple, Bullish Investment Themes in Conference Call",1
2016-01-08,"Apple, Netflix, GoPro, Qorvo Get Price Target Cuts",0
2015-12-30,Bold Bets For 2016 - From Apple To Icahn,0
2015-11-27,"David Einhorn Buys Apple, Dillards and Sells Micron Technologies, Michael Kors",0
2015-08-18,"Tech Stocks Traded Most Today: Sprint, Apple And ...",0
2015-05-28,"Apple, SunEdison and Biogen: Hellman, Jordan Management's Top 3 Stocks Outperform the Rise in ...",1
2015-01-01,"Apple, Micron, SunEdison Propel Greenlight To 9% Return In 2014",1
2017-12-20,"Auto Sector Grapples with Peak U.S. Sales, Safety Recalls",-1
2018-05-11,Indexes End Flat As These 3 Growth Stocks Join IBD 50; Still OK To Buy Apple Stock?,1
2017-11-06,"Apple Supplier, Google Lead Five Top Stocks Moving Late On Earnings, Deals",0
2017-09-19,"Stocks Up Early; Apple Gets Price-Target Boost, But Tesla Hits The Brakes",1
2017-03-06,"Stocks Down, Nvidia Takes Out Recent Low; Is Apple Headed For More Upside?",1
2015-10-05,M&A Daily: Paving Way For Apple Car?,0
2019-10-11,"Resource Sector Digest: The Value Of Apples, Oranges, And Ounces In The Ground",0
2019-10-11,"Resource Sector Digest: The Value Of Apples, Oranges, And Ounces In The Ground",0
2016-09-09,"Week In Review: Apple iPhone 7 Doesn't Wow, Cheap Food Slams Grocers",0
2012-10-31,"RadioShack (RSH) and SUPERVALU (SVU) Beat Apple (AAPL) In This Important Metric (TSCO, DG, DDS, AAP & AZO)",1
2018-05-02,"Market Volatility Bulletin: Apple Gives Stocks A Lift, While Vol Holds Tight",1
2016-09-26,"Stocks Sink Early, But Apple, Tesla Up; Why Nike Slid To 7-Week Lows",1
2016-09-02,"Week In Review: Apple Vs. EU, Hiring So-So, Auto Sales Fall, Salesforce Guides Low",-1
2016-07-21,Top-Rated Apple Supplier Leads 5 Stocks Poised To Break Out,1
2016-06-17,"Stocks Open Lower; Apple Falls, Elizabeth Arden Soars",0
2016-06-17,Apple Gets Price Target Cut And China Setback; Nvidia PT Raised; Smith & Wesson Upgraded,1
2016-06-17,"Week In Review: Fed Off The Table, Microsoft Buys LinkedIn, Apple WWDC, Net Neutrality, E3",0
2016-06-13,Stocks Hit Session Lows; Apple Down Despite WWDC Excitement,-1
2016-06-13,Stocks Test Key Support Levels; Apple Down As WWDC Launches,-1
2016-06-13,"Stocks Resist Global Sell-Off; Microsoft Buying LinkedIn, Apple Dips",0
2016-06-11,"Investing Action Plan: Apple WWDC, Fed, Disney, Oracle, E3",0
2016-05-06,"Week In Review: Stocks Tested As Apple, Tesla, Under Armour Sell Off",0
2016-05-02,"After Hours: Sturm Ruger, Texas Roadhouse, Apple Supplier IDT",0
2016-04-04,"Apple, Facebook, Yahoo PTs Raised; SolarCity PT Cut",1
2016-03-07,Stocks Give Up Gains; Apple Weighs On Nasdaq,-1
2016-03-04,Stocks Rally Again; Will Apple Boost Dividend?,1
2016-01-08,"Apple Supplier Avago, Guns, Gilead Top Insider Trades",0
2016-01-06,"Stocks Falter In Weighty Trade; Smith & Wesson, Apple Slide",-1
2016-01-05,"Stocks End Mixed; Apple Drops, Macom Hits Sell Signal",-1
2016-01-05,"Stocks End Mixed; Apple Drops, Macom Hits Sell Signal",-1
2015-12-15,Stocks Rise As Fed Meeting Starts; Apple Falls,0
2015-12-11,"Stocks Routed As Oil Prices Sink; Apple Falls, But Adobe Rallies",-1
2015-10-21,"Zacks Investment Ideas feature highlights: Atmos Energy, Chubb, Dr Pepper Snapple, America Apartment Communities and Smith & Wesson",0
2015-05-05,"Stocks Dig A Hole As Oil Pops; Apple, Intel Hit But Taser Up",0
2012-12-17,Stocks Climb In Mixed Volume; Apple Turns Positive,1
2019-04-14,"Spotlight On Earnings, Pinterest And Apple-Qualcomm (Stocks To Watch Podcast)",0
2019-04-13,"Stocks To Watch: Spotlight On Earnings, Pinterest And Apple-Qualcomm",0
2016-01-08,Apple Reads Your Mind,0
2015-10-21,Stock Indexes Lose Some Ground; Apple Holds Above Its 50-Day Line,-1
2013-04-30,Apple Leads Tech Stock Rally; New All-Time High For S&P 500,1
2013-04-30,Techs Lead The Way Again; Apple Launches Huge Debt Offering,1
2012-08-27,"Apple, 4 Other Techs Remain On IBD 50 One-Year Later",0
2012-07-25,Futures Wildly Mixed Ahead Of Open; Apple Hit Hard,-1
2012-07-23,"IBD 50: Apple, Alexion Lead Top 5 Earnings This Week",0
2012-07-23,"IBD 50: Apple, Alexion Lead Top 5 Earnings This Week",0
2012-06-11,"Apple, 4 Other Techs Make Top-Stocks List All Of 2012",0
2012-05-21,IBD 50: Five Top Stocks Outperforming Apple Right Now,1
2012-05-19,IBD 50: Five Top Stocks Outperforming Apple Right Now,1
2012-05-04,"Apple, Other Top Stocks Join In Market Sell-Off",0
2012-03-28,"IBD Stock Screen: Apple, 5 Other Big-Cap Tech Leaders",0
2012-01-28,"Apple, Microsoft, Gilead Boast High Return On Equity",1
2012-01-09,"IBD 50: Apple, Intel Among Less-Loved Top Tech Stocks",0
2012-01-09,"Apple, Intel Among The Least-Loved Top Tech Stocks",1
2017-02-17,"Stock Indexes Quiet, But Apple Supplier Cognex Leaps 9%",1
2014-04-23,"Apple, Google Could Face Challenges In Car Apps",-1
2014-01-03,"Stocks Remain Mixed; Apple, Google Weigh On Nasdaq",-1
2019-11-14,"Lord, Abbett & Co. Llc Buys Apple Inc, L'Harris Technologies Inc, General Mills Inc, ...",0
2019-11-12,"HAP Trading, LLC Buys Humana Inc, VanEck Vectors Gold Miners ETF, Anthem Inc, Sells Apple Inc, ...",0
2018-08-01,"Own Apple, Don't Trade It - Cramer's Mad Money (7/31/18)",0
2016-10-12,"Outsider Trading: 10/12/16 - Ericsson Gets Hit, Apple In Spotlight, Sprint Showing Continued Weakness",-1
2015-12-01,"Weekly 52-Week Highs Highlight: Dr Pepper Snapple, Check Point Software, McCormick & ...",0
2019-03-24,Apple Makes Its Video-Streaming Move (Stocks To Watch Podcast),0
2019-03-23,Stocks To Watch: Apple Makes Its Video-Streaming Move,0
2015-12-10,"Stocks: Weak Open, Thin Gains; LendingTree, Chipotle, Apple Up",-1
2012-02-09,'Fast Money' Recap: Apple's Date With $500,0
2012-02-09,'Fast Money' Recap: Apple's Date With $500,0
2011-06-02,"Apple, Qualcomm: New Targets, Estimates",0
2013-12-05,Stock Futures Mixed After Data; Apple Up On China Mobile Deal,0
2013-09-17,"Nasdaq Holds High Ground As Safeway, Apple, U.S. Steel Jump",1
2017-02-01,Apple Shows It Is Still About Earnings - Cramer's Mad Money (1/31/17),0
2016-10-31,Will Apple Take The Bite?,0
2016-10-31,Will Apple Take The Bite?,0
2015-09-28,"Zacks Investment Ideas feature highlights: Apple, Navigator Holdings, Prudential Financial, Transocean and SunCoke Energy",0
2018-06-02,"Stocks To Watch: Eyes On Apple's WWDC, SCOTUS And D.C.",0
2020-05-08,"Community Bank of Raymore Buys The Kraft Heinz Co, Brookfield Renewable Partners LP, Apple ...",0
2020-02-10,"Aldebaran Financial Inc. Buys AbbVie Inc, Sells Apple Inc, Waste Management Inc, Albemarle Corp",0
2019-12-03,"The Zacks Analyst Blog Highlights: Medtronic, Apple, Stryker and Intuitive Surgical",0
2019-11-05,"Community Bank of Raymore Buys The Kraft Heinz Co, Stryker Corp, Apple Inc, Sells Realty Income ...",0
2019-09-08,"Apple, IPOs And German Auto (Stocks To Watch Podcast)",0
2019-09-07,"Stocks To Watch: Apple, IPOs And German Auto",0
2017-08-31,Accuray (ARAY) Grapples With Falling Margin and Product Mix,-1
2016-12-16,"Apple Gets Buy Rating, Veeva Hits Buy Point, New Targets For FedEx, Oracle",1
2016-10-28,"Week In Review: Apple, Amazon, Alphabet Are A-Listers On Crowded Earnings Stage",0
2015-09-28,"Citigroup, AbbVie Upgraded; Apple Supplier Qorvo Cut",1
2015-02-18,"Soros Dumps Apple, Buys China",0
2015-01-28,Wall Street Breakfast: Apple Makes Quarterly Profit History,0
2012-07-17,Testing Apple's Stock Price: a PE of 15 Says It's No Better Than an Artificial Knee Manufacturer,0
2019-05-10,"Dow Jones Weighed Down By Apple, Intel; Tough Start For Uber IPO",-1
2018-12-28,"Apple to Assemble Premium iPhones in India, Create Jobs",0
2018-10-15,"Tech lunch break: Netflix, Apple lead back down",-1
2017-09-12,Indexes Pare Gains As Apple Shares Reverse Lower After Product Announcements,1
2017-07-28,"Apple, Tesla, Shale, Jobs To Dominate The Week: Investing Action Plan",1
2017-02-01,"Stock ETFs Mixed; Financials, Techs Lead After Cheery Apple Report",-1
2017-01-28,"Facebook, Apple, Amazon, Fed, Jobs Report: Investing Action Plan",0
2016-12-12,Apple Supplier In Sale Talks,0
2016-11-21,"Stocks Close At Record Highs; Oil Jumps 4%, Apple Leads Dow",1
2016-07-07,"Tech M&A, Like IPOs, Very Quiet; Will Apple Give Deals A Jolt?",0
2016-06-24,"Apple, Facebook, Palo Alto: Tech Stocks To Buy After Brexit Deluge",1
2016-06-17,"Week In Review: Fed Off The Table, Microsoft Buys LinkedIn, Apple WWDC, Net Neutrality, E3",0
2016-06-13,"Stocks Resist Global Sell-Off; Microsoft Buying LinkedIn, Apple Dips",0
2016-03-31,Billions Of Apple iPhones May Be Vulnerable To Attack: Check Point,-1
2015-09-16,"Pentagon Calls For Tech Focus, Touts Apple Siri Role",0
2015-08-07,Apple Suppliers Hit But Funds Add These Chip Stocks,0
2015-03-11,"Apple Gives $50M to Aid Women, Minorities - Analyst Blog",0
2013-12-26,Apple Growth In Enterprise Sparks Funding For JAMF,1
2013-07-29,"Technology Stock Roundup: Facebook Wows, Apple Not So Much - Analyst Blog",0
2013-01-24,Stocks Close Mixed; Apple Puts Dent in Nasdaq,0
2013-01-24,"Apple, Mellanox, Netflix, Microsoft: Tech Premarket",0
2013-01-24,"Apple, Mellanox, Netflix, Microsoft: Tech Premarket",0
2013-01-24,Stock Futures Mixed as Apple Tumbles,-1
2013-01-10,"Apple, RIM, Microsoft: Tech Premarket",0
2013-01-10,"Apple, RIM, Microsoft: Tech Premarket",0
2012-10-25,"Facebook, Zynga, Symantec, Apple: Tech Premarket",0
2012-10-25,"Facebook, Zynga, Symantec, Apple: Tech Premarket",0
2012-10-25,"Stocks to Watch: Apple, Amazon, P&G",0
2012-07-25,"Apple, Netflix, Symantec: Tech Premarket",0
2012-07-25,"Apple, Netflix, Symantec: Tech Premarket",0
2012-04-24,"Symantec, Netflix, Apple: Premarket Movers",0
2012-04-24,"Symantec, Netflix, Apple: Premarket Movers",0
2012-02-28,"Apple, Android Mobile Tablet Security A Moving Target",0
2012-01-28,Apple's Big Week: Tech Weekly,0
2012-01-28,Apple's Big Week: Tech Weekly,0
2019-12-13,Analysts Debate Whether Broadcom Hint Of Lost Apple Business Means Synaptics Win,0
2019-12-13,Rosenblatt doesn't expect Apple win for Synaptics,0
2019-12-13,Synaptics raised on suspected Apple win,-1
2019-01-16,"Semis, Apple suppliers face tough reports - KeyBanc",-1
2018-09-13,"Semi stocks rebound after Apple event, analyst actions, morning news",1
2018-03-19,Apple's MicroLED Secret is Out: Will it Upset Display Makers?,0
2018-03-19,"Apple Reportedly Producing MicroLED Screen, OLED Stocks Fall",0
2018-02-12,Apple Designing Out Cirrus Logic: Is It Worth It? Is It Possible?,0
2016-08-27,Broadcom Likely Gained 20% Apple iPhone 7 Content Despite 'Muted' Ramp,1
2016-08-26,These Three Chipmakers Will Survive Apple's Rumored 15%-20% iPhone 7 Order Cut,-1
2016-07-05,"Apple iPhone 7 Shipments Could Disappoint; Skyworks, Cirrus Logic Dive",-1
2016-06-17,"Stocks Lower As Apple, Other Techs Weigh On Nasdaq; Dow Transports Up",-1
2016-06-08,"Synaptics' Apple Business Safe For Another iPhone, Says Rosenblatt",0
2016-05-27,Apple's OLED iPhone Decision Could Lift These Companies,1
2016-04-15,"Apple App Store Ads, A BlackBerry Encryption Controversy, And A GoPro Ecosystem",-1
2016-04-14,Synaptics Stock Jumps On Report China Group Eyeing Apple Chip Supplier,0
2016-02-11,"Qorvo: With Less Apple, Life May Still Be Healthy",1
2016-01-29,Apple suppliers up strongly following Skyworks/Synaptics' earnings,1
2015-12-22,"Apple Wireless Earbuds, Displays In 2016 Tech Outlook",0
2015-12-11,Apple iPhone 7 Win Leapfrogs Taiwan Semiconductor,1
2015-10-06,Synaptics unveils ClearForce tech in wake of Apple's 3D Touch launch,0
2015-08-04,"Apple suppliers SWKS, QRVO, AVGO, INVN, CRUS, NXPI, SYNA sell off",0
2015-07-31,"Apple Vendor Synaptics Falls On Earnings, Outlook",0
2015-07-22,Chip stocks down sharply following Apple/ARM/Linear's Q2 reports,-1
2015-06-30,What's Ahead For Apple And Its Key Supplier Stocks?,0
2015-06-29,"Oppenheimer upgrades Synaptics, calls Apple TDDI report ""speculative""",0
2015-06-23,Synaptics rocked by Apple iPhone chip report,0
2015-06-22,Synaptics -4.5%; Apple reportedly working on TDDI iPhone chips,0
2015-05-30,"IBD 50: As Apple Fans Out, Suppliers Eye Next Moves",0
2015-03-09,"Apple launches very thin/light 12"" retina MacBook",1
2015-02-10,Is Apple Mad At Synaptics?,0
2015-02-06,"Report: Apple looking to cut SYNA dependence, HIMX hopes to benefit",1
2015-01-05,Apple Powers Chip-Heavy IBD Top 10,0
2014-09-18,Winning Chipmakers Benefit In Apple Product Rollout,1
2014-09-02,Ready for the Apple iPhone 6? Is Your Portfolio?,0
2014-08-28,How 2 iPhone Ecosystem Stocks Are Outpacing Apple,1
2014-06-19,"Apple, Super Micro Rally After Clearing Bases",0
2014-06-10,"Synaptics, Apple, Verint Among Top Computer Stocks",0
2014-06-10,Synaptics Buys Apple Supplier,0
2014-04-24,"Apple Boosts Computer Stocks; Zebra, Others Basing",1
2014-02-21,Samsung Galaxy S5 looks to dethrone Apple iPhone 5S,0
2014-01-02,Synaptics Follows Apple Into Fingerprint ID Market,0
2013-12-12,Apple Finishes A 15-Month Bite; Computer Group Rises,0
2013-10-15,"Selling Picks Up The Pace; Synaptics, Apple Buck The Trend",1
2013-10-10,"Synaptics follows Apple's lead, buys fingerprint-reader firm",0
2013-09-11,Is Apple iPhone 5S Motion Sensor Supplier InvenSense?,0
2010-05-11,"Companies Helping Apple, RIM Redesign World",0
2015-06-30,"Apple to Introduce ""Force Touch"" Feature in Next iPhone - Analyst Blog",0
2015-06-24,Apple Extends Partnership with Liquidmetal til 2016 - Analyst Blog,0
2015-05-28,Can Apple Watch Sales Regain Momentum & Beat Estimates? - Analyst Blog,1
2015-05-27,Apple (AAPL) Shares Decline as Mesa Facility Catches Fire - Analyst Blog,-1
2018-07-11,"Intel Roundup: Downgraded, CEO Search, Baidu Win, Apple Loss",-1
2018-05-23,Appleseed Fund Q1 2018 Quarterly Commentary,0
2017-02-15,"David Einhorn Buys Buffett's Monsanto, Retail, Apple in Q4",0
2017-02-15,"Warren Buffett Reveals New Picks - Apple, Airlines, And Arb",0
2016-10-25,Wall Street Breakfast: Apple Earnings Take Center Stage,0
2016-02-03,Apple Is #2,0
2020-05-14,"united american securities inc. (d Buys Apple Inc, Sysco Corp, Mastercard Inc, Sells Alphabet ...",0
2018-06-02,"Stocks To Watch: Eyes On Apple's WWDC, SCOTUS And D.C.",0
2017-08-16,"Cambridge Financial Group, Inc. Buys Boeing Co, Apple Inc, Sysco Corp, Sells Halliburton Co, ...",0
2017-01-20,"Liberty Capital Management, Inc. Buys Apple Inc, Alphabet Inc, Celgene Corp, Sells Ford Motor ...",0
2015-09-16,"Apple Gets Bullish PT; Oracle, LinkedIn Upgraded",1
2017-01-13,"North Star Investment Management Corp. Buys Apple Inc, Microsoft Corp, iShares –-' Year ...",0
2020-05-15,"Quantitative Investment Management, LLC Buys 'M Co, Tesla Inc, Apple Inc, Sells iShares Inc ...",0
2020-04-08,"Coronavirus Stock Market Rally: Dow Jones Gains 300 Points, As U.S. Virus Cases Top 400,000; Apple, Microsoft Key Gainers",1
2020-02-17,"Tairen Capital Ltd Buys Apple Inc, Pinduoduo Inc, Taiwan Semiconductor Manufacturing Co, Sells ...",0
2019-03-24,Apple Makes Its Video-Streaming Move (Stocks To Watch Podcast),0
2019-03-23,Stocks To Watch: Apple Makes Its Video-Streaming Move,0
2018-05-02,"Apple Pulls NASDAQ, S&P into the Green",0
2017-10-16,"Stock Futures Rise; Apple Leads Dow, 2 IBD 50 Names Eye New Highs",1
2017-10-04,"Stock Futures Flat; EU Nicks Apple, Amazon; This Drug Maker Spikes",0
2017-06-19,Technology Stocks Surge; Apple Leads Broad-Based Advance,1
2017-06-12,Nasdaq Leads Drop; Why GE Is Not A Buy Yet; Sell Apple Or Hold?,-1
2017-06-02,"Stocks Turn Mixed As Oil Falls, Payrolls Disappoint; Apple Supplier Surges",-1
2017-04-11,Apple Leads Dow Lower; Chip Stocks Falter; Cirrus Logic Drops,-1
2017-01-17,"DnB Asset Management AS Buys Alphabet Inc, Apple Inc, Oracle Corp, Sells Western Digital Corp, ...",0
2012-02-29,"Stocks Down After Bernanke, But Apple Hits Another High",-1
2016-10-24,"Your ETF Investing Action Plan This Week: Apple, Amazon And Solar",0
2015-02-11,Will Solar ETFs Shine on Apple-First Solar Deal? - ETF News And Commentary,0
2018-06-02,"Stocks To Watch: Eyes On Apple's WWDC, SCOTUS And D.C.",0
2014-07-03,"Cider Is Trending Vs. Beer, And American As Apple Pie",0
2013-04-22,Earnings Preview: Dr Pepper Snapple Group - Analyst Blog,0
2012-05-24,"The Zacks Analyst Blog Highlights: China Unicom, Apple, China Telecom, China Mobile and Molson Coors Brewing - Press Releases",0
2015-02-19,Apple's Dirty Little Rare Earth Secret,0
2016-10-19,Deja Vu All Over Again: 2016 OC3 Reminiscent Of 1984 Apple Macintosh Release,0
2016-09-02,"Week In Review: Apple Vs. EU, Hiring So-So, Auto Sales Fall, Salesforce Guides Low",-1
2015-05-05,"Stocks Dig A Hole As Oil Pops; Apple, Intel Hit But Taser Up",0
2015-04-30,Downbeat Earnings Sink Stocks; EU Apple Probe Weighs,-1
2014-11-03,"Apple, Alibaba Lead 5 Stocks Bolting To New Highs",0
2015-08-20,DineEquity's Applebee's Launches All-Day Brunch Burger,0
2015-02-25,Apple Pay Vs. Google Wallet: The Rematch,0
2020-02-10,"Thinking about buying stock in Apple, Bank of America, Ford, Skechers, or Taubman Centers?",0
2019-06-02,"Apple's WWDC, DuPont's Return And Tariff Anxiety (Stocks To Watch Podcast)",0
2019-06-01,"Stocks To Watch: Apple's WWDC, DuPont's Return And Tariff Anxiety",0
2019-09-08,"Apple, IPOs And German Auto (Stocks To Watch Podcast)",0
2019-09-07,"Stocks To Watch: Apple, IPOs And German Auto",0
2019-11-04,Swapping Apple For Apple - October Dividend Portfolio Update,0
2019-09-08,"Apple, IPOs And German Auto (Stocks To Watch Podcast)",0
2019-09-07,"Stocks To Watch: Apple, IPOs And German Auto",0
2018-03-13,Road To Financial Independence: My February 88-Stock Portfolio Review With Big Apple Purchase,0
2017-12-15,"My Journey To Financial Independence: 86-Stock November Portfolio Update - Buying Apple, AbbVie And BMW",0
2015-09-14,"Yahoo, Apple Supplier Top 5 Big-Cap Tech Losers",-1
2013-10-15,"Selling Picks Up The Pace; Synaptics, Apple Buck The Trend",1
2013-07-29,"Technology Stock Roundup: Facebook Wows, Apple Not So Much - Analyst Blog",0
2012-05-03,"Teradata, Intel, Apple: Pre-Market Movers",1
2012-05-03,"Teradata, Intel, Apple: Pre-Market Movers",1
2012-03-28,"IBD Stock Screen: Apple, 5 Other Big-Cap Tech Leaders",0
2012-03-07,"Going Into iPad Event, Apple Leads IBD Computer List",0
2012-02-25,"IBD 50's Top 5 Big-Cap Techs Include Apple, Priceline",0
2012-02-09,Earnings and Apple Push Technology Sector to New Highs,1
2016-07-26,Beyond Apple: Bite Into Tech Sector's Dividend Growth With 100 Stocks,0
2015-07-22,ETFs in Spotlight after Apple and Microsoft Earnings - ETF News And Commentary,0
2014-07-23,ETFs to Watch on Apple Earnings Beat and Microsoft Miss - ETF News And Commentary,-1
2012-11-07,There and Back Again: An Apple Odyssey,0
2018-10-09,Stock Market Poised To End Losing Streak; Apple Offers Entry,1
2019-11-29,"Dow Jones Today: China Trade Fears Knick Apple, AMD, Nvidia, But Alibaba Keeps Running",0
2016-09-19,"Nasdaq Fades After Strong Start; Apple Slumps, Small Caps Hold Up",-1
2013-07-08,"Technology Stock Roundup: Apple Soars, Finally - Analyst Blog",0
2011-11-04,Tech Data's New App for Apple - Analyst Blog,0
2018-01-24,"These 3 Stocks Are Outperforming Apple, Facebook And S&P 500",1
2012-07-27,"Facebook, Amazon, Apple: Tech Premarket",0
2012-07-27,"Facebook, Amazon, Apple: Tech Premarket",0
2019-08-23,"Apple, chip stocks take a beating after China tariffs, Trump tough talk",1
2019-04-21,"Podcast: Apple-Qualcomm, Intel 5G, Samsung Galaxy Fold",0
2019-03-24,"Podcast: Nvidia GTC, Google Stadia, HP And Oculus VR, Apple",0
2019-02-10,"Podcast: Apple, 5G Vs. WiFi, Digital Privacy, Spotify",0
2018-11-12,Tech lunch break: Apple supplier woes sink sector,0
2018-11-02,Week in tech: Apple pulls red on soft holiday guide,1
2018-09-03,"Technology, Apple, And Did Tim Cook Pull Off A Remarkable Feat?",1
2018-05-01,Nasdaq futures add to gains after strong Apple report,1
2018-03-01,Multimedia Weekly Digest: Take A Bite Out Of Apple,0
2017-11-20,"S&P 500 Earnings, The Tech Sector And The Apple iPhone Cycle",0
2020-02-18,3 ETFs That Could Benefit From Apple's Downbeat Guidance,1
2019-08-23,"Apple, chip stocks take a beating after China tariffs, Trump tough talk",1
2019-04-21,"Podcast: Apple-Qualcomm, Intel 5G, Samsung Galaxy Fold",0
2019-03-24,"Podcast: Nvidia GTC, Google Stadia, HP And Oculus VR, Apple",0
2019-02-10,"Podcast: Apple, 5G Vs. WiFi, Digital Privacy, Spotify",0
2018-11-12,Tech lunch break: Apple supplier woes sink sector,0
2018-11-02,Week in tech: Apple pulls red on soft holiday guide,1
2018-09-03,"Technology, Apple, And Did Tim Cook Pull Off A Remarkable Feat?",1
2018-05-01,Nasdaq futures add to gains after strong Apple report,1
2018-03-01,Multimedia Weekly Digest: Take A Bite Out Of Apple,0
2017-11-20,"S&P 500 Earnings, The Tech Sector And The Apple iPhone Cycle",0
2016-06-05,"Buy On Weakness? Vodafone, Telefonica, Apple Look Attractive",1
2016-05-27,"Eye On Tech: Apple M&A Speculation Grows, And Google Triumphs Against Oracle",0
2016-01-13,Could Wireless Firms Follow Apple Into Ad-Blocking?,0
2013-08-12,"HTC, ZTE, BlackBerry Defend Against Samsung, Apple",0
2012-06-11,"Stocks to Watch: Apple, GE (Update 1)",0
2010-11-19,Apple to Kill Carrier-Irking iPhone Plan,1
2019-05-10,"Rockefeller Capital Management L.P. Buys Apple Inc, TE Connectivity, Covetrus Inc, Sells ...",0
2016-10-12,"Amazon's Streaming Music; Apple Puts Down Roots In China; Google, Facebook Team In Transpacific Network",0
2012-04-27,Life Without Apple Is Still Peachy for Some Fund Managers,-1
2012-04-27,Life Without Apple Is Still Peachy for Some Fund Managers,-1
2018-09-08,"Stocks To Watch: Apple Event, Chinese Auto IPO To Headline",0
2017-12-20,"Auto Sector Grapples with Peak U.S. Sales, Safety Recalls",-1
2015-12-30,Bold Bets For 2016 - From Apple To Icahn,0
2019-10-17,"Droms Strauss Advisors Inc Buys Terex Corp, Sells KLA Corp, Boeing Co, Apple Inc",0
2016-05-16,"Warren Buffett Buys Apple, One Of Two Things Buffett Is Doing That He Doesn't Do",0
2016-02-03,Apple Is #2,0
2012-01-25,Stocks Mixed As Apple Climbs Following Earnings,-1
2016-03-21,"The Monday Morning Kickoff - Apple's Monday Event, Nike's Earnings, More Fed Head Jawboning And Good Friday",0
2019-09-08,"Apple, IPOs And German Auto (Stocks To Watch Podcast)",0
2019-09-07,"Stocks To Watch: Apple, IPOs And German Auto",0
2018-07-30,"Mar Vista Investment Partners Llc Buys Facebook Inc, Teleflex Inc, Apple Inc, Sells Walt Disney Co",0
2019-03-14,Dow Jones Cuts Losses; Why It's Still Not The Right Time To Buy Apple Stock,-1
2020-06-01,"Apple CEO Writes To Employees About George Floyd Death, Urges For 'Better, More Just World For Everyone'",0
2019-09-08,"Apple, IPOs And German Auto (Stocks To Watch Podcast)",0
2019-09-07,"Stocks To Watch: Apple, IPOs And German Auto",0
2019-06-02,"Apple's WWDC, DuPont's Return And Tariff Anxiety (Stocks To Watch Podcast)",0
2019-06-01,"Stocks To Watch: Apple's WWDC, DuPont's Return And Tariff Anxiety",0
2016-07-29,"Apple, Facebook, Alphabet, Amazon, Ford, McDonald's Headlined Busy Week",0
2015-03-30,"Stocks Roll Out Healthy Start; JPMorgan, Apple, Gentherm Climb",1
2018-10-17,Campbell (CPB) Grapples With Weak Soup Unit & High Costs,-1
2016-07-13,Apple Supplier TSM Lingers In Buy Zone On Nixed Samsung Rivalry,0
2012-12-10,Cramer Quick Take: Texas Instruments a Better Bargain Than Apple,1
2012-12-10,Cramer Quick Take: Texas Instruments a Better Bargain Than Apple,1
2011-04-19,How to Trade Ahead of Apple's Earnings: Morning Call,0
2017-02-15,"Warren Buffett Reveals New Picks - Apple, Airlines, And Arb",0
2015-10-05,M&A Daily: Paving Way For Apple Car?,0
2020-02-17,"H—o Am Llp Buys The Walt Disney Co, Tiffany, Uber Technologies Inc, Sells Apple Inc, ...",0
2020-02-17,"Bluefin Trading, LLC Buys Apple Inc, Microsoft Corp, NVIDIA Corp, Sells NXP Semiconductors NV, ...",0
2020-01-05,"Bulls And Bears Of The Week: Apple, Disney, Starbucks, Tiffany And More",0
2019-10-27,"Dow Jones Futures: Stock Market Rally, Apple Face Final Test; Microsoft Wins JEDI Duel With Amazon",1
2019-06-02,"Apple's WWDC, DuPont's Return And Tariff Anxiety (Stocks To Watch Podcast)",0
2019-06-01,"Stocks To Watch: Apple's WWDC, DuPont's Return And Tariff Anxiety",0
2019-03-24,Bitter Apple Puts,0
2018-11-28,"Dow Jones, Apple Lead Early Rally; This Blue-Chip Stock Breaks Out",1
2018-08-28,"Nasdaq, S&P Hit New Highs; Apple Stock Gains As Big Launch Seen",1
2018-07-25,Apple Approaches New Buy Point; Grubhub Leads Growth Stocks Higher,1
2016-06-27,"This Apple Chipmaker, Nike, Wal-Mart Among Post-Brexit Buys: Analyst",0
2016-05-27,Week In Review: Apple-Led Stocks Rise Above Fed; Autos Hitch Ride; Oil Hits $50,1
2015-12-21,Apple Supplier Avago A Top Pick; BlackBerry PT Hiked,1
2015-08-24,China To Ding Tiffany? Signet To Take On Apple Watch?,0
2015-08-24,China To Ding Tiffany? Signet To Take On Apple Watch?,0
2015-03-10,'Apple Made' a threat to 'Swiss Made' says Swatch co-founder,0
2015-02-24,Apple Watch to impact certain segments of watch industry,-1
2014-11-05,"Gold Apple Watch likely to sell for $4,000 or more",0
2014-10-01,"Holiday Shopping May Favor Hot Stocks, Apple iPhone 6",0
2014-05-22,Apple is tops per square foot,0
2014-05-22,"Apple Gets Most Sales Per Square Foot, Tiffany Third",0
2014-01-06,What's Behind The Swift Rise In Apple Stock,1
2013-12-23,Stocks Poised For Opening Pop; Apple Rallies,0
2013-05-20,Apple hits store milestones,1
2013-01-10,Stock Futures Up on Strong China Trade Data; Apple Gains,1
2012-12-28,Apple's Million-Dollar-a-Day Retail Store (in Words and Pictures),0
2012-11-23,Apple's Uninspiring Black Friday Deals,-1
2012-11-23,Apple's Uninspiring Black Friday Deals,-1
2012-08-27,"Futures Point To Higher Start; Apple, Dollar Thrifty Gain",1
2012-08-27,Stock Futures Rise Ahead of Jackson Hole; Apple Pops,1
2012-07-27,"How Even Apple's ""Weak"" Businesses, Compared to Competitors, Are Kicking Ass and Taking Names",-1
2010-05-11,"Apple: Analysts' Upgrades, Downgrades",0
2013-02-06,"One Bad Apple Could Spoil A Whole ETF Bushel (AAPL, QQQ, TILT, ACIM)",-1
2017-01-24,Apple Making America Great Again?,1
2016-09-14,Time Inc. rolls out Apple Pay on key magazine brands,0
2020-02-18,"Belpointe Asset Management LLC Buys Invesco S&P 5…… Low Volatility, Apple Inc, XAI ...",0
2020-01-30,"Parkside Financial Bank & Trust Buys Apple Inc, iShares TIPS Bond ETF, SPDR S&P China ...",0
2019-02-26,Apple And Goldman: Pure Gold,0
2015-04-06,"The Zacks Analyst Blog Highlights: Apple, IBM, United Continental Holdings and Top Image Systems - Press Releases",0
2015-04-02,Apple-IBM Launch 8 Business Apps; To Hit 100 by Year-End - Analyst Blog,0
2012-05-30,"Apple, Lululemon Lead 5 IBD 50 Stocks Turning Corner",0
2019-08-16,The Policy Market - Apple Talks Domestic Jobs,0
2017-07-03,Apple Announces Opening of First Retail Store in Taiwan,0
2017-06-07,Apple's (AAPL) First TV Series Premieres at WWDC on Day 2,0
2016-12-14,Apple's (AAPL) Wireless AirPods Finally Reach the Market,1
2016-12-13,Apple (AAPL) Reportedly Set to Invest $1B in SoftBank Fund,0
2016-08-02,Apple-Backed Didi's Uber Deal,0
2016-06-06,"Can Netflix Sway Comcast, Charter With Apple-Type Deal?",0
2016-04-06,Here's How Apple Could Up Its TV Game With Skinny Bundle On Hold,0
2016-03-23,"How Apple, Comcast, Google, Amazon Have Skin In FCC Set-Top Game",0
2015-09-28,"Apple's Ad Blocking Is Smart Strategy, Not Mobile Armageddon",0
2015-09-10,"Rose gold iPhone, Live Photos could draw Apple upgraders",1
2015-09-08,Apple's Plan to Revolutionize TV May Be Here...,0
2014-08-29,"Tech Rewind: Apple's Cryptic Invite, Banks' Cyber Fight",-1
2012-12-14,Stocks Socked Despite Upbeat China Numbers; Apple Falls,-1
2012-08-16,Report: Apple Wants to Sell TV Boxes to Cable Customers,0
2012-08-16,"Apple TV Following in the iPhone's Footsteps? Not So Fast. (TWC, TIVO, NFLX, AAPL)",0
2012-06-02,Apple Talks Future: Tech Weekly,0
2012-06-02,Apple Talks Future: Tech Weekly,0
2011-08-25,"5 Stocks to Watch: Apple, TiVo, Hormel",0
2011-07-19,"Apple, Android: Navigating the Patent Wars",1
2010-03-04,'Mad Money' Recap: Apple Riding High With the iPad (Final),-1
2020-02-26,Dow Jones Loses Early Big Gain; Why Apple Stock Is Not At A Buy Point Yet,-1
2019-12-30,"Dow Jones Futures: Stock Market Rally Pauses But Apple Keeps Climbing, These 4 Leaders Near Buy Points",1
2019-07-09,Kirkland's (KIRK) Grapples with Weak Traffic & Rising Costs,-1
2019-04-12,"Community Trust & Investment Co Buys Alphabet Inc, Apple Inc, Amazon. ...",0
2019-01-22,"Top Stock Reports for Apple, PNC Financial & Twitter",0
2018-07-13,Xiaomi - It's Not the Apple of China,0
2018-04-25,Apple Makes Perfect Sense For Dividend Growth Investors,1
2017-01-13,Week In Review: Trump Murders Drug Stocks; Apple Breaks Out; GM Bullish,1
2016-05-20,"Week In Review: 'Live' Fed, Buffett's Apple Bite, Wal-Mart EPS, Self-Driving Traffic Jam",0
2016-02-25,"Apple Supplier Microsemi PT Upped, Restoration Hardware PT Cut",0
2015-09-15,"After Amazon Prime Day, Retail Sales Take Apple Pause",-1
2015-09-08,"After Apple Goes To Best Buy, Best Buy Goes To Macy's",0
2014-12-17,"Apple Store, Williams-Sonoma Draw Big Holiday Traffic",0
2014-05-19,Nasdaq Leads Way In Quiet Session; Apple Extends Gains,1
2013-04-11,Troubled Retailer J.C. Penney Apple Exodus Continues,-1
2012-08-29,"Kors, Apple, Big Names On Big Cap Screen Of the Day",0
2012-08-18,"Apple, Kors, Francesca Lead IBD 50's 5 Fashion Firms",0
2012-08-15,"Apple, Google, Western Digital Among Big Cap Leaders",0
2012-07-05,Stocks Turn Mixed As Apple And Yelp Climb,-1
2012-06-06,"Apple, Chipotle, TJX Among 6 Big Cap Leaders",0
2012-05-22,"Apple, Other Top 5 Big Caps Less Big But Still Strong",1
2012-04-10,Stocks Sharply Lower In Late Afternoon; Apple Dips,-1
2012-03-29,Apple Set For No. 6 Dividend Yield Among Top Stocks,0
2010-11-19,"iPad 2, the Apple iPad Killer: Tech Edge",1
2010-06-22,Cramer's 'Mad Money' Recap: Apple's So Deliciously Cheap (Final),1
2010-06-22,Cramer's 'Mad Money' Recap: Apple's So Deliciously Cheap (Update 2),1
2010-06-10,"Cramer's Stop Trading!: Apple, Citi, Google",0
2010-05-11,"Apple: Analysts' Upgrades, Downgrades",0
2019-01-08,John And Jane's Taxable Account Dividend Increases And Income Tracker - The Apple Effect,0
2016-12-12,Apple Supplier In Sale Talks,0
2016-10-31,Will Apple Take The Bite?,0
2020-04-27,"Cubic Asset Management, LLC Buys Amazon.com Inc, MetLife Inc, Lowe's Inc, Sells Apple Inc, ...",0
2017-06-14,"Stocks Fall On Rate Hike, Apple Down; Can This Group Supply New Buy Points?",-1
2017-03-22,"Indexes Mostly Unchanged, But Microsoft, Apple, Intel Outperform In Dow",0
2017-02-08,"Torchmark Corp Buys Vanguard S&P 5……, Sells Torchmark, Apple, Wells Fargo",0
2020-05-06,"Alta Capital Management Llc Buys Alphabet Inc, Apple Inc, Fiserv Inc, Sells The Middleby Corp, ...",0
2019-11-18,"Pictet Asset Management Ltd Buys Thermo Fisher Scientific Inc, Microsoft Corp, Apple Inc, Sells ...",0
2016-08-30,Apple Owes Ireland Billions - Good,1
2016-08-30,Wall Street Breakfast: Apple Slammed In EU Tax Crackdown,-1
2016-02-03,Apple Is #2,0
2014-08-12,"Video: LinkedIn, Apple May Offer Entry Points Soon",0
2014-08-11,"LinkedIn, Apple Could Offer Fresh Entries Soon",0
2020-05-15,"Quantitative Investment Management, LLC Buys 'M Co, Tesla Inc, Apple Inc, Sells iShares Inc ...",0
2012-10-04,Apple Maps Rejected By iPhone Users; Seek Other Apps,0
2019-12-12,TriMas (TRS) to Grapple With Weak Industrial Markets & Costs,-1
2020-02-23,Dow Jones Futures Dive As Stock Market Faces Coronavirus Pandemic Fears; Apple Eyes Buy Point,1
2020-01-29,"Dow Jones Gains On Bullish Apple Earnings, Fed Holds On Rates; Why Boeing Stock Is Not A Buy Now",1
2019-09-08,"Apple, IPOs And German Auto (Stocks To Watch Podcast)",0
2019-09-07,"Stocks To Watch: Apple, IPOs And German Auto",0
2019-06-02,"Apple's WWDC, DuPont's Return And Tariff Anxiety (Stocks To Watch Podcast)",0
2019-06-01,"Stocks To Watch: Apple's WWDC, DuPont's Return And Tariff Anxiety",0
2012-08-29,"Tangoe, Ericsson, Apple, eBay: Tech Premarket",0
2012-08-29,"Tangoe, Ericsson, Apple, eBay: Tech Premarket",0
2012-05-17,"Apple, LinkedIn Lead IBD's Top 5 'Fundamentals' Techs",1
2019-11-04,Swapping Apple For Apple - October Dividend Portfolio Update,0
2018-03-13,Road To Financial Independence: My February 88-Stock Portfolio Review With Big Apple Purchase,0
2017-12-15,"My Journey To Financial Independence: 86-Stock November Portfolio Update - Buying Apple, AbbVie And BMW",0
2018-11-02,Apple losing big in premarket trade,-1
2018-03-29,"Dow 30 Stock Roundup: Apple's New iPad, Japanese Label Expansion for Merck/ Eisai's Lenvima",1
2017-12-15,"My Journey To Financial Independence: 86-Stock November Portfolio Update - Buying Apple, AbbVie And BMW",0
2016-07-26,"T. Rowe Price Buys Apple, Pepsi, Western Digital",0
2016-06-06,3-Way Apple V. Google V. Amazon Voice Assistant Battle Will Drive M&A,0
2016-01-16,"Iran Sanctions End: Apple, GE, Oil Giants Line Up",0
2016-01-13,"Iran To Open Up, As Apple, GE, Oil Giants Line Up",0
2015-07-13,"Apple, Boeing May Join Oil Giants Tapping Iran Market",0
2016-03-22,Will Apple Get Imagination?,0
2019-09-08,"Apple, IPOs And German Auto (Stocks To Watch Podcast)",0
2019-09-07,"Stocks To Watch: Apple, IPOs And German Auto",0
2018-01-25,ILS Market Issuance And Innovation To Continue In 2018: Appleby,1
2016-06-06,3-Way Apple V. Google V. Amazon Voice Assistant Battle Will Drive M&A,0
2016-06-02,Apple Challenging Tesla,-1
2016-05-27,Week In Review: Apple-Led Stocks Rise Above Fed; Autos Hitch Ride; Oil Hits $50,1
2016-05-26,Apple's Next Moves? Hints From M&A Talks,0
2016-05-23,Stocks Edge Up; Apple Atop Dow On iPhone Report As Suppliers Soar Too,1
2016-05-16,"Warren Buffett Buys Apple, One Of Two Things Buffett Is Doing That He Doesn't Do",0
2016-04-25,Stocks Quiet Ahead Of Fed; How Will Apple Fare?,1
2020-01-09,"Tempur Sealy, Fiat Chrysler Automobiles, Spotify, Apple and Amazon highlighted as Zacks Bull and Bear of the Day",0
2012-03-29,"Running Even With Apple YTD, Tempur-Pedic Shares Start to Look Pricey",0
2012-01-25,Stocks Mixed As Apple Climbs Following Earnings,-1
2012-01-24,Apple Shares Soar After Earnings; Indexes Close Mixed,1
2018-06-02,"Stocks To Watch: Eyes On Apple's WWDC, SCOTUS And D.C.",0
2019-05-02,"25 Upcoming Dividend Increases Including Apple, Exxon And One Dividend King",1
2017-08-16,Apple Plans to Spend $1 Billion on Original TV Programming,0
2017-08-03,"Gabelli Funds Llc Buys Panera Bread Co, Navistar International Corp, Dr Pepper Snapple Group ...",0
2017-05-08,"Nasdaq, S&P 500 Fight To Positive Finish; Apple Seizes New High",1
2017-05-08,"S&P 500, Nasdaq Ease After All-Time Highs; Apple Leads Dow",1
2015-12-08,"John Griffin Buys Autodesk, Apple, Sells AIG, Fitbit",0
2019-10-31,"Peel Some Apple; Twitter Loses, TV Wins; Boeing CEO Must Go",-1
2019-07-31,"Names You Can Buy Before The Rate Cut; Also, Boo Apple, Yes, I Diss",0
2016-05-25,"Apple, GM Rush Into Ride Hailing But More Millennials Buy Cars",0
2016-04-25,Stocks Quiet Ahead Of Fed; How Will Apple Fare?,1
2016-04-13,Stocks Rally To '16 High; Apple Retakes Key Level,1
2015-12-10,"Stocks: Weak Open, Thin Gains; LendingTree, Chipotle, Apple Up",-1
2016-08-02,"Stocks Pare Losses In Final Trading Hour; Apple, Pfizer Big Dow Losers",-1
2016-05-13,"Week In Review: Apple, Macy's, Walt Disney Signal Consumer Slowdown",-1
2019-11-06,"Corient Capital Partners, LLC Buys iShares Core S&P 5…… ETF, Apple Inc, Thomson Reuters ...",0
2017-04-19,"DnB Asset Management AS Buys Intel, Baidu, Facebook, Sells Oracle, Apple, Pfizer",0
2016-10-19,"Salesforce's M&A List Leaked; Facebook Is Taking Over; Apple's New Macs, NFL Push? - Eye On Tech",-1
2016-06-24,"Shocking Brexit Outcome Roils Stocks; Apple, Boeing, Banks Slam Dow",-1
2015-12-10,"Stratasys, Hain Join Apple As Top Piper Jaffray Picks",0
2015-09-14,"Yahoo, Apple Supplier Top 5 Big-Cap Tech Losers",-1
2015-07-28,"The Zacks Analyst Blog Highlights: Amazon, SanDisk, Apple, Microsoft and TripAdvisor - Press Releases",0
2015-05-07,"Yelp Up For Sale? Apple, Google Are Possible Buyers",0
2015-04-22,Travel apps leading Apple Watch software,0
2015-04-06,"Priceline, TripAdvisor land Apple Maps deals",0
2014-12-02,"Apple, Facebook: Jason Weiner Of Fidelity's View",0
2014-06-06,Apple Acquires Spotsetter App,0
2014-05-19,Nasdaq Leads Way In Quiet Session; Apple Extends Gains,1
2014-05-19,"Technology Stock Roundup: Cisco Prints Stronger Q3, Apple/Google Call Truce - Analyst Blog",1
2014-01-07,Apple And Amazon: Why Bill Miller Still Likes Them,0
2013-10-22,"Stocks Open On Positive Note; Whirlpool, Netflix, Apple Climb",1
2013-09-23,Stocks Slump in Early Trade; Apple Rockets On iPhone Sales,-1
2013-08-14,Major Indexes Hold Lower; Apple Softens Nasdaq's Hit,-1
2013-08-14,"Stocks Trip In Firm Trade; Apple Gains; Deere, Macy's Slip",1
2013-01-28,"Stocks Turn Mixed, Apple Rises; Stratasys, 3D Systems Tumbling",-1
2012-11-08,Apple Breakdown Strips Tech Stocks From Leadership,1
2012-07-24,Stocks Lose More Ground; Apple Reports After Close,0
2012-07-23,"IBD 50: Apple, Alexion Lead Top 5 Earnings This Week",0
2012-07-23,"IBD 50: Apple, Alexion Lead Top 5 Earnings This Week",0
2012-02-13,Stocks Gain on Greek Austerity; Apple Above $500,1
2012-02-11,Apple of Investors' Eye: Stock Nears $500,0
2012-02-11,Apple of Investors' Eye: Stock Nears $500,0
2016-01-08,Apple Reads Your Mind,0
2014-07-28,"Apple, Chipotle Among 5 Top Stocks Leading Market",1
2012-11-29,"Cramer's 'Mad Money' Recap: Amazon, Google, Apple Are the Only Tech Stocks That Matter",0
2020-02-06,"Oakbrook Investments Llc Buys State Street Corporation, Pfizer Inc, Target Corp, Sells Apple ...",0
2012-04-13,15 Apple-Like Stocks That Could Bear Similar Fruit (Update1),0
2018-08-14,"Azul (AZUL) Grapples With Multiple Headwinds, Down 24% YTD",-1
2014-04-28,Nasdaq Recovers After Early Weakness; Apple Rallies Again,1
2020-03-24,"Portfolio Review: Apple, MSC Industrial, PepsiCo, Mastercard",0
2018-05-15,"Bloomberg: T. Rowe Price, JPMorgan cut Apple stakes before stock rallies",0
2017-09-13,"Top Analyst Reports for Apple, Pfizer & Carnival",0
2017-01-25,"Midwest Investment Management Llc Buys Visa Inc, DaVita Inc, Apple Inc, Sells Fastenal Co, ...",0
2016-08-21,"My Portfolio Update And Review Of 83 Stocks: Up 2 With Reynolds And Exelon, Down 1 With Apple",0
2014-08-25,Peter Lynch Rule At Work With Apple Stock,0
2014-06-04,"Roger McNamee's Advice for Apple, Uber",0
2013-04-24,Stocks Open Lower In Higher Trade; Apple Down After Earnings,-1
2013-02-14,Is Apple Ditching Shareholders? - Analyst Blog,0
2010-06-18,"Apple: Analysts' Upgrades, Downgrades",0
2019-03-24,Apple Makes Its Video-Streaming Move (Stocks To Watch Podcast),0
2019-03-23,Stocks To Watch: Apple Makes Its Video-Streaming Move,0
2015-05-18,"Trinseo, Tronox, Google, Apple and Intel highlighted as Zacks Bull and Bear of the Day - Press Releases",0
2020-02-17,"GSB Wealth Management, LLC Buys Apple Inc, TC Energy Corp, ViacomCBS Inc",0
2016-05-16,"Warren Buffett Buys Apple, One Of Two Things Buffett Is Doing That He Doesn't Do",0
2019-11-12,"Georgetown University Buys SPDR S&P 5…… ETF Trust, iShares MSCI Japan ETF, Apple Inc, ...",0
2019-12-12,TriMas (TRS) to Grapple With Weak Industrial Markets & Costs,-1
2020-04-21,"Dow Jones Gets Slammed As Apple, Microsoft Weigh, But Nasdaq Fares Worse",-1
2020-02-12,"AMF Pensionsforsakring AB Buys Apple Inc, DTE Energy Co, The Travelers Inc, Sells Mastercard ...",0
2019-09-08,"Apple, IPOs And German Auto (Stocks To Watch Podcast)",0
2019-09-07,"Stocks To Watch: Apple, IPOs And German Auto",0
2019-03-27,"Boeing, Apple Lead Stock Market As Dow Jones Passes This Key Test",1
2019-03-26,"Top Research Reports for Apple, Amgen & United Technologies",0
2019-02-18,"Berkshire's Revealing 13F: Buffett Didn't Buy The Dip - Didn't Add To Apple, Sold Oracle, Bought Banks",0
2018-10-08,"Apple, Indexes Cut Losses As This Wall Street Gauge Expands Its Correction",-1
2018-02-02,"Dow 'Safer' Dividend Big Gain Dogs Are Apple, Pfizer, McDonald's United Health & Procter Per Broker February Bets",1
2018-02-02,"Dogs Of The Dow Upside Winners: Apple, Merck, GE And United Health To February 2019",0
2018-01-19,Stocks Mostly Up; Why Apple May Have More Thrust Left,1
2017-10-19,"Dow, S&P 500 Battle To Positive Close; Apple, United Take Hard Hits",1
2017-09-11,Stocks End Higher On Irma Bounce; Apple Supplier Takes Buy Point,1
2017-09-11,"Stock Futures Advance; Apple, Tesla, Travelers Stake Early Leads",0
2017-09-05,"Top Analyst Reports for Apple, Visa & Coca-Cola",0
2017-08-25,"David Dreman Exits Total, Reduces Bank of America, Apple",0
2017-06-07,"Stocks Open Higher; Apple, Nike Stake Early Leads",1
2017-04-20,Stocks Rally On Earnings; Starbucks Breaks Out; Why Apple Is On The Move,1
2017-03-09,Stocks Hold Modest Gains As Oil Slips; Will Apple's iPhone 8 Be Delayed?,-1
2016-12-28,"Stocks Down, But Apple Shows Relative Strength; Will Nvidia Cool Off More?",1
2016-10-12,"Stocks Flat, Tesla Back Above 200; Did Apple Trigger A New Buy?",1
2015-10-20,Tesla Skids On Reliability Report; Is Apple Music Gaining Traction?,1
2015-07-24,"Dow 30 Stock Roundup: 3M, Apple, Verizon Beat Estimates, AmEx, Caterpillar, IBM Earnings Dip - Analyst Blog",1
2015-07-21,Apple to Justify the Nasdaq? - Ahead of Wall Street,0
2015-07-21,"Stock Futures Mixed, IBM Weighs; Infosys, Tesla, Apple In Motion",0
2015-03-06,Apple Joins The Dow; Is It A Wedding Or A Funeral?,0
2014-10-21,"Stock Futures Point Higher; Earnings Boost Illumina, Apple",1
2013-09-10,"Dow Adds Nike, Goldman, Visa -- But Not Apple, Google",0
2013-01-24,Earnings Winners Outrun Losers but Apple Hits Hurdle,1
2012-12-05,"Dow, S&P 500 Strengthen After Obama Speaks; Nasdaq Dips on Apple",1
2012-01-24,Apple Shares Soar After Earnings; Indexes Close Mixed,1
2012-01-24,"Stocks to Watch: Apple, Verizon, J&J (Update 1)",0
2011-10-19,"9 Stocks to Watch: Apple, Yahoo!",0
2012-04-27,Life Without Apple Is Still Peachy for Some Fund Managers,-1
2019-10-01,Tractor Supply Grapples With High Costs: Is Revival Likely?,-1
2019-04-28,"Eyes On Apple, Uber, F8 And Avengers (Stocks To Watch Podcast)",0
2019-04-27,"Stocks To Watch: Eyes On Apple, Uber, F8 And Avengers",0
2019-04-27,"Stocks To Watch: Eyes On Apple, Uber, F8 And Avengers",0
2019-04-26,"Apple, IBM, Costco among those expected to raise payouts next week",0
2018-09-05,"Kovack Advisors, Inc. Buys Apple Inc, Alphabet Inc, Johnson & Johnson, Sells Vanguard ...",0
2018-07-31,Can Apple Save Us From this Tech Wreck?,-1
2018-04-28,"Stocks To Watch: Apple, FOMC And China On Tap",0
2017-02-01,"Stocks Salvage Gains In Session Stirred By Apple, AMD, Facebook, Fed",1
2016-09-08,"Oil Bolsters Weak Session; Nike, Apple, Tractor Supply Slide",1
2016-04-20,"After Hours: Apple, United Air, Citrix, Qualcomm, Las Vegas Sands",0
2015-02-19,5 Stocks That Crushed Apple - Investment Ideas,1
2015-01-28,"Stocks Up On Apple, Yahoo Gains; Illumina, Skyworks, NXP Climb",1
2014-04-23,"Stocks Fall; Facebook, Apple Up After Earnings Beats",1
2012-10-31,"RadioShack (RSH) and SUPERVALU (SVU) Beat Apple (AAPL) In This Important Metric (TSCO, DG, DDS, AAP & AZO)",1
2012-05-30,"Apple, Lululemon Lead 5 IBD 50 Stocks Turning Corner",0
2012-04-10,Apple Leads IBD's Top 5 Relative Strength Leaders,1
2018-05-23,Bloomberg: TSMC mass producing 7nm chips for Apple's iPhones,0
2012-11-26,"Stocks to Watch: Knight Capital, Apple, Amazon (Update 1)",0
2016-08-02,Apple-Backed Didi's Uber Deal,0
2016-02-01,"Through M&A, China Is After The Smartphone / Apple Supply Chain",0
2015-12-14,"Stock Futures Dig Moderate Losses; Apple Stumbles, Jarden Leaps",-1
2015-04-17,"SunPower, Apple Join Forces to Build Solar Plants in China - Analyst Blog",0
2010-06-30,The Next Apple: 3 Innovative Small-Caps,1
2015-10-05,M&A Daily: Paving Way For Apple Car?,0
2020-05-15,"Symmetry Partner, LLC Buys Apple Inc, SPDR Select Sector Fund - Utilities, Vanguard Short-Term ...",0
2020-04-23,"Apple Reportedly Shifting Away From Intel, Will Make Its Own Mac Chips",0
2020-04-09,Apple Ecosystem Awaits iPhone Maker's Next Moves In Covid-19 Crisis,-1
2020-02-17,"Tairen Capital Ltd Buys Apple Inc, Pinduoduo Inc, Taiwan Semiconductor Manufacturing Co, Sells ...",0
2020-02-17,"Dow Jones Futures: Apple Warns On Coronavirus After Tesla, Alibaba Caution; Walmart, InMode Earnings Due",-1
2020-01-23,"Gain Access To Top Chipmaker, Key Apple Supplier With This Foreign Stock Play",1
2020-01-15,"Dow Jones Futures: Taiwan Semiconductor Earnings To Offer Clues About Apple, AMD, Chip Industry Recovery",-1
2019-10-04,Apple orders 10% boost to iPhone 11 production - Nikkei,1
2019-09-10,Apple fall event kicking off (live updates),0
2019-08-23,Apple: A Lost Year For iPhone,-1
2019-06-13,Apple And The New Chip Paradigm With Mark Hibben (Podcast),0
2019-03-16,Hey 'Tim Apple' - Watch Foxconn,0
2019-02-11,TSMC remains Apple's exclusive A-series supplier - report,0
2019-01-30,"Semis, suppliers gain on Apple, AMD reports",0
2019-01-28,Apple spent $60B in U.S.; TSMC reports damage,0
2019-01-22,"Apple: Will What Happened In China, Stay In China?",0
2019-01-07,"Apple: Regrets, I Had A Few, And Did It My Way",0
2019-01-02,Dow Jones Futures Tumble As Apple Warns: Big Test For 2019 Stock Market Rally,-1
2019-01-02,Suppliers drop on Apple's warning,-1
2018-12-21,Apple: Key iPhone Suppliers Don't Seem To Be Cutting Back,-1
2018-12-20,Rosenblatt: Apple could cut 4M iPhone units,-1
2018-12-10,Apple suppliers dip on China's iPhone ban,-1
2018-12-04,"Apple suppliers, chips drop on Cirrus cut",0
2018-11-27,Apple suppliers mull higher iPhone tariffs,-1
2018-11-27,Apple suppliers mull higher iPhone tariffs,-1
2018-11-13,Apple suppliers recover despite Qorvo guide cut,1
2018-11-12,"Apple suppliers drop on Lumentum guide, iPhone target cuts",-1
2018-10-17,Kuo: TSMC will be stay Apple's big chip winner,1
2018-10-12,TSMC could win all orders for Apple's A13 chips,1
2018-09-26,Apple: Where No iPhone Has Gone Before,0
2018-09-12,Apple suppliers to watch during the fall event,0
2018-09-08,"Stocks To Watch: Apple Event, Chinese Auto IPO To Headline",0
2018-08-06,Apple drops Infowars from podcast directory,0
2018-07-12,"No, Apple Isn't To Blame For The China Trade Deficit",0
2018-06-11,Apple's iPhone Order Cut Report May Hurt These ETFs,-1
2018-06-08,Apple iPhone Production Pullback Hits Chip Suppliers,-1
2018-06-08,"Tech sector under pressure from Apple suppliers, semi equipment stocks",-1
2018-05-16,"Apple Roundup: Goldman Deal, Buffett Adoration, Ireland, Green Energy",0
2018-05-02,"Apple iPhone Demand Isn't Great, But iPhone Strategy Is",1
2018-05-01,Financial Exchange Stock Talk: Mark Hibben On Taiwan Semiconductor Manufacturing Company And Apple,0
2018-04-30,Apple Supplier Broadcom Warns Of Weak Wireless Chip Sales,-1
2018-04-27,Apple: No Need To Panic,0
2018-04-24,"Apple: This Dip Is Silly, I'm Buying It",0
2018-04-23,"Tech Stock Index Reverses As Dow's Apple, Intel Give Up Gains",1
2018-04-23,Apple supplier could post record profits; HomePod orders slashed with suppliers,-1
2018-04-22,Why I Bought More Apple Stock Friday,0
2018-04-20,Apple: iPhone Panic Sets In,-1
2018-04-19,Taiwan Semiconductor Warning Hits Chip Stocks And Apple,-1
2018-04-19,Why Did Apple and Nvidia Stock Open Lower on Thursday?,0
2018-04-19,"Taiwan Semi phone-based softness dragging Apple, other chipmakers",-1
2018-04-03,"TSMC will reportedly produce two MicroLED panels for Apple Watch, AR device",0
2018-03-21,Apple Must Change To A Hands-On Display (And Other Critical Component Strategies),0
2018-01-31,Apple: Reasons For Optimism Going Into Earnings,-1
2018-01-16,Apple's iPhone Battery Replacement Could Consume Enough Cobalt To Make 26% Of EVs Sold In 2017,0
2017-12-08,Apple Will Probably Stick With Its 2-Tier OLED/LCD Display Strategy For Next-Generation iPhones,0
2017-11-30,Apple Vs. Qualcomm: Dueling Patent Portfolios,0
2017-11-30,Nikkei: Apple will design main power management chips for iPhones,0
2017-11-20,Digitimes: Apple cuts microLED research team,0
2017-04-12,"Stock Futures: Listen To These 3 Banks, Watch Opticals; Apple Gets 360° Review",0
2017-04-12,Apple Supplier On Tap; Is JPMorgan's Dimon Still Bullish On Trump? Investing Action Plan,1
2017-04-12,Apple Supplier On Tap; Is JPMorgan's Dimon Still Bullish On Trump? Investing Action Plan,1
2017-03-21,Apple's iPad Non-Event,0
2017-03-06,Apple Chip Deal?,0
2017-01-31,Apple's December Quarter: Expect The Expected,0
2017-01-20,Does No Rain Means Blue Skies For Stocks? Which Chips Hint Apple's Breakout May Shine?,-1
2017-01-20,Apple: Renewing Mac Focus In The New Year,0
2017-01-13,Why Peter Thiel Is Wrong About Apple,-1
2017-01-13,Week In Review: Trump Murders Drug Stocks; Apple Breaks Out; GM Bullish,1
2016-12-27,TSMC: An Apple-Related Investment Opportunity For 2017,1
2016-12-14,Apple/TSMC Partnership Leaves Samsung Out In The Cold,0
2016-10-20,Apple Supplier Warns Of Disappointing Smartphone Demand,-1
2016-10-14,Apple: TSMC Confirms Strong iPhone 7 Launch,1
2016-10-13,Chipmaker TSMC's Q4 Guidance Points To Strong Apple iPhone 7 Sales,1
2016-09-20,Apple: Investor Takeaways From iPhone 7 Teardowns,0
2016-09-16,Intel Inside iPhone 7; Chipmaker Wins Apple Business,1
2016-09-12,New Innovations At Apple Will Weigh Heavily On Its Supply Chain,-1
2016-09-08,Apple supplier share movement after iPhone 7 launch,0
2016-08-19,"Applied Materials Bolts To 16-Year High On Apple-, Intel-Facing Markets",1
2016-08-17,"No. 1 Chipmaker Intel Sidles Up To Apple, IoT Via ARM Partnership",0
2016-08-09,Apple Pressuring iPhone Component Suppliers For Price Cuts,-1
2016-07-24,Apple: Sifting The iPhone 7 Rumors,0
2016-07-15,"What TSMC's Earnings Have To Say About Apple, Nvidia, And AMD",0
2016-07-14,Apple Supplier TSM Guides To $1 Billion In Q3 Growth As iPhone 7 Ramps,1
2016-07-13,Apple Supplier TSM Lingers In Buy Zone On Nixed Samsung Rivalry,0
2016-07-12,'Stronger' Apple iPhone 8 Boosts Cirrus Logic On Noise-Canceling Earbuds,1
2016-07-12,Apple Chipmaker Downgraded; Oracle Upgraded; Seagate Gets Target Hikes,-1
2016-07-11,Intel Dethrones Qualcomm To Supply 50% Of Apple iPhone 7s: Cowen,0
2016-06-16,Apple Likely Moving iPhone To A One Year Redesign Cycle,0
2016-06-10,Intel Reportedly Gets Apple iPhone Chip Win; Qualcomm Falls,1
2016-05-28,Apple iPhone Supplier Broadcom Opens Its M&A Maw; Is Xilinx Next?,0
2016-05-23,"Apple Chip Suppliers Broadcom, NXP, Skyworks Up On iPhone 7 Hopes",0
2016-05-23,Could iPhone 7 Production Ramp Mark True Turnaround In Apple Stock?,1
2016-05-23,"Apple, suppliers gain following report of strong iPhone 7 production orders",1
2016-05-20,"Apple iPhone, Samsung Galaxy OLED Swap May Juice Applied Materials",0
2016-05-17,Apple's Didi Investment: The Giant Flexes Its Financial Muscle,-1
2016-05-12,Apple Shares (Briefly) Drop Below $90,-1
2016-05-12,"Apple Falls Anew Amid iPhone 7 Worries, Chip Stocks Follow",-1
2016-05-12,Apple -2.4% to new 52-week low amid Nikkei chip report aftermath,0
2016-05-12,Apple: Nikkei Declares iPhone 7 Dead Before Arrival,-1
2016-05-11,Apple Suppliers Blame 'Tepid' iPhone 7 Demand On Lack Of Innovation,-1
2016-05-11,Nikkei: Apple suppliers face bleak year,-1
2016-05-10,"Taiwan Semi, InvenSense Stumble Over Apple's iPhone Shortfall",-1
2016-04-25,"Apple: On The Eve Of Earnings, A Little Good News",1
2016-04-18,Apple: TSMC Points To iPhone 7 Strength,1
2016-04-16,Why Would Apple Buy Displays From Samsung?,0
2016-04-15,"Facebook, JPMorgan And Tesla, Apple Suppliers Lead Insider Trades",0
2016-04-14,Apple Supplier Taiwan Semiconductor: Demand For $500 Phones Dying,0
2016-03-31,"Apple iPhone SE Teardown: Qualcomm, Qorvo Lead But Skyworks Gains",1
2016-03-28,Could Intel Undercut Apple Supplier Qualcomm In iPhone 7?,-1
2016-03-22,Apple's New Pragmatism,0
2016-03-14,Chip ETFs Get Their Mojo On: Inside 4 As Apple To Reveal New iDevices,0
2016-03-04,Apple: Moving On After The Taiwan Earthquake,0
2016-03-03,At More Than ARM's Length From Apple,0
2016-02-27,Apple Moves To Shore Up iPad Line,0
2016-02-27,Apple Moves To Shore Up iPad Line,0
2016-02-22,"Apple Suppliers Cirrus Logic, Analog Devices Begin iPhone 7 Prep",0
2016-02-12,Chip Equipment Makers Eye An Era Of Waning Apple iPhone Demand,-1
2016-02-12,Could Apple Watch Become The Next Action Camera?,0
2016-01-27,Apple Earnings: Taking A Long-Term View,0
2016-01-19,Even upbeat Apple reports have a negative slant,-1
2016-01-17,Apple: TSMC Partnership A Path To Even Greater Smartphone Dominance,1
2016-01-15,Intel IoT Battles Apple-Supplier Taiwan Semiconductor,-1
2016-01-04,Mark Hibben Positions For 2016: All-In On Apple,0
2015-12-31,Apple Supplier Avago Dwarfs Hustling Qualcomm In 2015,0
2015-12-15,Apple Chip Supplier Qualcomm Bets Against Breakup,0
2015-12-11,Apple iPhone 7 Win Leapfrogs Taiwan Semiconductor,1
2015-12-11,Tsinghua Has $47B To Crush Apple Supplier Qualcomm,0
2015-12-10,The Apple/TSMC Partnership Bears Surprising Fruit - In China,1
2015-12-06,Sifting The Apple Rumors: A New 4-Inch iPhone,-1
2015-10-19,Apple: What TSMC Has Revealed About Apple's Future,0
2015-10-16,"Report: Intel working on iPhone modem solution, could land Apple foundry deal",0
2015-10-08,"Why Samsung's Earnings Guidance Is Good News For Apple, Bad News For Qualcomm",-1
2015-10-02,"Intel Could Score Apple iPhone Chip SKU, Analyst Says",0
2015-10-01,"Intel Could Score Apple iPhone Chip SKU, Analyst Says",0
2015-09-28,Waning Apple Demand To Slug Chipmaker Qorvo: Analyst,-1
2015-09-28,TSMC Set To Oust Samsung For Future Apple Chip Fabrication,0
2015-09-25,"Apple iPhone 6S Teardown: Skyworks, Avago Still In",0
2015-09-23,Can Apple Drag Struggling Chipmakers Out Of The Mud?,-1
2015-09-22,Apple Chipmakers Brace For Chill In China's Economy,-1
2015-08-25,Apple chipmaker exits solar,0
2015-08-18,Apple And TSMC: Strengthening Partnership For iPhone And Beyond,1
2015-08-13,Apple Chipmaker Skyworks Expands Japanese Operations,1
2015-07-23,Buying Apple: Consider The Scale Of The Potential Investment,0
2015-07-20,Could Apple Be An Angel Customer For AMD?,0
2015-06-29,4 Apple Chip Suppliers Try To Fight Off Losses,-1
2015-06-10,Apple Supplier Qorvo To Replace Lorillard In S&P 500,0
2015-05-13,Report: TSMC to produce Apple's SSD controller chips,0
2015-05-08,Apple Chip Suppliers Lead Stocks Setting Up Buy Points,1
2015-05-07,"Chipmaker Qorvo Gaps Up Thanks To Apple, Samsung",0
2015-05-05,Apple Vs. Samsung: This Hot Stock Wins Either Way,1
2015-04-30,Apple: Does Samsung's Smartphone Market Share Gain Matter?,1
2015-04-24,Apple iPad Powered By Intel - The Future,0
2015-04-17,Apple's Samsung Problem,-1
2015-04-16,Samsung And Apple - From Enemies To Friends,0
2015-04-16,"Apple Collaborates with Rival Samsung for Screen, Chip - Analyst Blog",0
2015-04-08,These Apple Suppliers May Be A 'Buying Opportunity',1
2015-03-27,Reported Apple Chip Deal Could Give Upside To Taiwan Semiconductor,1
2015-03-09,Stocks Gain In Slow Trading Ahead Of Apple News,1
2015-02-12,Apple Investors Watching For Next Big Thing,0
2015-01-28,"Apple Analyst Ming-Chi Kuo, We're Not Worthy",0
2015-01-27,Apple Is Hot But These 4 iPhone Suppliers Are Hotter,-1
2015-01-15,"Apple: ARM-Based Macs Are Not Only Feasible, They May Be Inevitable",0
2014-11-28,"Apple, China Seen Driving Taiwan Semiconductor Sales",1
2014-11-19,Meet 4 Apple iPhone Chip Suppliers Among Top Big Caps,0
2014-07-03,Has InvenSense Landed a Spot in Apple?,0
2014-06-02,"Apple Gets Beats, Intel Eyes China - Analyst Blog",0
2014-02-11,Apple might take fewer risks with iPhone 6 to ensure big supply,-1
2013-11-18,Apple likely to raise smartphone pricing with iPhone 6,1
2013-08-12,Apple up on news it's finally ready to show next iPhone,0
2013-02-03,A Surprising Winner in the Apple-Samsung Fight,1
2013-01-30,"Taiwan Semi Gets Boost From Mobile, Likely Apple Deal",1
2013-01-24,"Futures A Wide Mix On Earnings; Apple Crumbles, Netflix Streams",0
2013-01-02,Apple Reportedly to Hand Over Chip Reins to Taiwan Semi,0
2013-01-02,Apple Reportedly to Hand Over Chip Reigns to Taiwan Semi,0
2012-12-14,Apple may expand in Taiwan,0
2012-12-14,"Apple Seen Lifting, Punishing Taiwan Tech Stocks",-1
2012-12-12,"A Plethora Of Apple News, Yahoo Strikes Gold And Netflix Gets A Call From The SEC (AAPL, YHOO, NFLX, TSM, XLK)",0
2012-12-11,"Apple Has Another Good Sign, Taiwan Tech Looks Strong",1
2012-03-12,"InvenSense Wins Android MEMS Business, But Not Apple",1
2010-12-16,Insider Trading Probe: Apple Info Divulged,0
2020-05-04,"Appleton Partners Inc Buys Danaher Corp, Brookfield Asset Management Inc, Americold Realty ...",0
2019-09-04,"Dow Jones Today: Futures, Apple Rise; Coupa Software, Wynn Resorts Spike",0
2019-07-19,"Focused Wealth Management, Inc Buys PIMCO Enhanced Short Maturity Active Exchange-Trad, Apple ...",0
2019-04-28,"Eyes On Apple, Uber, F8 And Avengers (Stocks To Watch Podcast)",0
2019-04-27,"Stocks To Watch: Eyes On Apple, Uber, F8 And Avengers",0
2019-04-27,"Stocks To Watch: Eyes On Apple, Uber, F8 And Avengers",0
2018-01-19,"Wealth Enhancement Advisory Services, Llc Buys Apple Inc, SunTrust Banks Inc, Amazon. ...",0
2017-07-25,Dr Pepper Snapple (DPS) Q2 Earnings: A Beat in the Cards?,1
2017-05-08,"Nasdaq, S&P 500 Fight To Positive Finish; Apple Seizes New High",1
2017-05-08,Stocks Extend Losses But Apple Powers Ahead To Fresh High,1
2016-11-19,"Black Friday, Apple, Sina, Weibo In Focus For Investing Action Plan",0
2016-10-18,"Verizon Q3 Earnings Drop Expected: Apple, Yahoo Updates On Tap",0
2016-02-08,"Facebook, Tesla Lead Market Sell-Off; Apple Stages Upside Reversal",1
2015-07-14,Hormel Foods Closes $775M Applegate Buyout Deal - Analyst Blog,0
2015-05-27,Hormel Foods Acquires Applegate to Drive Inorganic Growth - Analyst Blog,0
2015-02-06,WSJ: Applegate Farms puts itself on the block,0
2014-11-13,Stock Movers: Apple Among 4 Big Caps Up In Big Volume,1
2016-07-09,"Investing Action Plan: Bank Earnings, Apple, Amazon Prime Day, Facebook, Line IPO",0
2015-09-18,"Tesoro, Fred's, Tesla Motors, Starbucks and Apple highlighted as Zacks Bull and Bear of the Day",0
2015-08-10,"Stocks End With Solid Gains; Apple, Caterpillar Pump Up The Dow",1
2012-08-13,"Stocks Drop In Lower Volume, But Apple Advances",1
2011-11-02,'Fast Money' Recap: Apple Dividend Coming?,1
2018-06-02,"Stocks To Watch: Eyes On Apple's WWDC, SCOTUS And D.C.",0
2018-03-24,Stocks To Watch: Back To School For Apple,0
2016-12-30,Top 10 Trends To Watch For 2017: From Trump To Apple's iPhone 8,0
2015-06-09,"MasterCard, Total System Services Associate with Apple Pay - Analyst Blog",0
2014-09-16,Total System Allies with iMobile3 to Support Apple Pay - Analyst Blog,0
2016-12-08,Stocks Up Amid Economic News; Apple Nears Key Support Line,1
2019-04-28,"Eyes On Apple, Uber, F8 And Avengers (Stocks To Watch Podcast)",0
2019-04-27,"Stocks To Watch: Eyes On Apple, Uber, F8 And Avengers",0
2019-04-26,"Apple, IBM, Costco among those expected to raise payouts next week",0
2018-08-02,Apple Helps the NASDAQ Stay in the Green,1
2019-09-08,"Apple, IPOs And German Auto (Stocks To Watch Podcast)",0
2019-09-07,"Stocks To Watch: Apple, IPOs And German Auto",0
2019-01-07,"Apple: Regrets, I Had A Few, And Did It My Way",0
2016-11-15,Facebook's Fake News; Apple Glasses?; Tesla-Killer?; Snap IPO - Eye On Tech,0
2016-09-21,"Twitter, Facebook To Stream Debates; Apple's Car?; BlackBerry New Phone - Eye On Tech",0
2015-08-11,"Stock Indexes Dig Deeper Hole; China News Hurts Apple, Car Stocks",-1
2015-02-14,Apple aftershocks: Maybe it's Toyota that should be worried?,-1
2014-05-19,"Apple, Skechers Are 'It' Brands With Bolting RS Lines",0
2014-02-18,Tesla Hits High Before Q4 Earnings After Apple Report,-1
2013-01-23,Stocks Mixed As Volume Rises; Apple Up Ahead Of Earnings,1
2013-01-16,"Stocks Open Quietly Mixed; Apple Rebounds, Boeing Gaps Down",1
2013-01-16,"Stocks Open Quietly Mixed; Apple Rebounds, Boeing Gaps Down",1
2016-10-17,"Netflix Crushes Earnings, Apple's Car Problems?; Tesla's New Partner - Eye On Tech",1
2016-08-09,Apple Pressuring iPhone Component Suppliers For Price Cuts,-1
2018-10-07,When Do You Harvest Apple Shares? In The Fall Of Course.,0
2015-09-25,"Google Skips Ads, Apple Allows Ad-Blocks, AOL Polls",0
2015-06-12,Ad-techs settle down from Apple content-blocking OS news,-1
2017-02-01,"Apple, Jobs Data Bump Stocks Higher At The Open",1
2016-01-27,"Apple's Slower Sales, Oil Weakness, Fed Uncertainty Keep Street Defensive",-1
2013-04-23,"Indexes End Near Highs Ahead Of Earnings from Apple, Cree",0
2018-05-02,"Market Volatility Bulletin: Apple Gives Stocks A Lift, While Vol Holds Tight",1
2015-08-25,Apple CEO Assures Solid China Sales: Upsetting the SEC?,1
2019-09-15,"Houthis Cut Saudi Oil Supply, Who Wins? Hint: Not E&P Oil Names. Fintech Firesale, And Goldman Spoils Apple",0
2019-04-28,"Eyes On Apple, Uber, F8 And Avengers (Stocks To Watch Podcast)",0
2019-04-27,"Stocks To Watch: Eyes On Apple, Uber, F8 And Avengers",0
2019-04-27,"Stocks To Watch: Eyes On Apple, Uber, F8 And Avengers",0
2016-05-18,"Why Apple, Google, Amazon And Facebook Should Fear Hedge Funds In A Time Of Disquiet",0
2016-05-16,"Warren Buffett Buys Apple, One Of Two Things Buffett Is Doing That He Doesn't Do",0
2016-05-13,"Nvidia, Apple Supplier Skyworks, Pfizer, Comcast Lead Insider Trades",0
2016-05-13,Apple Challenges Uber For The Future Of Driving,-1
2016-04-29,The Week In Review: Is Apple Still A Growth Enterprise? Is America?,0
2016-03-23,"How Apple, Comcast, Google, Amazon Have Skin In FCC Set-Top Game",0
2016-03-22,Will Apple Get Imagination?,0
2015-12-22,"With Apple Out Of Picture, Comcast Top Pick In 2016",1
2015-12-04,"Apple TV, Roku Usage Could Retire Set-Top Boxes",0
2015-07-14,Apple Risk Not Cable TV Stock Killer: Analyst,0
2015-05-12,Apple TV Ad Technology Seen Boosting Network Revenue,1
2015-04-28,Wall Street Breakfast: Apple Posts Another Record Quarter,1
2015-03-20,Tech Rewind: Apple TV Talk Weighs on Cable,-1
2015-03-09,HBO-Apple deal a year in the making; cable partners still a challenge,-1
2014-12-29,"Google Seen Paying Dividend, Like Apple",0
2014-09-10,"Apple iPhone 6 Bridges 4G, Wi-Fi Calling In Surprise",1
2014-07-18,"Apple, IBM Enterprise Pact Faces Huge Challenges",-1
2014-07-17,"Video: Apple Unlikely To Pursue Time Warner, Content",-1
2014-03-24,"Apple, Comcast Set-Top Report Sends Arris Stock Down",-1
2014-03-24,"Comcast, Apple in Talks to Enhance Services - Analyst Blog",0
2014-03-07,"Apple, Google Eyed In Media-Content Consolidation",0
2013-10-25,"Week Ahead: FOMC Meeting, Apple and Facebook Earnings",0
2013-10-04,Apple's Siri points to Christina Aguilera as her voice,0
2013-08-02,Apple makes a big fat target for comedians,0
2013-07-03,Designed-in-USA Apple hires French fashion executive,0
2013-07-03,Apple Nearing TV Deal With Time Warner Cable,0
2013-06-20,Apple/Google/Intel TV Plans Thwarted: Who Wins?,0
2012-11-29,Sports Programming Will Not Be Part of Apple TV,0
2012-10-02,"ADT: a 'Safe' Housing Bet, With a Hint of Apple's iPhone, Buffett",1
2012-08-30,"Bull Vs. Bear - Apple's New Products Will Bring It To $1,000 Per Share (AAPL, CHL, MSFT, TWC)",0
2012-08-16,Report: Apple Wants to Sell TV Boxes to Cable Customers,0
2012-08-16,"Apple TV Following in the iPhone's Footsteps? Not So Fast. (TWC, TIVO, NFLX, AAPL)",0
2017-02-14,"Diker Management Llc Buys Sothebys, HubSpot, Zendesk, Sells Apple, Rosetta Stone, Dollar Tree",0
2018-09-08,"Stocks To Watch: Apple Event, Chinese Auto IPO To Headline",0
2018-07-28,"Stocks To Watch: Apple, Harley And Tesla On The Marquee",0
2018-06-19,Apple Joins the Content-Creation Crowd,0
2018-05-23,"Equitec Proprietary Markets, Llc Buys Dr Pepper Snapple Group Inc, Verizon Communications Inc, ...",0
2018-05-04,"Jobs Report Coming Out, Berkshire's Apple Stake Going Up (Wall Street Breakfast Podcast)",0
2018-03-24,Stocks To Watch: Back To School For Apple,0
2018-03-13,Road To Financial Independence: My February 88-Stock Portfolio Review With Big Apple Purchase,0
2018-01-09,Apple iPhones Give Me the Feelies,0
2017-12-15,"My Journey To Financial Independence: 86-Stock November Portfolio Update - Buying Apple, AbbVie And BMW",0
2017-11-14,"Quinn Opportunity Partners LLC Buys Time Warner Inc, Apple Inc, T-Mobile US Inc, Sells Whole ...",0
2017-11-09,"Mitsubishi UFJ Securities International PLC Buys Apple Inc, General Motors Co, Time Warner Inc, ...",0
2017-09-28,Roku Shares Surge Over 40% in IPO: Should Apple and Amazon Be Worried?,1
2017-08-18,Movie Studios Considering Rental Plan with Apple & Comcast,0
2017-08-16,Apple Plans to Spend $1 Billion on Original TV Programming,0
2017-06-12,"David Einhorn Sells Apple, Time Warner, FMC",0
2017-02-15,"Warren Buffett Reveals New Picks - Apple, Airlines, And Arb",0
2017-02-06,"Toronto Dominion Bank Buys Fortis, Time Warner, Apple, Sells Teck Resources, Magna ...",0
2017-01-26,Apple Should Buy Disney: Creating A Trillion-Dollar Mousetrap,1
2017-01-24,Apple Making America Great Again?,1
2017-01-17,AT&T Streaming Foray Hits Snag; Did Apple Avoid Black Eye?,-1
2017-01-12,Apple In Talks To Bulk Up Apple Music With Original Video,0
2017-01-06,"Puplava Financial Services, Inc. Buys Time Warner Inc, NXP Semiconductors NV, Apple Inc, Sells ...",0
2017-01-05,Apple App Store Subscription Billings Jump Amid Fee Cut,1
2016-12-30,Top 10 Trends To Watch For 2017: From Trump To Apple's iPhone 8,0
2016-12-29,"Stocks Mixed; Nvidia Keeps Falling; Apple Trounces Samsung, Google",-1
2016-12-07,"AT&T, Time Warner Combo Needed Vs. Apple, Facebook, Says Cuban",0
2016-12-02,"Tech Wreck, YouTube's 4K, Apple's Drone Maps, Fitbit Buys Pebble? -- Eye On Tech",0
2016-11-25,AT&T Video Launch Might Feature Apple TV But Not CBS,0
2016-11-10,"John Malone Talks Up Apple Buy Of Disney, Likes AT&T Strategy",0
2016-11-02,Does Time Warner Need Apple Or Does Goldman? - A Rangeley Capital Discussion,0
2016-11-01,"Stocks Drop As Fed Meeting Starts; Apple, Pfizer Biggest Losers On Dow",-1
2016-11-01,"Watch Facebook, Alibaba, Apple, Fed: Wednesday Investing Action Plan",0
2016-10-31,Apple To Bid On Time Warner?; Tesla's Solar Roof Unveiled; M&A Train Rolls - Eye On Tech,0
2016-10-31,Apple Encouraged To Bid For Time Warner As TV Strategy Falters,1
2016-10-31,Will Apple Take The Bite?,0
2016-10-31,Goldman pushes Apple for Time Warner bid,0
2016-10-26,AT&T Deal Could Boost This Top Apple Supplier,1
2016-10-25,Wall Street Breakfast: Apple Earnings Take Center Stage,0
2016-08-05,Apple Changing Its Strategy For TV: Report,-1
2016-06-10,"The New Digital Conglomerates: Google, Facebook, Amazon … And Apple?",0
2016-06-10,"Week In Review: Yellen Hits Brakes, Apple App-nomics, Tesla Safety Fears",0
2016-06-09,"Apple Better Off Buying Time Warner, Netflix Than Tesla: Mizuho",1
2016-06-08,"Apple Store App Revenue Shift May Be Good For Netflix, Pandora, HBO",1
2016-05-27,"Eye On Tech: Apple M&A Speculation Grows, And Google Triumphs Against Oracle",0
2016-05-27,Apple Is Not Buying Time Warner - Cramer's Lightning Round (5/26/16),0
2016-05-26,Where Would An Apple-Time Warner Deal Leave Hulu?,0
2016-05-26,"Will Apple, Disney Buzz Fuel Netflix Stock Past Critical Level?",0
2016-05-26,"Will Apple, Disney Buzz Fuel Netflix Stock Past Critical Level?",0
2016-05-26,Apple's Next Moves? Hints From M&A Talks,0
2016-05-26,"Apple M&A Options: Look At Time Warner, Netflix, Disney Market Caps",0
2016-05-26,FT: Apple exec proposed Time Warner bid; Netflix +3.7% on link,0
2016-04-06,Here's How Apple Could Up Its TV Game With Skinny Bundle On Hold,0
2016-03-28,"David Einhorn's Top 3 Positions Include Apple, General Motors and Time Warner",0
2016-03-23,"Apple Gains In Morgan Stanley Online Video Survey, Netflix Tops",1
2016-02-18,"Don't Expect Stand-Alone ESPN; Skipper Coy About Apple, Amazon",0
2016-01-17,"GoPro, Apple And Time-Warner, PC Market (Podcast)",0
2016-01-14,Dish Web TV May Hit 2 Million Mark As Apple Stands By,0
2016-01-13,Apple M&A speculation continues with Time Warner chatter,0
2016-01-13,"If Time Warner's Selling, Who's Buying? AT&T? Apple?",0
2016-01-08,Apple Reads Your Mind,0
2015-11-30,"Apple TV service has odds stacked against it, UBS says",0
2015-11-05,Did Media Moguls Hint At Apple TV In Earnings Calls?,0
2015-11-05,Did Media Moguls Hint At Apple TV In Earnings Calls?,0
2015-10-16,"Comcast, Maybe Apple, Aim To Get Skinny TV Right",0
2015-10-09,Netflix: 10 billion reasons for price hike before Apple entry,0
2015-09-21,"Cord-cutting trend a boon for Netflix, Apple, Akamai",-1
2015-09-15,Fitbit A Buy Despite Apple Threat; Time Warner PT Cut,1
2015-09-14,Why Apple May Be A Good And Bad Stock For Rate Hike,1
2018-06-02,"Stocks To Watch: Eyes On Apple's WWDC, SCOTUS And D.C.",0
2017-02-01,Apple Shows It Is Still About Earnings - Cramer's Mad Money (1/31/17),0
2017-01-04,Apple Should Buy Sirius XM - Cramer's Lightning Round (1/3/17),0
2020-05-04,"Payden & Rygel Buys International Business Machines Corp, Apple Inc, Comcast Corp, Sells ...",0
2019-12-03,"Charts I'd Worry About Near Term With China: Apple, Semis (And SMH)",-1
2019-11-04,Swapping Apple For Apple - October Dividend Portfolio Update,0
2019-10-28,Big Week With The FOMC And Apple - Various And Sundry Topics,0
2019-10-22,Do You Own These Three Top Tech Stocks (And It's Not Just Apple)?,0
2019-10-04,Dow Jones Rally Led By Apple Stock; Are Chip Stocks Ready To Lead The Stock Market Higher?,1
2019-06-13,Apple And The New Chip Paradigm With Mark Hibben (Podcast),0
2019-01-17,"Chips, Apple suppliers slip on TSMC guidance",-1
2019-01-16,"Semis, Apple suppliers face tough reports - KeyBanc",-1
2019-01-15,"Dialog Has Managed The Apple Situation Well, But Considerable Uncertainty Remains For What's Next",-1
2019-01-08,John And Jane's Taxable Account Dividend Increases And Income Tracker - The Apple Effect,0
2019-01-07,"Apple: Regrets, I Had A Few, And Did It My Way",0
2019-01-04,Apple Selloff Offers A Broadcom Opportunity,1
2018-12-04,"Apple suppliers, chips drop on Cirrus cut",0
2018-11-13,Apple suppliers recover despite Qorvo guide cut,1
2018-11-12,"Apple suppliers drop on Lumentum guide, iPhone target cuts",-1
2018-11-09,"Wilkins Investment Counsel Inc Buys LogMeIn Inc, Texas Instruments Inc, Apple Inc",0
2018-10-29,"Bell Asset Management Ltd Buys The Hershey Co, Avery Dennison Corp, Raytheon Co, Sells Apple ...",0
2018-10-28,Apple Looks To Recharge Tech Sector (Stocks To Watch Podcast),0
2018-10-27,Apple Looks To Recharge Tech Sector,0
2018-08-18,Homemade Apple Dividends Are 100 Times Bigger Than The 'Real' Dividends,1
2018-06-05,"Apple Unveils New iOS, Mac OS and Watch OS Versions at WWDC",0
2018-05-17,Why Institutional Investors Are Dumping Apple (AAPL) Stock?,-1
2018-04-23,"Whitener Capital Management, Inc. Buys Apple Inc, Walmart Inc, Exxon Mobil Corp, Sells Express ...",0
2018-03-13,Road To Financial Independence: My February 88-Stock Portfolio Review With Big Apple Purchase,0
2018-01-23,"Apple Lagging As OLED Breakouts Fail, iPhone Chips Struggle: S&P 500 Futures",-1
2017-12-15,"My Journey To Financial Independence: 86-Stock November Portfolio Update - Buying Apple, AbbVie And BMW",0
2017-09-17,Two Apple Chip Stocks Just Broke Out; These 3 Are Near Buys; S&P 500 Futures,0
2017-09-10,Five Hot Apple Chip Stocks To Watch Before The Big iPhone Reveal,0
2017-08-09,S&P 500 Futures: These 3 Apple iPhone Chip Stocks Are Near Buys,0
2017-07-31,Apple Earnings Due: These 4 iPhone Chip Plays Are Near Buys,0
2017-07-26,Boeing Takes Dow To New Heights; Apple Supplier Breaks Out As Chips Lead,0
2017-07-25,2 Positives As Apple Nears Buy Point; Facebook Earnings On Tap,1
2017-07-05,Futures: These 5 Apple iPhone Suppliers Are Still Ailing,-1
2017-05-25,Stocks Steady At Highs: These 3 Apple Chip Plays Are Near Buys,1
2017-03-17,"Taiwan Q1 Quant Forecasts: Potential Impact For Apple, Nike, And Other Supply Chains",0
2017-03-03,Apple iPhone 8 To Feature 'Lightning'-Fast Charging,1
2017-01-15,"Apple, Google, Netflix Are In Buy Range; Amazon, Facebook Near Breakouts",0
2016-12-29,"Stocks Mixed; Nvidia Keeps Falling; Apple Trounces Samsung, Google",-1
2016-12-23,"Apple, Broadcom, Nvidia Among RBC's Top Stock Picks For 2017",1
2016-11-20,"Apple, Palo Alto, Applied Materials Near Buy Points: Stocks To Watch",1
2016-11-19,"Black Friday, Apple, Sina, Weibo In Focus For Investing Action Plan",0
2016-09-16,Intel Inside iPhone 7; Chipmaker Wins Apple Business,1
2016-08-26,These Three Chipmakers Will Survive Apple's Rumored 15%-20% iPhone 7 Order Cut,-1
2016-08-24,"Bendgate Repeated? Apple iPhone 6 Suffers 'Touch Disease,' Says iFixit",-1
2016-08-09,Apple Pressuring iPhone Component Suppliers For Price Cuts,-1
2016-07-28,These 6 Big-Name Apple Chip Suppliers Are Also Making Notable Moves,1
2016-07-28,Cirrus Logic Rockets To 21-Year High On Estimated 40% Apple iPhone 7 Gain,1
2016-07-27,"Apple Chip Supplier NXP Earnings Fall, But Top Views",-1
2016-07-27,Analog Devices' Linear Deal Cuts Apple Exposure; Could Spur M&A Fever,1
2016-07-27,"Broadcom, Qualcomm, Skyworks Laze On Modest Apple iPhone 7 Views",0
2016-07-26,Texas Instruments Shrugs Off Apple Weakness To Nab 16-Year High,1
2016-07-18,"Apple Suppliers Intel, Broadcom, Qualcomm ARM Up With 'Hoard Of Cash'",0
2016-07-15,"Apple's iPhone 7, 'Less Bad' PC Sales Might Top Chips' Brexit Pain",-1
2016-07-05,"Apple iPhone 7 Shipments Could Disappoint; Skyworks, Cirrus Logic Dive",-1
2016-07-01,Intel's Apple iPhone 7 Win Could Buoy Qorvo To Skyworks' Detriment,1
2016-07-01,"Apple Suppliers, SolarCity Downgraded; Netflix Is A Buy",1
2016-07-01,"Silicon Rival Stalks Apple, Google, Tesla-Facing Chip Markets",0
2016-06-16,Apple Likely Moving iPhone To A One Year Redesign Cycle,0
2016-06-02,"Apple Supplier Broadcom Outplays iPhone Freeze, Rockets On Q2 Beat",1
2016-06-02,Applied Materials' OLED Push Could Wrangle 100 Million Apple iPhones,1
2016-05-28,Apple Chipmakers As iPhone Slows: Will Tesla CEO Musk Save Them?,-1
2016-05-12,"Apple Falls Anew Amid iPhone 7 Worries, Chip Stocks Follow",-1
2016-05-06,Huawei P9 Imitates Apple: 'New Dog With Old iPhone Tricks',0
2016-04-28,Texas Instruments Beats Q1 Views Despite Apple iPhone 'Shortfall',1
2016-04-27,"Cirrus Logic Beats, But Apple iPhone Slump Dings Skyworks, Qorvo",1
2016-04-27,Chip Funds Defy Apple-Led Tech Sell-Off; Facebook Jumps After Hours,-1
2016-04-25,Apple Supplier NXP Semiconductors Earnings Top Ahead Of Apple Report,0
2016-04-25,"Apple Retina MacBook 2016: Intel, Broadcom Inside; NXP Loses?",-1
2016-04-21,Amazon Tap Casts Apple Suppliers; Texas Instruments Leads Echo Dot,0
2016-04-19,Apple Suppliers Downgraded On 'Modestly Lower' iPhone Demand,-1
2016-04-01,Low-Cost iPhone SE Could Dent Apple's Profit Margins,-1
2016-03-31,"Apple iPhone SE Teardown: Qualcomm, Qorvo Lead But Skyworks Gains",1
2016-03-31,Will Apple Supplier Skyworks Kick Off 2016 Chip M&A With Maxim Buy?,0
2016-03-18,Apple's New Smaller iPhone May Be Nothing To Text Home About,0
2016-02-01,"Through M&A, China Is After The Smartphone / Apple Supply Chain",0
2016-01-15,Intel IoT Battles Apple-Supplier Taiwan Semiconductor,-1
2016-01-12,Apple suppliers' estimates cut,-1
2016-01-12,"Tech A 'Victim,' Apple Still A Buy, Says BMO Capital",0
2016-01-12,"Apple iPhone Hit Bruises Avago, Texas Instruments",-1
2016-01-12,"Apple, Intel Upgraded To Buy; Amazon PT Hiked",1
2015-12-11,Tsinghua Has $47B To Crush Apple Supplier Qualcomm,0
2015-10-10,"Texas Instruments: Differentiation, Apple Content Concentration And Cost Savings",1
2015-09-25,"Apple iPhone 6S Teardown: Skyworks, Avago Still In",0
2015-09-16,Dave Aldrich Adds Bite To Apple Supplier Skyworks,0
2015-08-10,"Stocks Open Up In Mixed Trade; Apple, Boeing, CyberArk Climb",0
2015-07-22,Chip stocks down sharply following Apple/ARM/Linear's Q2 reports,-1
2015-05-04,Apple Supplier Skyworks Leads 4 Basing Chip Stocks,0
2015-05-01,9 chip stocks riding on Apple Watch,0
2015-04-28,Apple Suppliers Gain Focus Post-Apple's Solid Q2 Earnings - Analyst Blog,1
2015-03-25,Apple A Kingmaker In MEMS Market,0
2015-01-23,Apple Watch to supercharge use of wireless charging,0
2015-01-02,Chipmaker Avago Reaps Rewards From China And Apple,1
2014-12-26,Apple Stock Short Interest Falls 30% In December,0
2014-10-20,"Apple Beats on Earnings & Sales, Guides Strongly - Analyst Blog",1
2014-10-17,Apple Leads the Charge as Earnings Season Heats Up,0
2014-09-19,Apple iPhone 6 Plus Teardown: 5 Key Suppliers Inside,0
2014-06-02,"Apple Software Updates Focus On Health, Home Control",0
2014-04-23,"Apple, Google Could Face Challenges In Car Apps",-1
2014-02-14,"Apple, Samsung Face Slowing Smartphone Sales",-1
2018-09-06,"Apple, Amazon Weigh On Stock Market, But These 3 Break Out To Highs",-1
2016-05-02,"After Hours: Sturm Ruger, Texas Roadhouse, Apple Supplier IDT",0
2019-08-14,"CAMG Solamere Management, LLC Buys Apple Inc, Textron Inc, Cardinal Health Inc, Sells Marathon ...",0
2018-07-28,"Stocks To Watch: Apple, Harley And Tesla On The Marquee",0
2017-03-06,Apple Chip Deal?,0
2017-01-25,"Amazon, Apple, And Netflix Versus Liberty",0
2010-07-21,Stock Futures Rise on Apple's Earnings Beat,1
2016-06-02,Apple Challenging Tesla,-1
2020-05-01,"General American Investors Co Inc Buys Berkshire Hathaway Inc, Scorpio Tankers Inc, Apple Inc, ...",0
2017-05-22,"Buffett-Endorsed Trader Lou Simpson Buys Shares of Apple, SBA Communications",0
2017-02-14,"Lou Simpson Buys Apple, Cable One, Tyler Technologies, Sells Wells Fargo, Charles Schwab, AMETEK",0
2015-09-14,"Stocks Quietly Lower As Apple Tops Dow, Tyler Tech Breaks Out",1
2019-10-28,"Earnings Week Trade Ideas: Apple, Facebook, Starbucks, And Our Views On The FOMC",0
2019-10-28,"Earnings Bonanza: Beyond Meat And Alphabet Get Ball Today; Apple, Facebook Lined Up",0
2019-10-28,Big Week With The FOMC And Apple - Various And Sundry Topics,0
2019-08-05,Tariffs And Apple,0
2013-01-24,Stocks Close Mixed; Apple Puts Dent in Nasdaq,0
2016-08-21,"My Portfolio Update And Review Of 83 Stocks: Up 2 With Reynolds And Exelon, Down 1 With Apple",0
2018-12-12,Can Apple Survive a Prolonged U.S.-China Trade War?,-1
2017-01-25,"Amazon, Apple, And Netflix Versus Liberty",0
2016-09-07,Wall Street Breakfast: Apple Event On Deck,0
2016-12-12,Apple Supplier In Sale Talks,0
2020-02-10,"Evergreen Advisors, LLC Buys iShares Core U.S. Aggregate Bond ETF, Apple Inc, Schwab U.S. ...",0
2018-07-28,"Stocks To Watch: Apple, Harley And Tesla On The Marquee",0
2017-04-11,"Stocks Pare Losses As Apple Suppliers Sink, But Homebuilders Rally",-1
2018-06-08,"Tech sector under pressure from Apple suppliers, semi equipment stocks",-1
2015-07-22,"Apple Supplier, 4 Other Tech Stocks Abuzz After Hours",0
2015-05-26,History Tells Us That This Apple Doesn't Fall Far From The Tree,0
2020-04-27,"Cubic Asset Management, LLC Buys Amazon.com Inc, MetLife Inc, Lowe's Inc, Sells Apple Inc, ...",0
2015-03-02,Samsung Unveils Galaxy S6 to Challenge Apple's iPhone 6 - Analyst Blog,-1
2019-04-14,"Spotlight On Earnings, Pinterest And Apple-Qualcomm (Stocks To Watch Podcast)",0
2019-04-13,"Stocks To Watch: Spotlight On Earnings, Pinterest And Apple-Qualcomm",0
2018-09-05,"Hrt Financial Llc Buys Facebook Inc, Apple Inc, Alphabet Inc, Sells SPDR Select Sector Fund - ...",0
2018-07-13,Energy Recap: Apple Launches Clean Energy Fund In China,0
2018-04-13,Energy Recap: Apple Comes Clean?,1
2019-10-11,"Gemmer Asset Management LLC Buys Visa Inc, Mastercard Inc, Apple Inc, Sells Salesforce. ...",0
2019-04-28,"Eyes On Apple, Uber, F8 And Avengers (Stocks To Watch Podcast)",0
2019-04-27,"Stocks To Watch: Eyes On Apple, Uber, F8 And Avengers",0
2019-04-27,"Stocks To Watch: Eyes On Apple, Uber, F8 And Avengers",0
2019-04-26,"Apple, IBM, Costco among those expected to raise payouts next week",0
2019-04-01,"Double-Digit Increases From Apple, Costco, Xilinx Among 14 Dividend Increases From Companies In April",1
2018-02-28,Gold: Potential New Dollar Cycle Could Upset The Apple Tart,1
2020-05-05,"Legacy Capital Partners, Inc. Buys Apple Inc, Colgate-Palmolive Co, Albemarle Corp, Sells ...",0
2019-09-11,"Top Stock Reports for Apple, Exxon Mobil & AT&T",0
2017-01-12,Wall Street Breakfast: Apple Sets Its Sights On Hollywood,0
2015-09-14,"Stocks Quietly Lower As Apple Tops Dow, Tyler Tech Breaks Out",1
2015-02-05,Major hospitals evaluating Apple's HealthKit service,0
2019-06-02,"Apple's WWDC, DuPont's Return And Tariff Anxiety (Stocks To Watch Podcast)",0
2019-06-01,"Stocks To Watch: Apple's WWDC, DuPont's Return And Tariff Anxiety",0
2018-06-02,"Stocks To Watch: Eyes On Apple's WWDC, SCOTUS And D.C.",0
2020-01-29,Bitcoin Jumps Near Three-month High While Apple Delivers Record Earnings,1
2019-04-14,"Spotlight On Earnings, Pinterest And Apple-Qualcomm (Stocks To Watch Podcast)",0
2019-04-13,"Stocks To Watch: Spotlight On Earnings, Pinterest And Apple-Qualcomm",0
2020-02-19,"David Rolfe's Firm Cuts Apple, Visa",0
2019-08-29,"Dow Jones Futures: Stock Market Rally Nears Key Test; Apple, Microsoft, Ulta Beauty, Workday, Ambarella In Focus",0
2019-07-12,"HMS Capital Management, LLC Buys Ulta Beauty Inc, Incyte Corp, IAC/InterActiveCorp, Sells Apple ...",0
2018-12-10,"Dow, S&P 500 Undercut Stock Market Correction Lows As Apple Keeps Falling",-1
2018-12-06,"Dow Jones Futures: Lululemon, Ulta Beauty, Apple Supplier Broadcom Lead Notable Earnings Movers Late",1
2018-11-19,Tech Stocks Lower As Apple Cuts iPhone Production; Tesla Breaks Out,-1
2018-11-19,Stock Futures Mixed As Apple Reportedly Slashes iPhone Production,-1
2018-11-06,"Dow Jones Rallies In Stock Market Today As IBM, Apple Score Gains",1
2018-11-05,"Apple Down, Fights To Keep This Key Level As These Sectors Attract Wall Street Money",0
2018-11-01,Stocks Battle To Stay Up With Apple Earnings Due; This Hot IPO Stock Collapses,-1
2018-03-19,"Markets Start Week Slowly, Apple Looks At Screens, Twitter And Mastercard Eye Crypto Cautiously (Wall Street Breakfast Podcast)",0
2018-01-19,Jan. –9 Forum Update: 'Apple and DCF' Edition,0
2018-01-19,"Wealth Enhancement Advisory Services, Llc Buys Apple Inc, SunTrust Banks Inc, Amazon. ...",0
2017-12-01,Stocks Down On Flynn Plea; Apple Fine; Sell These 2 Retail Stocks?,0
2017-07-25,J. C. Penney Deploys Apple Pay for Rich Customer Experience,0
2017-07-06,"Nasdaq Leads Sell-Off, Apple Slumps; Time To Nail Profits In These 4 Leaders?",-1
2017-05-03,Apple Q2 Earnings Send Stocks Lower; Fed Rate Decision Looms,-1
2017-03-13,Stocks Mixed; Can These 3 IBD 50 Names Keep Up With Apple?,0
2017-03-10,Stocks Up; Apple Shines; Which Specialty Retailers May Lead The Bulls?,1
2017-03-09,Stocks Hold Modest Gains As Oil Slips; Will Apple's iPhone 8 Be Delayed?,-1
2017-02-26,"Why It May Be Time To Sell Apple, Tesla; Starbucks Nears Buy Point",0
2017-02-16,"Alkeon Capital Management Llc Buys Exxon Mobil, PayPal Holdings, Northrop Grumman, Sells Apple, ...",0
2016-12-16,"Stocks Down, But Apple Firm, Ulta Up; Is Nvidia's Uptrend Too Hot?",-1
2016-12-01,Nasdaq Slumps On Chip Weakness; Apple Lags On IPhone 7 Concerns,-1
2016-11-27,"Apple, Amazon, Best Buy, Ulta Beauty: Stocks To Watch As Holidays Kick Off",0
2016-09-16,Apple Price Targets Hiked; Amazon Worth 1000?; GoPro Is A Buy,1
2016-09-15,Stocks Rise As Apple Powers Ahead Again,1
2016-09-03,"Apple, Facebook CEOs, Berkshire Hathaway Lead Insider Trades",0
2016-08-30,"Apple, Boeing, Nike Biggest Dow Losers As Stocks Remain Stuck In Red",-1
2016-08-24,"Apple, Ulta, Medtronic, Dollar Stores Lead Thursday's Action Plan",0
2016-07-12,Apple Chipmaker Downgraded; Oracle Upgraded; Seagate Gets Target Hikes,-1
2016-05-27,Week In Review: Apple-Led Stocks Rise Above Fed; Autos Hitch Ride; Oil Hits $50,1
2015-12-04,"Stocks Cap Week With Giant Gains As Apple, Microsoft Lead The Dow",1
2015-12-04,Stock Indexes Jump; Samsung To Pay Apple $548 Million,0
2015-09-10,"Stocks Extend Gains As Apple, Palo Alto Make Big Moves",1
2015-03-09,Blue Chips Outperform In Quiet Trade; Apple Gives Back Gains,1
2015-03-03,"Top Funds Buying Rackspace, Allergan, Biogen Idec, Apple",0
2015-02-19,5 Stocks That Crushed Apple - Investment Ideas,1
2014-12-02,"Apple, Facebook: Jason Weiner Of Fidelity's View",0
2014-09-25,Apple Fuels Tech Sell-Off; Valeant Bucks The Trend,1
2013-09-20,"Stock Futures Give Up Gains; Apple, Ulta Beauty Rising",1
2013-06-10,Stocks End Mixed In Dull Session; Apple 'Sells The News',0
2013-01-04,"Stocks Open Mixed, Apple Drags; Bonanza Creek Energy Saddles Up",-1
2012-03-03,"IBD 50's Top 5 Stocks Led By Lululemon, Apple, Ulta",0
2019-03-24,Apple Makes Its Video-Streaming Move (Stocks To Watch Podcast),0
2019-03-23,Stocks To Watch: Apple Makes Its Video-Streaming Move,0
2019-02-04,"Dow Jones Today: Apple, Microsoft Lead Technology Rally; Adobe Breaks Out",0
2018-05-02,"Stock Market Mixed as Apple Earnings, Fed Meeting In Focus; Shutterfly Gaps Up",-1
2016-09-20,"Apple Price Target Hiked, Nvidia Started At Neutral, Mobileye A Buy",1
2016-04-27,"Stocks Lower On Apple, While Oil Stages Dramatic Reversal",-1
2020-02-17,"Lumina Fund Management LLC Buys Boeing Co, McDonald's Corp, ViacomCBS Inc, Sells Apple Inc, ...",0
2019-03-12,"Valueworks Llc Buys Goldman Sachs Group Inc, Apple Inc, Invesco, Sells Live Nation ...",0
2018-02-21,Appleseed Fund Q4 2017 Quarterly Letter,0
2016-09-07,"Stocks Nearly Flat As Apple Fails To Excite, But Nintendo Soars",-1
2014-10-21,Can Dr Pepper Snapple (DPS) Surprise This Earnings Season? - Analyst Blog,0
2020-05-14,"united american securities inc. (d Buys Apple Inc, Sysco Corp, Mastercard Inc, Sells Alphabet ...",0
2020-05-13,"Cornerstone Advisors, LLC Buys Apple Inc, SPDR S&P 5……, Intel Corp, Sells Cisco Systems ...",0
2020-05-13,"Berkshire Asset Management Llc Buys Southwest Airlines Co, Apple Inc, The Walt Disney Co, Sells ...",0
2020-05-12,"Nelson Roberts Investment Advisors, LLC Buys Apple Inc, GlaxoSmithKline PLC, DocuSign Inc, ...",0
2020-05-05,"Dow Jones Jumps 400 Points; Microsoft, Apple In Buy Range As Coronavirus Stock Market Rally Strengthens",1
2020-05-01,"Girard Partners Ltd. Buys Apple Inc, BlackRock Inc, Amazon. ...",0
2020-04-13,"Winmill & Co. Inc Buys UnitedHealth Group Inc, Essent Group, Citigroup Inc, Sells Apple ...",0
2020-04-06,"Thinking about trading options or stock in Apple, Facebook, Roku, UnitedHealth Group, or Wayfair?",0
2015-05-27,Unwired Planet -8.1% following Apple case ruling,0
2015-04-14,Unwired Planet names Apple vet new CEO; shares +10.9%,1
2016-02-03,Apple Is #2,0
2019-10-07,Dow Jones Reverses Higher; Is Apple Stock Still In A Buy Range?,1
2019-08-19,"U.S. And China Trade Optimism Fuels Market Surge; Dow Stocks Apple, Cisco Win Big",1
2019-06-10,"Dow Jones Futures: Apple, Stock Market Rally Hit Resistance, But Not Amazon, Upland Software",0
2018-05-24,"Apple Roundup: Irish Tax, HomePod, Bernstein, Samsung Fight",0
2020-02-24,"IMC-Chicago, LLC Buys SPDR S&P 5……, ProShares UltraPro S&P 5……, Apple Inc, ...",0
2019-05-13,"Ws Management Lllp Buys Heron Therapeutics Inc, Knight-Swift Transportation Holdings Inc, Apple ...",0
2018-08-22,"Dow Jones Cools Off, Nasdaq Up As Apple Stays On Track To $1.25 Trillion Market Cap",1
2018-07-31,Can Apple Save Us From this Tech Wreck?,-1
2018-07-17,"Consumer, Tech Stocks Boost Nasdaq; 3 Reasons Why Apple Could Rise Another 25%",1
2018-07-11,Sally Beauty Grapples With Declining Comps & Margins,-1
2019-09-08,"Apple, IPOs And German Auto (Stocks To Watch Podcast)",0
2019-09-07,"Stocks To Watch: Apple, IPOs And German Auto",0
2013-05-06,"Stocks Start The Week Mixed; Apple, Nationstar Rising",0
2015-07-22,"Apple Q3 Earnings Beat Eclipsed by Weak View, Shares Fall - Analyst Blog",1
2015-06-02,IBM's Tie-Up with Apple Has MacBook for Employees - Analyst Blog,0
2015-01-28,5 key points from Apple's record holiday quarter,1
2015-01-27,"USAT, OTIV rally after Apple Pay announcement",0
2014-10-21,oti and USA Technologies Ready for Apple Pay,0
2020-02-11,"Marvin & Palmer Associates Inc Buys Apple Inc, JPMorgan Chase, Edwards Lifesciences Corp, ...",0
2019-09-08,"Apple, IPOs And German Auto (Stocks To Watch Podcast)",0
2019-09-07,"Stocks To Watch: Apple, IPOs And German Auto",0
2019-04-14,"Spotlight On Earnings, Pinterest And Apple-Qualcomm (Stocks To Watch Podcast)",0
2019-04-13,"Stocks To Watch: Spotlight On Earnings, Pinterest And Apple-Qualcomm",0
2019-02-18,"Berkshire's Revealing 13F: Buffett Didn't Buy The Dip - Didn't Add To Apple, Sold Oracle, Bought Banks",0
2018-11-01,Apple Q4 Rise In Revenue Expected (Wall Street Breakfast Podcast),1
2018-11-01,Wall Street Breakfast: What's In Store For Apple Earnings?,0
2018-10-09,"Wilsey Asset Management Inc Buys Microsoft Corp, US Bancorp, Costco Wholesale Corp, Sells Apple Inc",0
2018-09-24,"Zacks Investment Ideas feature highlights: Apple, Goldman, US Bancorp and Bank of New York",0
2018-08-14,"Berkshire boosts stakes in Apple, US Bank, Teva, BNY Mellon, Delta in Q2",1
2018-08-01,"Own Apple, Don't Trade It - Cramer's Mad Money (7/31/18)",0
2016-07-14,"Dow, S&P 500 Hit New Highs As JPMorgan, Apple Lead Blue Chip Stocks",1
2016-06-09,"Stocks Pare Losses; Apple, Nike Lead Dow Upside",1
2016-06-02,"Stocks Turn Higher; Apple, Oracle Get Smacked",1
2016-05-03,"Stocks Deep In Red, But Apple, Pfizer Defy Sell-Off",-1
2019-12-13,"Apple, semis gain on trade text deal",0
2019-09-11,"Semis gain after Apple event, trade optimism",1
2019-08-23,"Apple, chip stocks take a beating after China tariffs, Trump tough talk",1
2019-08-13,"Semis, Apple gain on tariff news",1
2019-01-16,"Semis, Apple suppliers face tough reports - KeyBanc",-1
2019-01-03,"Tech lunch: Apple, suppliers drag the Street",0
2019-01-03,Apple Cuts Guidance,-1
2018-12-04,"Tech lunch: Apple suppliers, trade specifics push red",0
2018-11-19,"Tech lunch break: Apple cuts, Nvidia build add pressure",-1
2018-11-13,Tech lunch break: Apple's suppliers recover,1
2018-09-13,"Semi stocks rebound after Apple event, analyst actions, morning news",1
2015-07-22,Chip stocks down sharply following Apple/ARM/Linear's Q2 reports,-1
2018-05-15,"General Re New England Asset Management Inc Buys Apple Inc, USG Corp, Royal Dutch Shell PLC, ...",0
2015-12-11,Tsinghua Has $47B To Crush Apple Supplier Qualcomm,0
2018-07-28,"Stocks To Watch: Apple, Harley And Tesla On The Marquee",0
2017-01-11,"Trump Shoots Down Biotechs, Lockheed; Apple, Nvidia Weigh On Nasdaq",0
2015-04-27,"Biotechs Weigh On Nasdaq, But Apple, Twitter Hold Firm",0
2011-08-25,"Apple, Toll, Wells Fargo: New Targets, Estimates",0
2015-12-23,Apple Tax Charges 'Total Political Crap',0
2019-09-18,Corning Secures $250M Apple Funding for Glass Manufacturing,0
2015-11-19,"Stocks Rise; Goldman Likes Apple, But Technicals Look Terrible",1
2015-08-26,"Stocks Hold Most Of Day's Gains; Apple, Visa, Exxon, Amazon Up",1
2015-08-25,"Stocks Rocket At Starting Bell; Netflix, Apple, Facebook Jump",0
2015-04-17,Global Worries Sink U.S. Stocks; Apple Breaches Support Level,-1
2020-05-19,"Fred Alger Management Inc Buys Amazon.com Inc, Microsoft Corp, Apple Inc, Sells Abbott ...",0
2020-05-15,"Ethic Inc. Buys Microsoft Corp, Apple Inc, Healthpeak Properties Inc, Sells Discover Financial ...",0
2016-06-17,Nasdaq Leads Stocks Lower Into Close; China Bites Apple,-1
2016-05-16,"Warren Buffett Buys Apple, One Of Two Things Buffett Is Doing That He Doesn't Do",0
2015-09-25,Apple Chip Supplier ARM Started At Buy; Nike PT Upped,1
2015-09-22,"Apple Gets Bullish Call; Nike, Amgen PTs Raised",1
2015-09-02,"Apple, Virgin, Salesforce Wellness Programs Inspire",0
2015-04-13,"Stocks Give Up Early Gains, Apple Also Reverses Lower",1
2017-02-28,Buffett Sees Apple Differently - Cramer's Mad Money (2/27/17),0
2016-10-31,Will Apple Take The Bite?,0
2016-10-25,Stocks Fall But Defense Contractors Up Big; Apple Slips After Hours,-1
2016-05-26,Apple's Next Moves? Hints From M&A Talks,0
2019-05-14,"Renaissance Technologies LLC Buys Starbucks Corp, Celgene Corp, Vale SA, Sells Apple Inc, ...",0
2019-04-30,"G.E. Profit Triples, Apple Earnings Next (Wall Street Breakfast Podcast)",1
2019-04-30,"Wall Street Breakfast: GE Profit Triples, Apple Earnings Up Next",1
2019-06-02,"Apple's WWDC, DuPont's Return And Tariff Anxiety (Stocks To Watch Podcast)",0
2019-06-01,"Stocks To Watch: Apple's WWDC, DuPont's Return And Tariff Anxiety",0
2020-04-22,"Aull & Monroe Investment Management Corp Buys Truist Financial Corp, Wells Fargo, Apple ...",0
2019-10-11,"Gemmer Asset Management LLC Buys Visa Inc, Mastercard Inc, Apple Inc, Sells Salesforce. ...",0
2018-01-19,"Moller Financial Services Buys Vanguard Small-Cap, Vanguard REIT, Apple Inc, Sells Vanguard ...",0
2019-03-24,Apple Makes Its Video-Streaming Move (Stocks To Watch Podcast),0
2019-03-23,Stocks To Watch: Apple Makes Its Video-Streaming Move,0
2017-03-10,"RMB Capital Management, LLC Buys iShares Russell '………, Apple, STERIS PLC, Sells West ...",0
2017-02-13,"RMB Capital Management, LLC Buys iShares Russell '………, Apple, STERIS PLC, Sells West ...",0
2019-09-08,"Apple, IPOs And German Auto (Stocks To Watch Podcast)",0
2019-09-07,"Stocks To Watch: Apple, IPOs And German Auto",0
2020-05-13,"M Holdings Securities, Inc. Buys Apple Inc, SPDR S&P 5……, National Healthcare Corp, ...",0
2020-05-06,"Appleton Group Wealth Management Llc Buys ProShares UltraShort Dow'…, Sells Schwab U.S. ...",0
2017-02-10,"Twin Focus Capital Partners, Llc Buys Berkshire Hathaway, Apple, Vanguard FTSE Developed ...",0
2016-07-24,"S&P 500 Weekly Earnings Update: Technology - Ex-Apple - Energy, Basic Mat Sectors Look Healthy Into Year-End 2016",1
2015-02-21,"S&P 500 Weekly Earnings Update: Ex-Apple And Energy, Q4 2014 Earnings Grow 4%-4.5%",1
2020-05-01,"Robertson Stephens Wealth Management, LLC Buys Adaptive Biotechnologies Corp, Apple Inc, ...",0
2019-11-12,"Busey Trust CO Buys iShares Russell –……… ETF, Apple Inc, iShares TIPS Bond ETF, Sells ...",0
2019-05-13,"Symmetry Partner, LLC Buys iShares Edge MSCI Min Vol Global, Vanguard Total Stock Market, Apple ...",0
2017-02-10,"Twin Focus Capital Partners, Llc Buys Berkshire Hathaway, Apple, Vanguard FTSE Developed ...",0
2020-05-11,"Blair William & Co Buys Apple Inc, Microsoft Corp, Amazon.com Inc",0
2020-04-12,"Dow Jones Futures: Coronavirus Stock Market Rally Awaits OPEC+ Production Deal; Microsoft, Netflix, Nvidia, Veeva, MSCI, Gilead, Apple Supplier Lumentum In FocusS",0
2019-12-13,"Stocks Mixed As Trump Reveals Trade Deal Details; Apple, Visa, Amex Shine On Dow",-1
2019-12-06,"Stock Market Renews Bullish Rise On Strong Jobs Data; Apple, Tesla Jump",1
2019-10-04,Dow Jones Surges 300 Points As Stock Market Rallies; Time To Buy Apple?,1
2019-09-09,"Dow Jones Futures: Apple iPhones, Zscaler Earnings Loom; Can Stock Market Thrive Without Software?",1
2019-09-05,Looking For The Next Apple Or Amazon? These Lists Outperform The S&P 500,1
2019-08-26,"Market Bulls Run Again On Renewed Trade Deal Optimism; Apple, Facebook Pop",1
2019-08-26,"Dow Jones Today: Apple, Boeing Lead; Celgene Surges On Amgen Deal",1
2019-08-19,"U.S. And China Trade Optimism Fuels Market Surge; Dow Stocks Apple, Cisco Win Big",1
2019-07-31,"Dow Jones Dives As Stock Market Sells Off, But Apple Holds Gains",1
2019-04-22,Apple Continues Its Breakout; This Sector Is Trampling The Dow Jones Return,1
2019-01-03,"Apple (AAPL) Slashes Sales Forecast for Q1, Blames China",-1
2018-11-28,"Dow Jones, Apple Lead Early Rally; This Blue-Chip Stock Breaks Out",1
2018-08-13,"Apple Hits New High, Helps Nasdaq; These 2 Top Stocks Break Out",0
2018-03-24,Stocks To Watch: Back To School For Apple,0
2017-07-13,Why Apple Is Propping Stocks Up; Will These 3 Market Leaders Win Big In 2H?,1
2017-06-12,Nasdaq Leads Drop; Why GE Is Not A Buy Yet; Sell Apple Or Hold?,-1
2017-06-12,Tech Losses Mount; Apple Plunges On Downgrade; FANG Stocks Suffer,-1
2017-06-05,Stocks Down As Apple Dips; IBD 50 Plays Generally Up,-1
2017-03-28,"Stocks Rally Higher Into Final Hour; Apple, Tesla, Financials Surge",1
2017-03-01,"Dow Hits 21K As Trump Boosts Stocks; Financials, Apple Up; Snap Set To Debut",1
2017-03-01,Stocks Soar To Record Highs As Big Banks Fuel Dow; How High Can Apple Go?,1
2017-01-18,Apple's 10.2.1 iOS Beta Update Fails to Fix the '30% Bug'?,-1
2016-12-27,Nasdaq Clears 5500 To Fresh All-Time High; Apple Vies For Breakout,1
2016-12-16,"Apple Gets Buy Rating, Veeva Hits Buy Point, New Targets For FedEx, Oracle",1
2016-11-21,"Apple Is A Buy; Veeva, HPE, Urban Outfitters Near Breakouts With Earnings Due: Action Plan",1
2016-11-19,"Black Friday, Apple, Sina, Weibo In Focus For Investing Action Plan",0
2016-11-16,Apple Nears Buy Point As Most FANG Stocks Rise Modestly,1
2016-10-11,"Stocks Down, Nasdaq Gets Near 50-Day Line; Medicals Smacked, Apple Still Firm",-1
2016-10-06,Stocks Flat; Veeva Cuts 50-Day; Why Apple Is Still Crisp After Its Breakout,-1
2016-09-08,"Oil Bolsters Weak Session; Nike, Apple, Tractor Supply Slide",1
2016-09-02,"Week In Review: Apple Vs. EU, Hiring So-So, Auto Sales Fall, Salesforce Guides Low",-1
2016-08-30,"Stocks Dip, Volume Rises; Apple Extends Losses On EU Ruling",1
2016-06-02,"Stocks Turn Higher; Apple, Oracle Get Smacked",1
2016-06-02,Stocks Quiet As 'Late' Apple Lags; Broadcom Earnings On Deck,0
2020-05-13,"Berkshire Asset Management Llc Buys Southwest Airlines Co, Apple Inc, The Walt Disney Co, Sells ...",0
2019-08-05,Tariffs And Apple,0
2016-09-07,Apple Gets A Shakedown From The EU - Is Ireland Next To Bail?,0
2020-04-15,"Searcy Financial Services Inc Buys First Trust DJ Internet Index Fund, Apple Inc, Sells ...",0
2013-02-07,Cramer's 'Mad Money' Recap: The Apple of My Eye,0
2020-04-29,ETFs to Watch as Apple Gears Up to Report Q2 Earnings,0
2020-01-29,Apple ETFs to Buy Post Blockbuster Q1 Results,0
2020-01-27,Apple Set to Beat Q1 Earnings Estimates: Tech ETFs to Buy,1
2020-01-10,"Apple at All-Time High, Poised for an Upbeat Q1: ETFs to Benefit",1
2019-12-03,"After a Sweet November, Apple ETFs are Set for a Warm December",0
2020-03-13,VirnetX Receives Payment in Apple Suit,0
2020-02-24,VirnetX Triumphs in $44… Million Suit as Supreme Court Rejects Apple's Appeal,0
2020-02-11,VirnetX Prevails at Federal Appeals Court as Apple's Requests for Rehearings are Denied,0
2019-11-22,Federal Appeals Court Issues Decision in Apple II Suit,0
2019-11-22,VirnetX -22% as court tosses Apple award,0
2019-10-08,VirnetX Prevails in Appeals Court as Mandate Issued in Apple Suit,0
2018-08-31,VirnetX +35.6% after judge denies Apple a new trial,0
2018-04-11,VirnetX +28.1% on Apple patent victory,1
2018-02-22,VirnetX Holding +15.3% on Apple's denied stay,0
2016-10-02,VirnetX Vs. Apple Trial: Verdict #3,0
2016-10-02,VirnetX wins $302M ruling against Apple,1
2016-08-31,VirnetX And Apple: David Vs. Goliath Round 2,0
2016-03-18,VirnetX Asks For An Injunction On Key Apple Products,0
2016-02-03,"Apple Ordered To Pay $625 Million To VirnetX, Whose Stock Soars",0
2016-02-03,VirnetX reportedly awarded $544.7M in Apple suit; shares +73.1%,1
2016-01-12,VirnetX up 32% after new Apple suit ruling,1
2015-02-18,VirnetX +7.9%; Apple patent review petitions denied,1
2014-09-17,VirnetX Down as Court Overrules Patent Award from Apple - Analyst Blog,0
2014-09-16,Apple,0
2019-06-02,"Apple's WWDC, DuPont's Return And Tariff Anxiety (Stocks To Watch Podcast)",0
2019-06-01,"Stocks To Watch: Apple's WWDC, DuPont's Return And Tariff Anxiety",0
2019-01-14,Wedbush talks Apple M&A targets and XR price cuts,0
2018-09-10,"CEOs Stepping Down, Plus Apple Expectations",0
2018-09-08,"Stocks To Watch: Apple Event, Chinese Auto IPO To Headline",0
2018-07-28,"Stocks To Watch: Apple, Harley And Tesla On The Marquee",0
2016-11-28,AT&T Taps Apple TV In Launching DirecTV Now Streaming-Video Service,0
2016-11-10,"John Malone Talks Up Apple Buy Of Disney, Likes AT&T Strategy",0
2015-10-16,"Comcast, Maybe Apple, Aim To Get Skinny TV Right",0
2015-08-18,Apple Web TV: How many cable channels will make the cut?,0
2015-07-31,"Today's Market: Biotech Earnings Remain Strong, Apple's Next Revamped Product",1
2015-04-02,HBO Exclusive With Apple Showcases Tech-Media Era,0
2014-10-06,Apple iPad more popular than Doritos among U.S. kids,0
2013-12-24,"Apple needs big new product to drive stock price, analyst says",0
2013-08-22,Apple still working on a script for Apple TV,0
2011-06-29,'Fast Money' Recap: Apple's Freebie iPhone,1
2010-11-23,"HP's Solid Results, Apple: Morning Tech Bytes",1
2013-02-21,Worse Than Finding a Worm in Apple: Half a Worm,-1
2012-09-20,"Could Apple Buy the LA Kings, Part of the Lakers in AEG Deal?",0
2011-05-18,"Tiger Global Grows Bullish on Netflix, Apple",1
2020-04-22,"Reitz Capital Advisors LLC Buys Vanguard Div Appreciation, Apollo Global Management Inc, Apple ...",0
2019-11-21,"Headinvest, Llc Buys iShares MSCI KLD 4…… Social ETF, Apple Inc, Amazon. ...",0
2018-08-18,Homemade Apple Dividends Are 100 Times Bigger Than The 'Real' Dividends,1
2018-04-13,"Wealth Architects, LLC Buys Vanguard Div Appreciation, Vanguard Value, Apple Inc, Sells Nike ...",0
2017-12-22,"Like Apple, Microsoft, Big Dividends? Try These Smart Beta ETFs",0
2017-07-11,"Appleton Partners Inc Buys Domino's Pizza Inc, Akamai Technologies Inc, Vanguard Div ...",0
2013-07-17,Russian carriers to Apple: Nyet,0
2020-05-08,"Chase Investment Counsel Corp Buys Apple Inc, Microsoft Corp, PepsiCo Inc, Sells Euronet ...",0
2020-03-10,"Thinking about trading options or stock in Apple, Amazon. ...",0
2019-11-10,"Dow Jones Futures: Alibaba Singles Day Starts Strong; Big Deal For JD.com, Pinduoduo, Apple",1
2019-03-24,Apple Makes Its Video-Streaming Move (Stocks To Watch Podcast),0
2019-03-23,Stocks To Watch: Apple Makes Its Video-Streaming Move,0
2017-03-02,"Chase Coleman Exits Apple, Cuts MasterCard, Alphabet",0
2016-11-19,"Black Friday, Apple, Sina, Weibo In Focus For Investing Action Plan",0
2016-10-04,"Stocks Retreat After Giving Up Early Gains; Apple, Banks Lead Dow",1
2015-11-19,"Stocks Scrape Out Early Gains; Apple, Vipshop, ConAgra Advance",-1
2015-08-11,"Alibaba, Apple Fall As Yuan Seen Hitting Earnings",-1
2015-08-10,"Stocks End With Solid Gains; Apple, Caterpillar Pump Up The Dow",1
2015-08-10,"Stocks Open Up In Mixed Trade; Apple, Boeing, CyberArk Climb",0
2014-09-22,Stocks Stumble In Early Trade; Apple Up On New Phone Sales,-1
2013-09-19,"Stocks End Mixed In Lower Volume; Apple, Baidu Help Nasdaq",0
2013-08-19,"Stocks Stay Narrowly Mixed; Apple, Intel Lift Nasdaq",0
2018-08-01,"Wall Street Breakfast: Fed, Apple, Tariffs",0
2020-05-07,"Benjamin Edwards Inc Buys Valero Energy Corp, Apple Inc, Vanguard Long-Term Corporate Bond ETF, ...",0
2019-05-07,"Derby & Company, Inc Buys Apple Inc, Costco Wholesale Corp, Honeywell International Inc, ...",0
2020-04-24,"Swarthmore Group Inc Buys BlackRock Inc, Apple Inc, Facebook Inc, Sells iShares Core S&P ...",0
2020-05-08,"Citizens Financial Group Inc Buys Apple Inc, iShares Core MSCI Emerging Markets, Facebook Inc, ...",0
2017-05-01,"Appleton Partners Inc Buys SPDR S&P 5……, iShares Core U.S. ...",0
2017-02-07,"Dow, Nasdaq Come Off Highs; Apple Buoys Dow; HealthEquity Dives",1
2016-11-28,Stocks Drift Lower As Crude Oil Jumps; Apple Shows Resilience In Dow,1
2016-11-10,Stocks Rise Despite Big Sell-Off In Techs; Is Apple's Uptrend Still Intact?,1
2016-05-03,"Stocks Deep In Red, But Apple, Pfizer Defy Sell-Off",-1
2012-04-13,"Zacks Bull and Bear of the Day Highlights: Valmont Industries, Dril-Quip, Apple, Amazon and Barnes & Noble - Press Releases",0
2019-09-11,"China Bends, Bonds Bomb, Apple Shines, And We Are Going Back To Highs. Also, Let's Look At Inadvertent Upgrades",1
2019-09-08,"Apple, IPOs And German Auto (Stocks To Watch Podcast)",0
2019-09-07,"Stocks To Watch: Apple, IPOs And German Auto",0
2019-09-05,"The Zacks Analyst Blog Highlights: Apple, Chevron, VMware, Capital One and Cooper",0
2019-09-04,"Top Research Reports for Apple, Chevron & VMware",0
2018-07-03,"The Zacks Analyst Blog Highlights: Dell, VMWare and Apple",0
2018-07-02,"Apple, FANG Stocks Help Nasdaq Advance; When Will Intel Bottom Out?",1
2018-07-01,"Dow Jones Futures: Tesla Model 3 Hits Key Milestone; Eye Apple, Microsoft",1
2017-06-02,"Stocks Turn Mixed As Oil Falls, Payrolls Disappoint; Apple Supplier Surges",-1
2016-11-09,"Apple, Microsoft, Cisco Eye Trump Overseas Cash Tax Plan",0
2016-11-06,"3 Stocks Near Buy Zone As Facebook, Apple Breach Key Support Level",0
2016-09-07,Wall Street Breakfast: Apple Event On Deck,0
2016-08-30,Apple Owes Ireland Billions - Good,1
2016-08-22,Berkshire Boosts Apple Stake And Other Moves From Top Managers,1
2016-08-19,U.S. V. Apple - The Looming Trial Of The Century?,0
2016-06-09,"Eye On Tech: Apple And Google Bet On App Subscriptions, And Qualcomm Targets Connected Cars",0
2016-03-31,Billions Of Apple iPhones May Be Vulnerable To Attack: Check Point,-1
2016-03-16,Apple iCloud Shifts Spending To Google From Amazon's AWS: Report,0
2015-10-12,EMC Downgraded Amid Dell Buyout; Apple PT Hiked,-1
2015-10-08,"Stocks Slip Before Fed Minutes; Domino's, eBay, Apple Slide",0
2015-08-11,"The Zacks Analyst Blog Highlights: Apple, Intel, VMware, Microsoft, Google and Yahoo - Press Releases",0
2015-08-10,"Tech Earnings Roundup: Apple Falls, Intel Launches Skylake - Analyst Blog",0
2015-07-24,"Apple, Caterpillar Point To China's Uneven Transition",-1
2014-08-25,IPO Stock Watch: MobileIron Up On Apple Speculation,0
2014-04-28,Technology Stock Roundup: Tech Stocks Tumble But Apple Bucks The Trend - Analyst Blog,-1
2013-07-24,"Stock Futures Look Positive; Apple, Ford Lead Early Surge",1
2013-04-23,"Stocks Pull Back Late Session; Apple, Panera Earnings On Tap",0
2012-08-27,"Apple, RIM, Google: Tech Premarket",0
2012-08-27,"Apple, RIM, Google: Tech Premarket",0
2012-07-24,Stocks Down on Euro Zone Woes; Apple Misses in After Hours,-1
2012-07-24,"VMware, Cisco, Baidu, Apple: Tech Premarket",0
2012-07-24,"VMware, Cisco, Baidu, Apple: Tech Premarket",0
2012-04-13,15 Apple-Like Stocks That Could Bear Similar Fruit (Update1),0
2011-07-19,'Fast Money' Recap: Apple Trades,0
2011-07-19,"Chipolte, Apple: After-Hours Trading",0
2011-06-14,"Nokia, Apple Settle; HP's Shakeup",0
2010-04-21,"Apple: Analysts' Upgrades, Downgrades",0
2014-05-16,"Nike, Apple Suppliers Affected By Vietnam Protests",-1
2019-08-14,Grab A 4.5% Yield From The Big Apple With SL Green Realty,0
2012-04-16,Stocks Ended Mixed; Apple Tumbled,-1
2018-08-01,Apple Stock Fuels Modest Tech Rally As Fed Statement Looms Large,1
2018-05-01,"Apple Powers After-Hours Advance; Market Looks Toward Fed, Oil Reports",0
2020-05-06,"Private Ocean, LLC Buys Apple Inc, SPDR Nuveen Bloomberg Barclays High Yield Municipa, Vanguard ...",0
2019-11-18,"EP Wealth Advisors, Inc. Buys iShares –-' Year Credit Bond ETF, Apple Inc, Vanguard Total ...",0
2019-10-25,"Sage Rhino Capital Llc Buys ishares Gold Trust, Apple Inc, Barrick Gold Corp, Sells Aramark, ...",0
2019-07-30,"Bfsg, Llc Buys Vanguard Real Estate, iShares Edge MSCI Min Vol USA, Fastenal Co, Sells Apple ...",0
2018-04-09,"Conservest Capital Advisors, Inc. Buys Netflix Inc, Vanguard Real Estate, Sells Apple Inc, ...",0
2018-01-19,"Moller Financial Services Buys Vanguard Small-Cap, Vanguard REIT, Apple Inc, Sells Vanguard ...",0
2018-01-18,Multiple Implications Of Apple's Move Back Toward The U.S.,0
2016-05-13,Apple Challenges Uber For The Future Of Driving,-1
2017-08-10,"Bears Rip Stock Indexes, But Apple Acts Normal",0
2016-03-21,"Stocks Hold Small Gains; Apple, Nike Rise Ahead Of Key Events",1
2016-03-01,"From Apple Pay To Chip Cards, Vantiv Rides Changing Landscape",0
2014-11-21,"The Electronic Payment Wave: Apple Pay, PayPal, Alipay",0
2014-09-16,Total System Allies with iMobile3 to Support Apple Pay - Analyst Blog,0
2019-04-30,"G.E. Profit Triples, Apple Earnings Next (Wall Street Breakfast Podcast)",1
2019-04-30,"Wall Street Breakfast: GE Profit Triples, Apple Earnings Up Next",1
2020-01-30,"Opes Wealth Management LLC Buys Apple Inc, Vanguard Mid-Cap Value ETF, Invesco S&P 5…… ...",0
2018-07-20,"MCF Advisors LLC Buys Vanguard Tax-Exempt Bond, Apple Inc, Vanguard Mid-Cap Growth, Sells ...",0
2018-03-01,Multimedia Weekly Digest: Take A Bite Out Of Apple,0
2015-03-02,Samsung Unveils Galaxy S6 to Challenge Apple's iPhone 6 - Analyst Blog,-1
2012-07-11,"Apple, JPMorgan: Stocks to Watch",0
2012-03-08,"Zacks Releases Four Powerful ''Buy'' Stocks: Voxx, Tim Hortons, Apple and Chemtura - Press Releases",0
2018-06-26,"Apple Roundup: Kids Content, Repair Issues, Qualomm, Pay",0
2012-10-08,"Apple, Facebook, Vringo: Winners & Losers",-1
2012-10-08,"Apple, Facebook, Vringo: Winners & Losers",-1
2012-07-25,"Vringo (VRNG) May Not Have It as Easy as NTP Had It Against Google (GOOG), AT&T (T), Apple (AAPL), & Others",0
2012-07-24,Vringo (VRNG) Suing Google (GOOG): Have Patent Wars Jumped the Shark? Apple & Samsung Also in Focus.,0
2012-07-24,Vringo (VRNG) Suing Google (GOOG): Have Jumped the Shark? Apple & Samsung Also in Focus.,0
2019-04-02,Apple (AAPL) Reduces Flagship Products' Prices in China,1
2019-03-24,Apple Makes Its Video-Streaming Move (Stocks To Watch Podcast),0
2019-03-23,Stocks To Watch: Apple Makes Its Video-Streaming Move,0
2018-07-13,Apple (AAPL) Seeks to Boost Sales With Upgraded MacBook Pro,1
2018-06-28,"Apple Expands OLED Supplier Base, Lowers Samsung Dependence",1
2018-06-26,"Apple Roundup: Kids Content, Repair Issues, Qualomm, Pay",0
2014-09-02,"Apple, Home Depot Breaches Boost Security Stocks",1
2014-06-10,"Synaptics, Apple, Verint Among Top Computer Stocks",0
2018-10-09,"Verso, Anheuser-Busch, Alphabet, Amazon and Apple highlighted as Zacks Bull and Bear of the Day",0
2018-08-14,"Berkshire boosts stakes in Apple, US Bank, Teva, BNY Mellon, Delta in Q2",1
2018-05-15,"Berkshire doubles stake in Teva; adds to Apple, Monsanto in Q1",0
2016-08-03,"Stocks Stay Positive As Oil Surges; Apple, Disney Lead Dow, Pfizer Lags",1
2015-10-01,"Stocks Give Up Early Gains As Apple, Illumina, Sucampo Slide",1
2012-11-08,Apple Breakdown Strips Tech Stocks From Leadership,1
2013-02-16,Apple's Not a Hardware Company: Tech Weekly,0
2013-02-16,Apple's Not a Hardware Company: Tech Weekly,0
2013-02-15,"Stocks to Watch: Kraft, Apple, Campbell Soup",0
2020-03-10,"Dow Jones Futures Fall After Big Market Rally: Apple, Microsoft, Alibaba, Vertex, Netflix Flash Bullish Signal In Coronavirus Stock Market Correction",1
2020-03-05,"Dow Jones Futures: Apple, Tesla, Lead Nine Stocks To Watch In Coronavirus Stock Market Correction",0
2020-01-14,"Dow Jones Futures: Stock Market Rally, Apple Pause As JPMorgan, RH, Vertex Rebound Bullishly; Beyond Meat Gets Protein Boost",1
2018-09-27,"Guide to CRISPR Stocks & Latest Apple, Fed, GDP News | Free Lunch",0
2018-09-02,An Apple A Day Can't Keep Strong Gains Away From These 5 Hot Medical Stocks,-1
2018-02-13,"Apple, CAT Pressure Futures; China Stocks Climb, Vertex Gets FDA Nod",-1
2016-02-16,Stocks Extend Gains; China News Lifts Apple; ADT Soars On Buyout,1
2018-10-09,"Wilsey Asset Management Inc Buys Microsoft Corp, US Bancorp, Costco Wholesale Corp, Sells Apple Inc",0
2018-08-14,"The Zacks Analyst Blog Highlights: Microsoft, Apple, Mellanox, Vishay and Cypress",0
2017-06-19,"Best Buy, Vitamin Shoppe, Apple and CBS highlighted as Zacks Bull and Bear of the Day",0
2015-05-15,"American Railcar Industries, Vitamin Shoppe, Google, Apple and Twitter highlighted as Zacks Bull and Bear of the Day - Press Releases",0
2012-02-13,Stocks Up In Late Afternoon; Apple Tops 500,1
2012-02-13,Stocks Up In Early Afternoon; Apple Briefly Tops 500,1
2012-02-13,Wall Street Rises On Greek Vote; Apple At New High,0
2020-02-10,"Essex Investment Management Co Llc Buys Apple Inc, Biogen Inc, Vivint Solar Inc, Sells The Home ...",0
2016-09-20,Is Enphase The Apple Of The Solar Storage Market?,0
2016-05-13,"Week In Review: Apple, Macy's, Walt Disney Signal Consumer Slowdown",-1
2015-12-30,Bold Bets For 2016 - From Apple To Icahn,0
2018-10-19,"Carlson Capital Management Buys Apple Inc, iShares Core MSCI Emerging Markets, Vanguard FTSE ...",0
2020-05-04,"Planning Alternatives Ltd Buys Apple Inc, General Motors Co, iShares –-' Year Treasury ...",0
2020-04-30,"Capital Wealth Planning, LLC Buys Apple Inc, Raytheon Technologies Corp, Intercontinental ...",0
2019-11-18,"EP Wealth Advisors, Inc. Buys iShares –-' Year Credit Bond ETF, Apple Inc, Vanguard Total ...",0
2019-07-23,"Global Trust Asset Management, LLC Buys SPDR S&P 5……, PepsiCo Inc, Apple Inc, Sells ...",0
2019-07-16,"Thoroughbred Financial Services, Llc Buys Shares Long-Term Corporate Bond, Apple Inc, Amazon. ...",0
2019-05-13,"Symmetry Partner, LLC Buys iShares Edge MSCI Min Vol Global, Vanguard Total Stock Market, Apple ...",0
2018-03-15,"Apple: Tech Rally Exhausted, Time To Hedge",1
2018-03-08,"Apple, Amazon Headline This Market-Beating Big-Cap Stock Play",1
2018-03-07,"What Do Apple, Amazon Stock And Warren Buffett Have In Common?",0
2018-05-24,"The No. 1 Stock In The World (Revisited) - Visa And Apple Up, Kinder Morgan And Gilead Down",0
2016-08-21,"My Portfolio Update And Review Of 83 Stocks: Up 2 With Reynolds And Exelon, Down 1 With Apple",0
2018-04-13,"Wealth Architects, LLC Buys Vanguard Div Appreciation, Vanguard Value, Apple Inc, Sells Nike ...",0
2016-04-26,Small-Cap Funds Pop Amid Anemic S&P 500 Results; Apple Falls After Hours,-1
2020-02-05,"Chartist Inc Buys Truist Financial Corp, Apple Inc, Vanguard Growth ETF, Sells New Jersey ...",0
2019-05-16,Apple: Assessing If ETF Ownership Is Impacting Potential Gains,0
2018-04-13,"Wealth Architects, LLC Buys Vanguard Div Appreciation, Vanguard Value, Apple Inc, Sells Nike ...",0
2018-02-02,"Checchi Capital Advisers, LLC Buys Vanguard Growth, Apple Inc, DowDuPont Inc, Sells iShares ...",0
2017-09-01,"Considering Apple, Amazon? Don't Overlook These 2 Breakouts",0
2017-07-19,Apple Tops These 2 Growth Stock Plays In Buy Range,1
2016-04-26,Small-Cap Funds Pop Amid Anemic S&P 500 Results; Apple Falls After Hours,-1
2019-04-25,"Lynch & Associates Buys General Mills Inc, Apple Inc, Facebook Inc, Sells Vectren Corp",0
2012-03-06,8 Dividend Stocks To Consider While Waiting on Apple to Pay Its First Dividend,0
2012-02-23,"Stocks to Watch: HP, Target, Apple",0
2019-11-18,"EP Wealth Advisors, Inc. Buys iShares –-' Year Credit Bond ETF, Apple Inc, Vanguard Total ...",0
2018-07-06,"If You Want To Blame Someone For The U.S. Trade Deficit With China, Blame Apple",-1
2017-02-01,"Stock ETFs Mixed; Financials, Techs Lead After Cheery Apple Report",-1
2016-09-16,QQQ ETF Bucks Stock Malaise As Apple And Intel Stomp To High Ground,-1
2016-07-20,This Tech ETF With Less In Apple And Alphabet Is Better Off For It,1
2016-07-05,Gold ETF Streaks Further Ahead; Chip ETFs Hit On Apple IPhone Report,1
2016-06-02,"Tech ETFs Slide Along With Apple, Broadcom; Oil Sinks On No Deal",0
2016-05-16,"Stock ETFs Pop Amid Buffett's Apple Buy; Gold ETF, Miners Trim Gains",1
2016-04-28,"Tech Funds Finish Mixed With Apple, Facebook In Motion",0
2016-04-26,Small-Cap Funds Pop Amid Anemic S&P 500 Results; Apple Falls After Hours,-1
2016-03-30,"S&P 500, Dow ETFs Hit 2016 Highs Led By Apple; Oil Gives Up Gains",1
2016-03-28,"S&P 500, Dow ETFs Grapple For Gains As Oil Continues To Weigh",-1
2016-03-01,"Momentum, Growth Funds Lead In Strong March Start; Apple At $100",1
2020-04-15,"Searcy Financial Services Inc Buys First Trust DJ Internet Index Fund, Apple Inc, Sells ...",0
2020-02-18,"Belpointe Asset Management LLC Buys Invesco S&P 5…… Low Volatility, Apple Inc, XAI ...",0
2020-02-07,"HCR Wealth Advisors Buys Vanguard High Dividend Yield Index Fund, Apple Inc, First Trust ...",0
2020-01-28,"Cornerstone Wealth Group, LLC Buys Apple Inc, VanEck Vectors ETF Trust - VanEck Vectors ...",0
2020-01-23,"Copperwynd Financial, LLC Buys Apple Inc, Target Corp, Qualcomm Inc, Sells Fastenal Co, Charter ...",0
2017-11-17,"Do You Like Apple, Microsoft? They May Not Be As Extended As You Think",0
2017-11-16,"Apple, Cisco, Wal-Mart Rally; Do You Own These 3 Buffett Stocks?",0
2014-07-23,ETFs to Watch on Apple Earnings Beat and Microsoft Miss - ETF News And Commentary,-1
2020-04-16,"Thinking about buying stock in Apple, Ford, Kraft Heinz, Southwest Airlines, or Wayfair?",0
2020-04-06,"Thinking about trading options or stock in Apple, Facebook, Roku, UnitedHealth Group, or Wayfair?",0
2020-02-03,"Thinking about buying stock in Apple, Baidu, LYFT, Tilray, or Wayfair?",0
2019-12-09,"Thinking about trading options or stock in Apple, Bank of America, FedEx, General Motors, or ...",0
2019-11-14,"Ruane, Cunniff & Goldfarb L.P. Buys Wayfair Inc, Apple Inc, JPMorgan Chase, Sells ...",0
2019-07-28,"Headliners Include Apple, Beyond Meat And IBM (Stocks To Watch Podcast)",0
2019-07-27,"Stocks To Watch: Headliners Include Apple, Beyond Meat And IBM",0
2018-10-28,Apple Looks To Recharge Tech Sector (Stocks To Watch Podcast),0
2018-10-27,Apple Looks To Recharge Tech Sector,0
2018-06-02,"Stocks To Watch: Eyes On Apple's WWDC, SCOTUS And D.C.",0
2017-08-08,Nasdaq Still Leads; 2 New Reasons Why It's Still Time To Buy Apple,1
2016-08-09,Nasdaq Near Record High As Apple Rises for 5th Straight Session,1
2017-02-24,"Stocks Close Up, Apple Still Crisp; Did Nvidia Show A Bottoming Signal?",-1
2019-06-02,"Apple's WWDC, DuPont's Return And Tariff Anxiety (Stocks To Watch Podcast)",0
2019-06-01,"Stocks To Watch: Apple's WWDC, DuPont's Return And Tariff Anxiety",0
2017-05-04,"Oil Stocks Plunge, Snap Looks Snappier; Time To Sell Apple? Or Hold Longer?",-1
2017-02-14,Stock Market Hits New High As Yellen Lifts Banks; What's Next For Apple?,0
2017-02-14,Stock Indexes Hang Tough: Apple Rises; Banks Up On Yellen Stance,1
2017-02-13,"Stocks At Record Highs; Tesla Leads, Nvidia Lags; How High Can Apple Go?",1
2017-02-03,Stocks Up Broadly; Will Apple Emerge As The Top Stock In The Dow This Year?,1
2016-12-01,Nasdaq Loses Key Support As Techs Sell Off; Apple Extends Losing Streak,-1
2016-11-14,Small Caps Lead As Stocks Trade Mixed; Did Apple Trigger A Sell Signal?,-1
2015-06-05,Stocks Loiter Near Break-Even; Apple Quietly Shapes Handle,1
2015-03-06,Stocks Stumble In Firm Trade; Apple To Take AT&T's Dow Seat,-1
2012-03-08,"Amphenol, Jabil Part Of Apple's Manufacturing Team",0
2019-05-01,Apple and Nu Skin Enterprises among consumer gainers; Pitney Bowes leads the losers,-1
2017-12-27,Stock Futures Flatten As Apple Dips; This Device Maker Spikes,-1
2017-02-21,5 Stocks Likely To Benefit From Apple iPhone 8 Upgrade Supercycle,1
2016-12-22,Is Apple (AAPL) Teaming Up With Energous Corp. (WATT)?,0
2016-03-28,Apple's Reported 2017 iPhone Plans Could Mean Its 2-Year Upgrade Cycle Is Over,0
2016-03-14,Energous jumps after Business Insider column provides more fuel for Apple hopes,1
2016-02-17,Energous gains after BGR column stokes Apple hopes,1
2016-01-29,Energous up 4.6% following Apple wireless charging report,1
2016-01-05,3 Acquisitions That Would Immediately Change Apple's Valuation Debate,0
2015-01-23,Apple Watch to supercharge use of wireless charging,0
2014-10-03,"Wave Systems (Nasdaq:WAVX) Reaches Government Arena, Halozyme Therapeutics (Nasdaq:HALO) PEGPH20 Orphan Drug Status, Apple (Nasdaq:AAPL) High Expectations",1
2019-11-15,"Schroder Investment Management Group Buys Facebook Inc, Weibo Corp, Apple Inc, Sells Bank ...",0
2018-05-09,Which Of These 4 Stocks Can Act Like Apple Did?,0
2018-02-13,"Apple, CAT Pressure Futures; China Stocks Climb, Vertex Gets FDA Nod",-1
2018-01-29,Stocks Fall Broadly; 3 Reasons Why It's Too Early To Sell Apple,-1
2018-01-29,Stocks Near Session Lows Heading Into Close; Apple Keeps Lagging,1
2017-11-10,"Stocks Down, Apple Still Solid; Will These 3 China Stock Leaders Hold Up?",1
2017-11-07,Apple Still Leads Stocks; Nasdaq Down; Time To Sell These 5 Market Leaders?,-1
2017-10-19,"Apple Weighs On Nasdaq, But Dow Nearly Flat; Time To Sell These 2 Leaders?",-1
2017-08-11,"Stocks Mildly Rebound; Nvidia Pressured, Apple Reclaims Buy Point",-1
2017-06-08,"Stocks Mixed; Can Apple Break Out Again, And Will Snap Hit New Lows?",-1
2017-05-08,"Nasdaq, S&P 500 Fight To Positive Finish; Apple Seizes New High",1
2017-05-08,"S&P 500, Nasdaq Ease After All-Time Highs; Apple Leads Dow",1
2017-02-13,Apple Rises On AR iPhone Hopes; Weibo And Momo Are Buys; Nucor Upgraded,1
2017-02-07,"Dow, Nasdaq Set Record Highs; Apple Powers Ahead; Tesla, Nvidia Break Out",1
2016-11-19,"Black Friday, Apple, Sina, Weibo In Focus For Investing Action Plan",0
2016-10-31,"Stocks Still Flat, But Weibo, Lumentum Sink Further Below 50-Day; Apple Steady",1
2016-08-09,Nasdaq Near Record High As Apple Rises for 5th Straight Session,1
2016-05-13,"Week In Review: Apple, Macy's, Walt Disney Signal Consumer Slowdown",-1
2016-05-03,"Stocks Fall Sharply Early, But Pfizer Breaks Out On Q1 Beat; Apple Up",1
2015-05-12,"Apple Holds China Smartphone Crown, CEO Opens Microblog",0
2015-04-13,"Stocks Give Up Early Gains, Apple Also Reverses Lower",1
2020-05-27,"Gotham Asset Management Trims Apple, Bristol-Meyers",0
2020-04-08,"Centric Wealth Management Buys Apple Inc, Invesco Preferred, FlexShares iBoxx ' Year Target ...",0
2020-02-24,"Landaas & Co Buys Apple Inc, Caterpillar Inc, Eaton Corp PLC, Sells , iShares TIPS Bond",0
2020-02-18,US Indexes Mostly Lower After Apple's Coronavirus Warning,-1
2019-12-27,"The Zacks Analyst Blog Highlights: Apple, Microsoft, Visa, Walgreens and Amazon",0
2019-12-20,"Dow Jones Up 400 Points In December; Nike, Apple, Tesla Key Movers",1
2019-11-04,Swapping Apple For Apple - October Dividend Portfolio Update,0
2019-10-28,Big Week With The FOMC And Apple - Various And Sundry Topics,0
2019-06-20,"The Zacks Analyst Blog Highlights: Alphabet, Amazon, Apple, Sanofi and Walgreens",0
2019-04-02,Stocks Mixed As Dow Ends Win Streak; Apple Ripe For A Breakout?,0
2019-03-26,Better Buy Amid Tech Diversification: Apple (AAPL) vs. Amazon (AMZN) Stock,1
2018-10-12,Stock Market Rallies To End Bad Week; Is Apple Flashing A Buy Signal?,1
2018-10-08,"Apple, Indexes Cut Losses As This Wall Street Gauge Expands Its Correction",-1
2018-09-30,These Top 5 Dow Stocks Fueled Dow Jones Gains In Q3: Apple And Who?,1
2018-06-28,"Index Funds: Apple, Tech Stocks Rebound As Nasdaq Leads Advance",1
2018-05-15,"Glenview added Express Scripts, exited Apple in Q1",0
2018-03-24,Stocks To Watch: Back To School For Apple,0
2020-05-19,"APG All Pensions Group NV Buys Amazon.com Inc, Microsoft Corp, Apple Inc, Sells HCA Healthcare ...",0
2017-12-20,"Auto Sector Grapples with Peak U.S. Sales, Safety Recalls",-1
2017-05-22,"Buffett-Endorsed Trader Lou Simpson Buys Shares of Apple, SBA Communications",0
2016-06-02,"Warren Buffett Sells WABCO, Buys Mastercard, Apple",0
2016-09-19,"Nasdaq Falls On Apple, Intel; Nvidia Tries To Break Out",0
2016-06-03,Apple Supplier Broadcom's Price Targets Hiked; John Deere Upgraded,1
2016-01-14,"Stocks Roar To Session Highs; Broad Rally Lifts Apple, Chipotle",1
2016-01-08,"Stocks Hold Modest Losses, But Apple, Microsoft Lead Dow Gainers",1
2016-01-07,Stocks Routed By Global Sell-Off; Apple Hit By Price Target Cut,-1
2015-02-18,"Soros Dumps Apple, Buys China",0
2011-07-18,Apple's Patent Win; Adobe's Buy,1
2010-04-05,"Apple: Analysts' Upgrades, Downgrades",0
2017-08-03,"Robert Olstein Buys Alphabet Inc, Apple Inc, Western Digital Corp, Sells Vitamin Shoppe Inc, ...",0
2012-03-08,"Amphenol, Jabil Part Of Apple's Manufacturing Team",0
2012-01-11,"Zacks Bull and Bear of the Day Highlights: WESCO International, Darden Restaurants, Apple, Google and Research In Motion - Press Releases",0
2019-10-30,"Dow Jones Today: Chips, Biotechs Boost Nasdaq Ahead Of Fed Rate News, Apple Earnings",1
2019-03-26,Dow Jones Futures: Don't Catch A Falling Apple; These 4 Stocks Are Moving Late,0
2017-01-12,Wall Street Breakfast: Apple Sets Its Sights On Hollywood,0
2016-10-25,Wall Street Breakfast: Apple Earnings Take Center Stage,0
2012-04-10,Apple Leads IBD's Top 5 Relative Strength Leaders,1
2012-04-05,"Apple, Visa, Other Stocks Hit 52-Week Highs Thursday",0
2016-05-26,Apple's Next Moves? Hints From M&A Talks,0
2018-01-18,Apple's Plan Will Have A Multiplier Effect - Cramer's Mad Money (1/17/18),0
2016-11-23,Intel Secret Revealed In Apple's MacBook Pro,0
2015-09-29,"Techs Erase Early Gains; Apple, Facebook Lead Nasdaq 100 Lower",1
2020-04-16,"Westside Investment Management, Inc. Buys Apple Inc, Cronos Group Inc, PDL BioPharma Inc, Sells ...",0
2019-10-11,Dow Rallies 500 Points On China Trade Deal Hopes; Is Apple In Buy Range?,0
2019-09-04,"Top Research Reports for Apple, Chevron & VMware",0
2019-08-29,"Dow Jones Futures: Stock Market Rally Nears Key Test; Apple, Microsoft, Ulta Beauty, Workday, Ambarella In Focus",0
2019-04-14,"Dow Jones Futures Soar: Stock Market Plotlines Converge, From Apple To China Trade",0
2018-09-05,Dow Barely Positive As Apple Stock On Track To End Win Streak,1
2018-09-05,Tech Stocks Struggle As Apple Threatens To Snap Win Streak,-1
2018-08-01,Apple Stock Fuels Modest Tech Rally As Fed Statement Looms Large,1
2017-08-31,Stocks Look To End Month On High Note; Apple Hits Another Record High,1
2017-06-05,Stocks Down As Apple Dips; IBD 50 Plays Generally Up,-1
2017-06-02,"Stocks Turn Mixed As Oil Falls, Payrolls Disappoint; Apple Supplier Surges",-1
2017-02-28,"Wal-Mart Tumbles, Apple Gains On Dow; Will Stocks Get Trump Bump Or Dump?",-1
2017-02-28,Buffett Sees Apple Differently - Cramer's Mad Money (2/27/17),0
2017-02-24,"Stocks Close Up, Apple Still Crisp; Did Nvidia Show A Bottoming Signal?",-1
2017-02-02,"Stanford Investment Group, Inc. Buys iShares Core MSCI EAFE, Apple, Facebook, Sells Cepheid, ...",0
2016-08-15,Twitter To Apple TV; Apple's New iPad?; Dropbox IPO - Eye On Tech,0
2016-05-27,"Top Apple, GoPro Suppliers Lead Notable Tech Stocks With Earnings Due",0
2016-03-27,"Weekly CFO Sells Highlight: Workday, Palo Alto Networks, Apple",0
2015-08-27,Apple Supplier Avago Gets PT Cut; Amazon Sees Upgrade,1
2020-04-22,"Aull & Monroe Investment Management Corp Buys Truist Financial Corp, Wells Fargo, Apple ...",0
2019-07-28,"Headliners Include Apple, Beyond Meat And IBM (Stocks To Watch Podcast)",0
2019-07-27,"Stocks To Watch: Headliners Include Apple, Beyond Meat And IBM",0
2019-07-25,"Apple, Qualcomm, And ARM Dancing A New Dance",0
2019-04-30,"G.E. Profit Triples, Apple Earnings Next (Wall Street Breakfast Podcast)",1
2019-04-30,"Wall Street Breakfast: GE Profit Triples, Apple Earnings Up Next",1
2019-04-09,Apple: Dividend Hardly Counts,0
2019-01-30,"Semis, suppliers gain on Apple, AMD reports",0
2019-01-17,"Chips, Apple suppliers slip on TSMC guidance",-1
2019-01-14,Stock Market Down But Not Out; Can Apple Get Back On Track?,-1
2018-12-04,"Apple suppliers, chips drop on Cirrus cut",0
2018-11-20,Apple Taken Down To Correction Levels,-1
2018-11-13,Apple suppliers recover despite Qorvo guide cut,1
2018-11-12,"Apple suppliers drop on Lumentum guide, iPhone target cuts",-1
2018-10-28,Apple Looks To Recharge Tech Sector (Stocks To Watch Podcast),0
2018-10-27,Apple Looks To Recharge Tech Sector,0
2018-07-11,"Intel Roundup: Downgraded, CEO Search, Baidu Win, Apple Loss",-1
2018-05-29,Apple Likely to Adopt OLED Technology in 2019 iPhone Models,0
2018-05-02,Memory stocks drop on Apple's DRAM/NAND comment,-1
2018-05-02,"Apple (AAPL) Q2 Earnings & Revenues Top Estimates, Up Y/Y",1
2018-02-14,Apple in talks for first order from Chinese chipmaker - Nikkei,0
2018-01-05,Apple's (AAPL) App Store Reports Record New Year's Day Sales,1
2017-09-20,Stocks Mixed Ahead Of Fed Decision; Apple Undercuts Key Support Levels,-1
2017-09-05,"The Zacks Analyst Blog Highlights: Alphabet, Microsoft, Apple and Western Digital",0
2017-08-03,"Robert Olstein Buys Alphabet Inc, Apple Inc, Western Digital Corp, Sells Vitamin Shoppe Inc, ...",0
2017-06-27,"Applied Optoelectronics, Finisar, Western Digital, Apple and Broadcom highlighted as Zacks Bull and Bear of the Day",0
2017-05-01,"Dow Under Pressure Despite Apple Boost; Tesla, Netflix At Record Highs",-1
2017-04-24,"BTIM Corp. Buys Bemis Co, The Priceline Group, Hill-Rom Holdings, Sells Apple, Microsoft, ...",0
2017-04-20,"Apple, Facebook, Microsoft Among Tech ETF's Heavyweights",0
2017-04-11,Apple Leads Dow Lower; Chip Stocks Falter; Cirrus Logic Drops,-1
2017-04-11,"Dow, S&P 500 Test Key Support As Caterpillar, Apple Weigh; Chip Stocks Sell Off",-1
2017-03-10,Is Apple Antifragile?,0
2017-03-06,Apple Chip Deal?,0
2017-02-01,"Apple, Western Digital PTs Raised; Under Armour, Mobileye Downgraded",0
2016-11-11,Morgan Stanley observes advantage for Apple and others on proposed tax repatriation holiday,0
2016-09-08,"Apple News Positive For Broadcom, Negative For Qualcomm",1
2016-09-08,"Apple, Nike, Lululemon Downgraded; Western Digital PT Raised",0
2016-09-07,Stocks Dip As Apple Looms; Ackman Gives Chipotle Some Love,-1
2016-07-26,"T. Rowe Price Buys Apple, Pepsi, Western Digital",0
2016-07-08,Intel Beats PC Doldrums On Apple iPhone 7 As Rival AMD 'Cracks',1
2016-05-23,"Apple Chip Suppliers Broadcom, NXP, Skyworks Up On iPhone 7 Hopes",0
2016-04-14,"Seagate Warns, GoPro Hires An Apple Designer, And Intel's President Criticizes His Company",-1
2016-02-01,"Through M&A, China Is After The Smartphone / Apple Supply Chain",0
2015-12-11,Tsinghua Has $47B To Crush Apple Supplier Qualcomm,0
2015-12-08,Apple Supplier NXP Muscles Up With Freescale Merger,0
2015-11-25,Apple Big Cloud Spender As China's Alibaba Moves Up,0
2015-11-19,Two Apple Suppliers Among 3 Top Overseas Chipmakers,0
2015-11-19,Two Apple Suppliers Among 3 Top Overseas Chipmakers,0
2015-11-19,Two Apple Suppliers Among 3 Top Overseas Chipmakers,0
2015-11-19,Two Apple Suppliers Among 3 Top Overseas Chipmakers,0
2015-11-19,Chip Fever: Microsemi Ups PMC Bid Over Apple Supplier,0
2015-10-30,"Chip Frenzy: Apple Supplier, Microsemi Trade Punches",0
2015-10-19,Microsemi Outbids Apple Supplier Skyworks For PMC,0
2015-10-17,Could Apple Stir Chip M&A Froth By Acquiring SanDisk?,0
2015-10-08,"PC sales drop sharply again in Q3; Apple, HP, Lenovo gain share",-1
2015-10-01,Apple Supplier Skyworks Is A Buy; Celgene Upgraded,1
2015-10-01,Apple Supplier Skyworks Is A Buy; Celgene Upgraded,1
2015-01-12,PC sales better than expected; Apple's share tops 7%,1
2014-07-21,Will Apple (AAPL) Surprise Q3 Earnings Estimates? - Analyst Blog,0
2014-04-28,Technology Stock Roundup: Tech Stocks Tumble But Apple Bucks The Trend - Analyst Blog,-1
2014-01-23,Will Apple (AAPL) Miss Earnings Estimates? - Analyst Blog,-1
2013-01-25,"Apple Lifts Veil on Far-Flung Supply Chain, Exposes Flaws",-1
2012-10-23,"Yahoo!, WDC, Apple: Tech Premarket",0
2012-10-23,"Yahoo!, WDC, Apple: Tech Premarket",0
2012-08-15,"Apple, Google, Western Digital Among Big Cap Leaders",0
2012-07-06,"Informatica, Seagate, Apple: Tech Premarket",0
2012-07-06,"Informatica, Seagate, Apple: Tech Premarket",0
2012-01-23,Market Preview: Apple Still Looks Tempting,-1
2011-12-30,"The Zacks Analyst Blog Highlights: Western Digital, Hitachi, Apple, Nokia and Transocean - Press Releases",0
2010-03-17,Apple's iMac Is Desktop Savior,0
2010-03-02,"Apple, H-P: Top Computer-Hardware Stocks",0
2018-10-09,"Wilsey Asset Management Inc Buys Microsoft Corp, US Bancorp, Costco Wholesale Corp, Sells Apple Inc",0
2016-08-21,"My Portfolio Update And Review Of 83 Stocks: Up 2 With Reynolds And Exelon, Down 1 With Apple",0
2016-06-24,"Shocking Brexit Outcome Roils Stocks; Apple, Boeing, Banks Slam Dow",-1
2016-06-24,Stocks Battered Further On UK Exit; How Long Will Apple's Correction Last?,0
2020-04-09,"KG&L Capital Management,LLC Buys The Wendy's Co, Apple Inc, KeyCorp, Sells Under Armour ...",0
2019-09-10,"Dow Jones Futures: A Big Day For Apple, But Ford, Wendy's Lead Early Movers",1
2018-03-29,Master CAN SLIM: How 2 Apple Breakouts Showed Great Bases Can Form Next To Poor Ones,0
2016-05-20,"Week In Review: 'Live' Fed, Buffett's Apple Bite, Wal-Mart EPS, Self-Driving Traffic Jam",0
2015-12-28,"Caxton Gains From Apple, Morgan Stanley, Disney, McDonald's, PepsiCo",1
2015-11-24,"Are Buybacks At Apple, Nike, Other Firms Good Or Bad?",1
2013-01-16,Stocks Mixed on Earnings Caution; Apple Rebounds,-1
2010-11-11,"Applebee's, Activision Blizzard: Hot Trends",0
2019-09-08,"Apple, IPOs And German Auto (Stocks To Watch Podcast)",0
2019-09-07,"Stocks To Watch: Apple, IPOs And German Auto",0
2020-05-11,"Wisconsin Capital Management Llc Buys NVIDIA Corp, Apple Inc, Ansys Inc, Sells Intuitive ...",0
2020-01-24,Top Stocks Making New Highs Before Market Sell-Off Include This Big Apple Supplier,0
2017-06-26,"Which 2 Top ETFs Holding Amazon, Apple, Celgene Are In Buy Range?",0
2017-06-26,"Which 2 Top ETFs Holding Amazon, Apple, Celgene Are In Buy Range?",0
2017-06-19,Technology Stocks Surge; Apple Leads Broad-Based Advance,1
2016-11-01,"Watch Facebook, Alibaba, Apple, Fed: Wednesday Investing Action Plan",0
2016-10-11,"Apple Wins, Samsung Loses; Amazon Going Curbside?; Twilio's Good Results - Eye On Tech",1
2016-09-07,"Stocks Nearly Flat As Apple Fails To Excite, But Nintendo Soars",-1
2016-07-28,US Stocks Rise and Apple Shares Shine,1
2016-06-17,"Week In Review: Fed Off The Table, Microsoft Buys LinkedIn, Apple WWDC, Net Neutrality, E3",0
2016-06-03,Fitbit's Sell-Through Results Significantly Better Than Apple Watch,1
2015-12-09,"Apple, Intel, Viacom, IBM Among Best Value Stocks",0
2015-08-13,Apple Pay to Support American Express Corporate Cards,0
2015-05-09,Apple Pay At Home Depot Stores - A Hit Or A Miss,-1
2015-02-20,Apple Pay vs. Samsung's LoopPay? - Analyst Blog,0
2015-02-12,"Apple, Cisco Lift Nasdaq To New Multiyear High",1
2015-02-09,Can Dr Pepper Snapple (DPS) Continue the Earnings Streak? - Analyst Blog,0
2015-01-28,Apple Starts Fiscal 2015 with a Bang - Performance Beyond Anything Ever Seen,0
2014-12-31,Google Won't Be Able To Take Advantage of Apple Pay for Long,-1
2014-12-19,"Apple Pay catching on fast, poses threat to PayPal",-1
2014-10-21,Office Depot One of the First to Accept Apple Pay - Analyst Blog,0
2014-10-20,"Apple Smashes Q4 Views On Hot iPhone 6, Mac Sales",0
2014-09-18,BlackBerry Expands E-Payments On Heels Of Apple Pay,1
2014-09-11,5 top retailers join Apple Pay,0
2014-09-11,Top 5 Retailers Partnering With Apple On Its E-Wallet,0
2014-07-02,Brooklyn Real Estate Pops As Borough Tops Big Apple,0
2012-11-26,Suppose You Bottom-Ticked Apple Stock: Now Whattayu Got?,0
2012-11-21,Apple's Black Friday Statement,0
2012-11-21,Apple's Black Friday Statement,0
2012-07-30,"Retail Stocks Imitate Technology: lululemon is to Apple as Gap, Much to its Regret, is to Microsoft",0
2012-07-24,Market Preview: One Bad Apple,0
2012-07-24,Market Preview: One Bad Apple,0
2017-02-01,"Stocks Salvage Gains In Session Stirred By Apple, AMD, Facebook, Fed",1
2010-07-20,'Fast Money' Recap: Apple a Tech Bellwether?,1
2010-03-05,Cramer's 'Stop Trading': Buy Apple,1
2010-03-04,'Mad Money' Recap: Apple Riding High With the iPad (Update 2),1
2017-03-10,Apple Goes Hollywood,0
2020-01-16,"Lawson Kroeker Investment Management Inc Buys Constellium SE, Apple Inc, Sells Constellium SE, ...",0
2019-03-24,Apple Makes Its Video-Streaming Move (Stocks To Watch Podcast),0
2019-03-23,Stocks To Watch: Apple Makes Its Video-Streaming Move,0
2018-09-08,"Stocks To Watch: Apple Event, Chinese Auto IPO To Headline",0
2018-07-28,"Stocks To Watch: Apple, Harley And Tesla On The Marquee",0
2017-10-19,"Dow, S&P 500 Battle To Positive Close; Apple, United Take Hard Hits",1
2017-09-21,Stocks Edge Lower In Quiet Session; Apple Bleeds A Little More,-1
2017-09-10,S&P 500 Futures: 4 Hurricane Stocks To Watch; Apple Is The X Factor,0
2016-12-23,"Week In Review: Dow 20K Elusive; Boeing Meets Trump; Apple, Netflix Near Buys",-1
2015-03-26,Indexes Slip In Seesaw Session; Apple Sets Up Potential Buy,1
2012-11-23,"Apple, Winnebago Lead Top Industry Gains For Week",1
2012-10-11,"Stock Futures Rising; Google, Apple, Ebay Lead Techs",1
2020-04-15,"Searcy Financial Services Inc Buys First Trust DJ Internet Index Fund, Apple Inc, Sells ...",0
2019-08-13,"H—o Am Llp Buys Alphabet Inc, Apple Inc, Amgen Inc, Sells General Motors Co, Oracle Corp, ...",0
2019-04-14,"Spotlight On Earnings, Pinterest And Apple-Qualcomm (Stocks To Watch Podcast)",0
2019-04-13,"Stocks To Watch: Spotlight On Earnings, Pinterest And Apple-Qualcomm",0
2018-11-15,Above the 40 – An Apple Breakdown Nudges Stock Market Toward Oversold,-1
2018-01-08,Apple Watch control coming to Whirlpool appliances; KeyBanc sees poor iPhone X sales,-1
2017-08-15,"Scott Black Buys Zimmer Biomet Holdings Inc, Apple Inc, Sinclair Broadcast Group Inc, Sells ...",0
2017-01-09,"Winners And Losers From CES 2017: Nvidia, Amazon, Apple, Qualcomm",-1
2016-04-26,Stocks Mixed Ahead Of Fed; Apple Gets Whacked,-1
2016-04-26,Stocks Quiet Ahead Of Fed; Apple Tests Support,1
2015-07-24,"Apple, Caterpillar Point To China's Uneven Transition",-1
2015-07-22,"Apple, Vendors Drag Stocks Lower: Chipotle, Intuitive Surgical Soar",-1
2015-07-22,"Minus Apple, Tech Sector Q2 Earnings Soft - Ahead of Wall Street",-1
2015-07-22,"Stock Futures Down, Action Mixed; Apple, Vasco, Illumina Tumble",-1
2013-10-22,"Stocks Open On Positive Note; Whirlpool, Netflix, Apple Climb",1
2012-07-24,Stocks Down on Euro Zone Woes; Apple Misses in After Hours,-1
2016-05-16,"Warren Buffett Buys Apple, One Of Two Things Buffett Is Doing That He Doesn't Do",0
2019-06-02,"Apple's WWDC, DuPont's Return And Tariff Anxiety (Stocks To Watch Podcast)",0
2019-06-01,"Stocks To Watch: Apple's WWDC, DuPont's Return And Tariff Anxiety",0
2018-09-08,"Stocks To Watch: Apple Event, Chinese Auto IPO To Headline",0
2017-02-27,"Buffett Doubles Apple, Seeks Deals",0
2017-01-24,Apple Making America Great Again?,1
2011-10-13,'Mad Money Lightning Round': Apple Going Higher,1
2010-09-21,"52-Week Highs: Qwest, Apple, Baidu",0
2010-09-20,"52-Week Highs: Apple, Qwest, Baidu",0
2019-05-02,"25 Upcoming Dividend Increases Including Apple, Exxon And One Dividend King",1
2012-04-16,"Winmark is More Profitable than Apple with Insiders Buying (WINA, AAPL, JWN)",1
2019-11-15,"Sunbelt Securities, Inc. Buys Exxon Mobil Corp, Berkshire Hathaway Inc, Apple Inc, Sells ...",0
2017-06-07,"Stocks Open Higher; Apple, Nike Stake Early Leads",1
2018-07-12,"Wix, Shutterfly gain as Apple ends Photo Print Products",0
2018-06-02,"Stocks To Watch: Eyes On Apple's WWDC, SCOTUS And D.C.",0
2016-09-13,"Acacia, Ambarella, Apple, Facebook Lead Wednesday's Investing Plan",0
2015-06-09,Apple: WWDC15 And The Evolution Into The First Trillion Dollar Market Cap Company,1
2018-11-02,"Nasdaq Sinks On Apple Flop, Small Caps Up; Can This Sector Fight Back?",-1
2017-11-01,Stocks Mixed; This California Builder Breaks Out; What To Watch For In Apple,0
2016-08-30,Apple Owes Ireland Billions - Good,1
2014-07-28,"Apple, Chipotle Among 5 Top Stocks Leading Market",1
2014-05-05,"Apple Tops 600, Among Bolting RS Line Stocks",1
2012-12-06,Stocks Climb as Apple Shares Rebound,1
2019-10-10,"RB Capital Management, LLC Buys Apple Inc, Amcor PLC, Abbott Laboratories, Sells Red Hat Inc, ...",0
2020-02-11,"Skylands Capital, LLC Buys Williams Inc, Hillenbrand Inc, Insperity Inc, Sells Apple Inc, ...",0
2019-03-24,Apple Makes Its Video-Streaming Move (Stocks To Watch Podcast),0
2019-03-23,Stocks To Watch: Apple Makes Its Video-Streaming Move,0
2016-10-28,"What Fidelity Trend Fund Likes About Apple, Amazon And Alphabet",0
2016-08-19,U.S. V. Apple - The Looming Trial Of The Century?,0
2016-05-16,"Warren Buffett Buys Apple, One Of Two Things Buffett Is Doing That He Doesn't Do",0
2015-12-14,Apple's Love/Hate Relationship With Taylor Swift Heats Up,-1
2016-12-28,"Stocks Close Near Lows, But Apple, Tesla Aim At Fourth Up Week",0
2010-09-14,Cramer's 'Mad Money' Recap: Apple New Retail King (Final),0
2017-02-01,"Stocks Ease Ahead Of Fed, Facebook; Apple, Nvidia Up Nicely",1
2015-12-23,Apple Tax Charges 'Total Political Crap',0
2016-11-14,"Stocks Narrowly Mixed In Late Trade; Nasdaq Lags, Apple, Facebook Get Hit Again",0
2013-01-03,"Stocks to Watch: Apple, AMD, Mellanox",0
2019-06-02,"Apple's WWDC, DuPont's Return And Tariff Anxiety (Stocks To Watch Podcast)",0
2019-06-01,"Stocks To Watch: Apple's WWDC, DuPont's Return And Tariff Anxiety",0
2019-01-08,John And Jane's Taxable Account Dividend Increases And Income Tracker - The Apple Effect,0
2016-08-21,"My Portfolio Update And Review Of 83 Stocks: Up 2 With Reynolds And Exelon, Down 1 With Apple",0
2015-05-26,History Tells Us That This Apple Doesn't Fall Far From The Tree,0
2019-06-02,"Apple's WWDC, DuPont's Return And Tariff Anxiety (Stocks To Watch Podcast)",0
2019-06-01,"Stocks To Watch: Apple's WWDC, DuPont's Return And Tariff Anxiety",0
2016-08-21,"My Portfolio Update And Review Of 83 Stocks: Up 2 With Reynolds And Exelon, Down 1 With Apple",0
2017-08-15,"Scott Black Buys Zimmer Biomet Holdings Inc, Apple Inc, Sinclair Broadcast Group Inc, Sells ...",0
2012-01-23,Cramer's 'Mad Money' Recap: How to Trade Apple (Final),0
2016-05-13,Apple Challenges Uber For The Future Of Driving,-1
2016-08-23,Apple Wants You To Feel Better,1
2016-08-19,U.S. V. Apple - The Looming Trial Of The Century?,0
2016-07-01,Jay Z Sells Out To Apple,0
2019-05-02,"25 Upcoming Dividend Increases Including Apple, Exxon And One Dividend King",1
2019-09-09,Apple Stock Eyes Breakout As New iPhone Awaits: Investing Action Plan,0
2019-03-24,Bitter Apple Puts,0
2017-04-13,"Salem Capital Management Inc Buys Occidental Petroleum, PayPal Holdings, Apple, Sells ...",0
2017-01-24,"Cascade Investment Advisors, Inc. Buys Apple Inc, Williams-Sonoma Inc, Scripps Networks ...",0
2016-03-17,"Analysts Act On Apple Supplier Jabil Circuit, Microsoft",0
2015-03-19,"Stocks Mixed; Apple Joins Dow, Cerner Gets Upgrade",0
2014-12-17,"Apple Store, Williams-Sonoma Draw Big Holiday Traffic",0
2014-11-20,"Stocks Extend Gains As Apple, Retailers Rally",1
2012-03-08,"Stocks to Watch: Apple, Williams-Sonoma, McDonald's (Update 1)",0
2012-03-02,Penney Turns To Another Apple Exec In Brand Reboot,0
2020-05-07,"Benjamin Edwards Inc Buys Valero Energy Corp, Apple Inc, Vanguard Long-Term Corporate Bond ETF, ...",0
2019-09-08,"Apple, IPOs And German Auto (Stocks To Watch Podcast)",0
2019-09-07,"Stocks To Watch: Apple, IPOs And German Auto",0
2017-02-14,Stock Indexes Hang Tough: Apple Rises; Banks Up On Yellen Stance,1
2018-06-02,"Stocks To Watch: Eyes On Apple's WWDC, SCOTUS And D.C.",0
2016-04-15,Stocks Rally For Week; Apple Breaks Key Support,1
2018-08-10,"Apple, Indexes Fall On Turkey Fear; These 6 Stocks Hit Sell Signals",-1
2017-05-03,"Fed Speaks, Market Yawns; Dow Edges Up; Techs Pressured But Apple Fights Back",-1
2017-05-02,"Stocks Set To Fall On Apple; How To Play Facebook, Tesla Earnings",0
2016-12-22,"Stock Indexes Lower; Apple Gaps Down, Retailers Slammed",-1
2013-04-17,"Brian Rogers of T Rowe Price Buys 4 New Stocks, Including Apple in Q1",0
2013-03-11,"Western Union Releases Apple, Google Android Apps",0
2019-03-24,Apple Makes Its Video-Streaming Move (Stocks To Watch Podcast),0
2019-03-23,Stocks To Watch: Apple Makes Its Video-Streaming Move,0
2018-10-19,"Handelsbanken Fonder AB Buys Bank OZK, Strategic Education Inc, Merck Inc, Sells Apple Inc, ...",0
2017-11-13,Stocks Up As Apple Still Leads; China Internets Strong; Could GE Hit $10 A Share?,1
2017-11-10,"Stocks Down, Apple Still Solid; Will These 3 China Stock Leaders Hold Up?",1
2014-01-03,"Stocks Remain Mixed; Apple, Google Weigh On Nasdaq",-1
2016-07-08,"Week In Review: Stocks Rise Despite Brexit Fears; Tesla, Costco, Apple, WhiteWave",0
2016-07-07,"Stocks Pare Gains; Apple Gets Good News, Silicon Motion, WhiteWave Soar",1
2015-08-28,"Apple, Amazon Among 27 'Quality' Buys On Dip: Analyst",0
2015-05-19,"The Zacks Analyst Blog Highlights: Keurig Green Mountain, Dr Pepper Snapple Group and WhiteWave Foods - Press Releases",0
2014-09-09,Stocks Close Lower As Apple Influences Trading,0
2014-09-04,Will Dr Pepper Snapple's Asset Buy in PA Boost Sales? - Analyst Blog,1
2014-08-29,Can Dr Pepper Snapple Sustain the Solid 1H Results in 2H? - Analyst Blog,1
2014-07-24,"Dr Pepper Snapple Q2 Earnings Beat Estimates, Ups FY Guide - Analyst Blog",1
2014-02-10,Dr Pepper Snapple Ups Div by 7.9% - Analyst Blog,0
2015-01-13,"Stock Futures Higher As Oil Dive Continues; Alcoa, Apple Rise",1
2015-07-01,WidePoint Corporation: Does A Samsung Contract Matter With Apple's Dominance In America,0
2020-05-13,"Brick & Kyle, Associates Buys Apple Inc, SPDR Series Trust S&P Biotech, Amazon. ...",0
2020-01-22,"Appleton Group Wealth Management Llc Buys Schwab Emerging Markets Equity ETF, Industrial Select ...",0
2019-07-30,"Bnp Paribas Arbitrage, Sa Buys SPDR S&P 5……, Apple Inc, Alibaba Group Holding, Sells ...",0
2018-05-04,"Regeneron: Like Apple In 2016, Hated But Great - And Ready To Roll",1
2017-09-12,"Like Apple, This Market-Beating Dividend Play Is In Buy Range",1
2016-09-07,"Oil ETFs Rise In Mixed Stock Market; Apple Up, Gold Rally Pauses",1
2016-05-13,"Apple, Biotechs Dive Again; Time To Buy Retail? - Bezek's Daily Briefing",0
2016-05-13,Apple Challenges Uber For The Future Of Driving,-1
2011-06-06,"5 Stocks to Watch: Apple, Google",0
2018-08-03,10 Reasons Apple Hit $1 Trillion - Cramer's Mad Money (8/2/18),-1
2020-04-24,"Swarthmore Group Inc Buys BlackRock Inc, Apple Inc, Facebook Inc, Sells iShares Core S&P ...",0
2018-01-19,"State of Alaska, Department of Revenue Buys Apple Inc, Microsoft Corp, Amazon. ...",0
2017-04-07,"Kohmann Bosshard Financial Services, LLC Buys Facebook, Apple, Huntington Bancshares, Sells ...",0
2016-08-21,"My Portfolio Update And Review Of 83 Stocks: Up 2 With Reynolds And Exelon, Down 1 With Apple",0
2014-02-21,"Tesla Battery Factory Might Power Up SolarCity, Apple",0
2018-08-01,Appleton Group Wealth Management Llc Buys Schwab U.S. ...,0
2018-05-02,"Market Volatility Bulletin: Apple Gives Stocks A Lift, While Vol Holds Tight",1
2012-03-19,"Zacks Bull and Bear of the Day Highlights: Apple, XL Group Plc, Urban Outfitters, Gap and Abercrombie & Fitch - Press Releases",0
2019-07-09,Apple Drove Frothy Market Lower On Monday,-1
2017-02-08,"United Asset Strategies, Inc. Buys Hanesbrands, Colgate-Palmolive Co, Apple, Sells Lear, SPDR ...",0
2016-07-24,"S&P 500 Weekly Earnings Update: Technology - Ex-Apple - Energy, Basic Mat Sectors Look Healthy Into Year-End 2016",1
2020-02-14,"Fragasso Group Inc. Buys Apple Inc, Booking Holdings Inc, iShares Core U.S. ...",0
2020-01-22,"Appleton Group Wealth Management Llc Buys Schwab Emerging Markets Equity ETF, Industrial Select ...",0
2020-01-01,"2020 Predictions: No Rate Cuts, No Recession, Sell Apple, Buy Energy",0
2020-01-22,"Appleton Group Wealth Management Llc Buys Schwab Emerging Markets Equity ETF, Industrial Select ...",0
2019-10-16,Appleton Group Wealth Management Llc Buys Schwab U.S. ...,0
2020-04-29,ETFs to Watch as Apple Gears Up to Report Q2 Earnings,0
2020-02-06,"Welch Capital Partners Llc Buys Pluralsight Inc, Boston Properties Inc, Apple Inc, Sells ...",0
2020-01-29,Apple ETFs to Buy Post Blockbuster Q1 Results,0
2020-01-29,Do You Rely Too Much On Apple Stock?,0
2020-01-27,Apple Set to Beat Q1 Earnings Estimates: Tech ETFs to Buy,1
2020-01-10,"Apple at All-Time High, Poised for an Upbeat Q1: ETFs to Benefit",1
2019-12-13,"Apple, semis gain on trade text deal",0
2019-12-03,"After a Sweet November, Apple ETFs are Set for a Warm December",0
2019-11-01,"How To Invest In Apple, Microsoft With A Single Tech ETF",0
2019-10-29,Apple ETFs in the Spotlight Ahead of Fiscal Q4 Earnings,1
2019-10-22,Do You Own These Three Top Tech Stocks (And It's Not Just Apple)?,0
2019-10-22,Should You Buy Apple ETFs Ahead of the Holiday Season?,0
2019-09-11,"Semis gain after Apple event, trade optimism",1
2019-09-11,Apple Unveils New Gadgets: ETFs in Focus,0
2019-08-23,"Apple, chip stocks take a beating after China tariffs, Trump tough talk",1
2019-07-31,Top-Ranked Apple ETFs to Buy on Strong Q3 Earnings,1
2019-07-29,Should You Buy Apple ETFs Ahead of Q3 Earnings?,0
2019-07-23,"Apple May Buy Intel's 5G Modem Business, ETFs to Rally",1
2019-07-09,Apple Drove Frothy Market Lower On Monday,-1
2019-05-15,"Barclays Plc Buys Apple Inc, The Communication Services Select Sector SPDR Fund, Chevron Corp, ...",0
2019-05-02,Take a Bite of Apple With These ETFs on Solid Earnings,1
2019-05-01,"Stocks Pull Back After Fed Statement, But Apple Holds Big Gains",1
2019-04-29,Should You Buy Apple ETFs Ahead of Q2 Earnings?,0
2019-04-21,"Podcast: Apple-Qualcomm, Intel 5G, Samsung Galaxy Fold",0
2019-03-24,"Podcast: Nvidia GTC, Google Stadia, HP And Oculus VR, Apple",0
2019-02-10,"Podcast: Apple, 5G Vs. WiFi, Digital Privacy, Spotify",0
2019-01-30,"Semis, suppliers gain on Apple, AMD reports",0
2019-01-30,Apple Rallies on Earnings Beat: Top-Ranked Tech ETFs to Buy,1
2019-01-29,Apple ETFs to Watch Out For Ahead of Q1 Earnings,0
2019-01-10,Is Falling iPhones Demand an Entry Point to Apple ETFs?,0
2019-01-09,XLK Holdings Series Part 2: Analyzing Apple's Evaluation,0
2019-01-07,"Apple: Regrets, I Had A Few, And Did It My Way",0
2019-01-03,"Tech lunch: Apple, suppliers drag the Street",0
2019-01-03,"Apple Tanks, Lowers Q4 Revenue Outlook: Tech ETFs in Focus",-1
2019-01-02,Suppliers drop on Apple's warning,-1
2018-12-12,Can Apple Survive a Prolonged U.S.-China Trade War?,-1
2018-12-10,"Tech lunch: Apple's China woes weigh, semis strong",1
2018-12-06,"Tech lunch: Sector slides on Huawei arrest, Apple supplier print",0
2018-12-04,"Tech lunch: Apple suppliers, trade specifics push red",0
2018-11-28,ETFs in Focus as Microsoft Races Past Apple,0
2018-11-26,Can Cyber Monday Save Apple ETFs?,0
2018-11-19,"Tech lunch break: Apple cuts, Nvidia build add pressure",-1
2018-11-13,Tech lunch break: Apple's suppliers recover,1
2018-11-13,Apple Woes Trigger Tech Sector Rout: ETFs Under Threat,-1
2018-11-12,"Apple Cracks, Tech Sector, GE Hit By Weak Forecasts, Trump Blames Democrats",-1
2018-11-12,Tech lunch break: Apple supplier woes sink sector,0
2018-11-02,Week in tech: Apple pulls red on soft holiday guide,1
2018-10-15,"Tech lunch break: Netflix, Apple lead back down",-1
2018-10-02,"Apple Is Outperforming, But...",1
2018-09-11,Trump's Tariff Threat to Hurt Apple: ETFs in Focus,-1
2018-09-05,Apple Sees an Awesome August: Play the Momentum With 3 ETFs,1
2018-09-03,"Technology, Apple, And Did Tim Cook Pull Off A Remarkable Feat?",1
2018-08-01,Apple ETFs Set to Surge Post Strong Q3 Results,1
2018-08-01,5 Top Tech-Stock Plays Poised To Move On Apple's Earnings Beat,1
2018-07-30,Should You Buy Apple ETFs This Earnings Season?,0
2018-06-11,Apple's iPhone Order Cut Report May Hurt These ETFs,-1
2018-06-08,"Tech sector under pressure from Apple suppliers, semi equipment stocks",-1
2018-06-04,These 6 Stock Plays Make Sure You Won't Miss Apple's Gains,-1
2018-05-08,Why You Should Believe in Buffett & Bet on These Apple ETFs,0
2018-05-08,6 Top-Ranked ETFs With Apple in Basket for Juicy Returns,0
2018-05-04,"6 Ways To Win From Apple's Earnings, Buffett News And Breakout",1
2020-04-16,"Capital Financial Planning, LLC Buys Pimco Investment Grade Corporate Bond Index Exchan, Apple ...",0
2020-02-07,"Lido Advisors, LLC Buys Apple Inc, Altria Group Inc, SPDR S&P 5…… ETF Trust, Sells The ...",0
2019-11-07,"Bessemer Group Inc Buys Union Pacific Corp, Consumer Staples Select Sector SPDR Fund, Apple ...",0
2019-08-20,"Prospera Financial Services Buys Invesco S&P 5…… Low Volatility ETF, Apple Inc, iShares ...",0
2018-05-02,"Market Volatility Bulletin: Apple Gives Stocks A Lift, While Vol Holds Tight",1
2018-03-15,"Apple: Tech Rally Exhausted, Time To Hedge",1
2017-12-06,"Tech Stock Pullback Creating Opportunities In Apple, Microsoft?",1
2012-04-27,The Week Ahead: Will Europe Spoil Apple's Party?,0
2012-02-15,"Apple Rumors, Greece Halt Rally: Dave's Daily",0
2020-01-27,"Dow Jones Futures: China Coronavirus Slams Stock Market Rally; Apple, AMD, Starbucks On Tap; Acceleron Skyrockets",0
2019-06-02,"Apple's WWDC, DuPont's Return And Tariff Anxiety (Stocks To Watch Podcast)",0
2019-06-01,"Stocks To Watch: Apple's WWDC, DuPont's Return And Tariff Anxiety",0
2020-05-15,"Symmetry Partner, LLC Buys Apple Inc, SPDR Select Sector Fund - Utilities, Vanguard Short-Term ...",0
2020-05-14,"Employees Retirement System of Texas Buys Microsoft Corp, Apple Inc, iShares iBoxx $ High Yield ...",0
2020-04-15,"Secure Asset Management, LLC Buys Apple Inc, First Trust Health Care AlphaDEX, iShares Core ...",0
2020-04-01,Stocks Close Near Session Lows As Apple Drops Below A Key Chart Level,0
2019-07-30,"Bnp Paribas Arbitrage, Sa Buys SPDR S&P 5……, Apple Inc, Alibaba Group Holding, Sells ...",0
2019-04-12,"Community Trust & Investment Co Buys Alphabet Inc, Apple Inc, Amazon. ...",0
2018-11-12,Apple iPhone Woes Contribute To Stock Market Sell-Off,-1
2018-03-15,"Apple: Tech Rally Exhausted, Time To Hedge",1
2017-11-16,"Apple, Cisco, Wal-Mart Rally; Do You Own These 3 Buffett Stocks?",0
2017-02-01,"Appleton Group Wealth Management Llc Buys Schwab U.S. REIT, Schwab U.S. ...",0
2016-07-20,This Tech ETF With Less In Apple And Alphabet Is Better Off For It,1
2020-05-06,"Appleton Group Wealth Management Llc Buys ProShares UltraShort Dow'…, Sells Schwab U.S. ...",0
2020-04-16,"Capital Financial Planning, LLC Buys Pimco Investment Grade Corporate Bond Index Exchan, Apple ...",0
2020-02-24,"IMC-Chicago, LLC Buys SPDR S&P 5……, ProShares UltraPro S&P 5……, Apple Inc, ...",0
2019-05-10,"Rockefeller Capital Management L.P. Buys Apple Inc, TE Connectivity, Covetrus Inc, Sells ...",0
2017-05-08,Apple Lifts Dow ETF; Tech Fund Hits Highest Level Since 2000,1
2017-05-02,Dow ETF Rises Thanks To 3 Big Names; Small Caps Lag; Will Apple Surprise?,1
2017-05-01,2 ETFs Power Ahead As Apple Hits New Record High,1
2017-02-08,"United Asset Strategies, Inc. Buys Hanesbrands, Colgate-Palmolive Co, Apple, Sells Lear, SPDR ...",0
2020-04-15,"Searcy Financial Services Inc Buys First Trust DJ Internet Index Fund, Apple Inc, Sells ...",0
2019-08-20,"Prospera Financial Services Buys Invesco S&P 5…… Low Volatility ETF, Apple Inc, iShares ...",0
2018-02-16,"Want Access To Top Dow Jones Stocks Apple, Boeing And More?",0
2017-05-08,Apple Lifts Dow ETF; Tech Fund Hits Highest Level Since 2000,1
2017-02-01,"Appleton Group Wealth Management Llc Buys Schwab U.S. REIT, Schwab U.S. ...",0
2016-10-24,"Your ETF Investing Action Plan This Week: Apple, Amazon And Solar",0
2012-04-27,The Week Ahead: Will Europe Spoil Apple's Party?,0
2012-03-05,Market Preview: Apple Takes a Breather,1
2017-05-08,Apple Lifts Dow ETF; Tech Fund Hits Highest Level Since 2000,1
2017-05-03,"Bnp Paribas Arbitrage, Sa Buys Apple Inc, SPDR S&P 5……, Microsoft Corp, Sells iShares U. ...",0
2019-11-08,"Meridian Wealth Advisors, LLC Buys SPDR S&P 5…… ETF Trust, Apple Inc, iShares Core ...",0
2016-08-30,Wall Street Breakfast: Apple Slammed In EU Tax Crackdown,-1
2018-08-01,"Wall Street Breakfast: Fed, Apple, Tariffs",0
2013-08-14,Major Indexes Hold Lower; Apple Softens Nasdaq's Hit,-1
2015-07-08,"Zacks Industry Outlook Highlights: eBay, Apple, Google, Facebook and Xoom - Press Releases",0
2013-09-23,Stocks Close Lower As Apple Gives Nasdaq A Boost,1
2013-03-11,"Western Union Releases Apple, Google Android Apps",0
2017-07-25,"Stocks Mixed; Apple, Top Techs Still In Reach With These 2 Plays",0
2017-06-12,These 3 Sectors Ignore Market Sell-Off; Is Apple Done for Now?,0
2017-05-09,"Apple, Airlines Get Buffett Boost, But Dow ETF Turns Negative",-1
2017-05-08,Apple Lifts Dow ETF; Tech Fund Hits Highest Level Since 2000,1
2017-05-01,2 ETFs Power Ahead As Apple Hits New Record High,1
2020-02-10,"Dow Jones Futures: Microsoft Tops Apple, Amazon Bests Google As Big Tech Leads Stock Market Rally; Slack Slacks Off Late",1
2018-09-10,"Apple, Snap Weak Again; Will This Sector Help Dow Beat Nasdaq In Q3?",-1
2018-07-28,"Stocks To Watch: Apple, Harley And Tesla On The Marquee",0
2019-01-24,Markets Grapple With Government Dysfunction,0
2019-01-09,Apple Didn't Tell Us Anything New About China,0
2018-08-06,Apple's $1 Trillion Lesson And Benefits - Weekly Blog # 536,0
2016-01-26,"Tricky Tuesday - China, Apple And The Fed",0
2016-10-28,"Week In Review: Apple, Amazon, Alphabet Are A-Listers On Crowded Earnings Stage",0
2016-04-13,Stocks Rally To '16 High; Apple Retakes Key Level,1
2016-03-29,"Stocks Get Fed Boost; Apple, Microsoft Lead Dow",1
2016-03-29,Stocks Rally On Fed Comments; Apple Leads Dow,1
2016-03-15,"Stocks Quiet Ahead Of Fed, But Apple Gaps Up",1
2016-02-16,"Stocks Hit Session Highs; Apple, Boeing Lift Dow",1
2014-10-21,"Stocks Post Solid Early Advance; Apple Lifts Nasdaq, S&P 500",1
2014-09-25,Apple Fuels Tech Sell-Off; Valeant Bucks The Trend,1
2019-07-25,"Private Advisory Group LLC Buys Boeing Co, The Walt Disney Co, Apple Inc, Sells Vanguard FTSE ...",0
2019-04-15,"Trading The Earnings And Analysts' Ratings - Case For Apple, Chipotle, And The Retailers",0
2020-01-28,"Dow Jones Today, Stocks Bounce As Apple, AMD Rise Before Earnings; Tesla, China Stocks Rally",1
2019-08-13,"Riverhead Capital Management Llc Buys Microsoft Corp, Apple Inc, Amazon. ...",0
2019-12-13,"Apple, semis gain on trade text deal",0
2019-09-11,"Semis gain after Apple event, trade optimism",1
2019-08-23,"Apple, chip stocks take a beating after China tariffs, Trump tough talk",1
2019-08-13,"Semis, Apple gain on tariff news",1
2019-06-13,Apple And The New Chip Paradigm With Mark Hibben (Podcast),0
2019-01-16,"Semis, Apple suppliers face tough reports - KeyBanc",-1
2019-01-03,"Tech lunch: Apple, suppliers drag the Street",0
2018-12-04,"Tech lunch: Apple suppliers, trade specifics push red",0
2018-11-19,"Tech lunch break: Apple cuts, Nvidia build add pressure",-1
2018-11-13,Tech lunch break: Apple's suppliers recover,1
2018-11-13,Apple Woes Trigger Tech Sector Rout: ETFs Under Threat,-1
2018-09-13,"Semi stocks rebound after Apple event, analyst actions, morning news",1
2016-07-05,Gold ETF Streaks Further Ahead; Chip ETFs Hit On Apple IPhone Report,1
2016-03-14,Chip ETFs Get Their Mojo On: Inside 4 As Apple To Reveal New iDevices,0
2015-07-22,Chip stocks down sharply following Apple/ARM/Linear's Q2 reports,-1
2015-05-27,"Avago Soars On Apple iPhone, But Storage May Hurt Q2",-1
2018-10-15,"Tech lunch break: Netflix, Apple lead back down",-1
2016-06-06,3-Way Apple V. Google V. Amazon Voice Assistant Battle Will Drive M&A,0
2020-02-17,"H—o Am Llp Buys The Walt Disney Co, Tiffany, Uber Technologies Inc, Sells Apple Inc, ...",0
2018-06-02,"Stocks To Watch: Eyes On Apple's WWDC, SCOTUS And D.C.",0
2017-05-01,"Appleton Partners Inc Buys SPDR S&P 5……, iShares Core U.S. ...",0
2016-10-28,"What Fidelity Trend Fund Likes About Apple, Amazon And Alphabet",0
2019-01-24,Markets Grapple With Government Dysfunction,0
2019-01-09,Apple Didn't Tell Us Anything New About China,0
2018-08-06,Apple's $1 Trillion Lesson And Benefits - Weekly Blog # 536,0
2020-02-11,"Optimus Prime Fund Management Co., Ltd. Buys Yelp Inc, ServiceNow Inc, Fortinet Inc, Sells Apple Inc",0
2019-08-09,"Dow Jones Today: Futures Dive As Apple, Boeing Stock Trip On Trade War",0
2018-01-05,Apple's (AAPL) App Store Reports Record New Year's Day Sales,1
2017-06-12,"David Einhorn Sells Apple, Time Warner, FMC",0
2017-03-24,Apple's Augmented Reality Challenge,-1
2016-02-01,"Through M&A, China Is After The Smartphone / Apple Supply Chain",0
2017-04-20,"Apple, Facebook, Microsoft Among Tech ETF's Heavyweights",0
2017-02-15,"Soros Goes For Facebook, Appaloosa Cuts Apple; Airlines Popular",0
2017-01-24,"Stocks Up Again, Growth Stocks Shine; Apple Shrugs Off Downgrade",1
2017-01-24,Apple Making America Great Again?,1
2016-12-21,17% Pop On Apple Supplier Deal,0
2016-10-27,"Amazon Misses, Google Beats; Apple's New Products; Verizon-Yahoo Is On -- Eye On Tech",-1
2016-10-21,"Apple PT Raised; Microsoft, PayPal Upgraded; Yahoo Downgraded",-1
2016-10-18,"Apple, Netflix, eBay Price Targets Raised; Yahoo Downgraded",1
2016-10-18,"Verizon Q3 Earnings Drop Expected: Apple, Yahoo Updates On Tap",0
2016-10-11,"Apple Wins, Samsung Loses; Amazon Going Curbside?; Twilio's Good Results - Eye On Tech",1
2016-09-20,"Apple's iPhone Is Good, No Bad?; Google's New Devices; Adobe's Earnings Beat - Eye On Tech",1
2016-08-24,"Hedge Funds Dumped Apple, Netflix Stock In Q2, Bought Yahoo, Nike",0
2016-08-04,Apple Energy?; Target Selling Kindles; Facebook Slams Clickbait - Eye On Tech,0
2016-07-29,"Apple, Facebook, Alphabet, Amazon, Ford, McDonald's Headlined Busy Week",0
2016-07-25,Stocks Extend Modest Losses; Analyst Raises Apple Price Target,1
2016-07-20,A New Apple Partnership?,0
2016-07-19,Yahoo Mystery: Why Was Apple Mentioned As Search Partner On Earnings Call?,0
2016-07-17,SoftBank Will Buy Apple Chip Design Supplier ARM For $32 Billion,0
2016-07-11,"Apple Gets Price Target Cut; Twitter, Yahoo Downgraded",-1
2016-06-13,Is Apple Becoming A 'YES' Player?,0
2016-06-10,"Eye On Tech: Yahoo Second-Round Bids Arrive, And Apple Reportedly Plans Another Android App",0
2016-06-07,"David Einhorn Buys Apple, Yahoo, Yelp",0
2016-06-06,3-Way Apple V. Google V. Amazon Voice Assistant Battle Will Drive M&A,0
2016-05-26,"Apple M&A Options: Look At Time Warner, Netflix, Disney Market Caps",0
2016-05-26,"Eye On Tech: Alibaba Gets Probed By The SEC, And Apple Reportedly Explores EV Charging",0
2016-05-20,Stocks Rally; Apple On Track For Big Weekly Gain,1
2016-05-18,"Why Apple, Google, Amazon And Facebook Should Fear Hedge Funds In A Time Of Disquiet",0
2016-05-17,Warren Buffett's Bad Apple,0
2016-05-16,"Soros, Greenlight Join Berkshire With Apple Buys; Facebook Slashed",0
2016-05-16,"As Growth Investors Flee Apple, Warren Buffett Sees Value",1
2016-05-16,Stocks Regain Key Support; Apple Jumps On Buffett's Big Buy,1
2016-05-16,"Warren Buffett Buys Apple, One Of Two Things Buffett Is Doing That He Doesn't Do",0
2016-05-16,"Stock Futures Mixed; Apple, Yahoo Get Buffett Boost",1
2016-05-06,Speculation Apple At Root Of Google Q1 Ad-Commission Hike Persists,-1
2016-04-27,"Techs Pace Down Session; Yahoo Shakes Up Board, Apple Dives",0
2016-04-20,"Apple PT Cut; Boeing Downgraded; Yahoo, J&J PTs Hiked",-1
2016-04-13,"Apple, Amazon Lead 5 Tech Stocks Making Notable Moves",1
2016-04-04,"Apple, Facebook, Yahoo PTs Raised; SolarCity PT Cut",1
2016-03-24,Apple Leads 3 Big-Name Tech Stocks Making Moves In Internet Space,0
2016-03-22,"Microsoft, Inphi Plan To Leave Amazon, Apple In Digital Drone Dust",0
2016-02-29,"Apple Defies Washington, Plays With Beijing",0
2016-02-18,Apple's iPhone Privacy Stand Draws Tech Industry Support,1
2016-02-09,"As Apple Ad Blocking Spreads, Wired Curbs Access To Ad-Block Users",0
2016-02-03,Tesla Initiated At Sell; Apple Chipmakers Get Mixed Reviews,0
2016-02-03,Apple Is #2,0
2016-01-08,"Facebook, Apple, Tech Execs In Anti-Terrorism Talks",0
2015-12-23,Apple Tax Charges 'Total Political Crap',0
2015-12-11,Critics pick on Apple's 'Quasimodo' iPhone case,-1
2015-12-10,"Suppliers For Apple, Tesla Initiated With Bullish PTs",1
2015-12-10,"Apple Supplier Avago Is A Buy, Mobileye Started Lower",0
2015-12-04,Apple Chip Suppliers Among Week's Top Insider Trades,0
2015-11-05,"Apple, Alphabet Jumping Into Artificial Intelligence",0
2015-11-05,"Apple, Alphabet Jumping Into Artificial Intelligence",0
2015-10-21,"Apple Joins Facebook, Netflix Vs. Cybersecurity Bill",0
2015-10-20,Tesla Skids On Reliability Report; Is Apple Music Gaining Traction?,1
2015-10-15,Yahoo: Mail Takes A Page Out Of The Apple Playbook,0
2015-10-09,Apple Deletes Ad-Blocking Apps Amid Security Concerns,-1
2015-10-06,"No Safe Harbor: EU Privacy Ruling Hits Apple, Google",0
2015-09-25,"Google Skips Ads, Apple Allows Ad-Blocks, AOL Polls",0
2015-09-17,Is Apple Ad-Blocking A Mobile Ad-pocalpyse?,0
2015-09-15,"The Zacks Analyst Blog Highlights: Apple, Google, Microsoft, Yahoo and Alibaba",0
2015-09-14,"Stocks Fall In Quiet Trading; Chip Names, Apple, Buffer Nasdaq 100",0
2015-09-14,Stocks Edge Lower; iPhone Demand Fuels Apple; Yahoo Slumps,1
2015-09-14,"Stocks Open To Quiet Losses: Cynosure, Xilinx, Apple Rising",-1
2015-09-14,"Yahoo, Apple Supplier Top 5 Big-Cap Tech Losers",-1
2015-09-09,Tech Stocks Rally Reverses After Apple Announcement,1
2015-09-01,Can Ian Rogers Bring Apple Magic To 'Digital Luxury'?,0
2015-08-18,"The Zacks Analyst Blog Highlights: Microsoft, Apple, Facebook and Yahoo",0
2015-08-11,"The Zacks Analyst Blog Highlights: Apple, Intel, VMware, Microsoft, Google and Yahoo - Press Releases",0
2015-08-10,"Tech Earnings Roundup: Apple Falls, Intel Launches Skylake - Analyst Blog",0
2015-07-22,"Take Two Interactive, Forex Capital Markets, Apple, Microsoft and Yahoo highlighted as Zacks Bull and Bear of the Day - Press Releases",0
2015-07-21,Apple Tumbles After Earnings AAPL MSFT YHOO CMG GOOG GOOGL NFLX,-1
2015-07-21,"Apple, Yahoo & Microsoft Report Earnings, Sell Off - Analyst Blog",0
2015-07-21,The Post-Apple Q2 Earnings Scorecard - Earnings Outlook,1
2015-07-21,The Post-Apple Q2 Earnings Scorecard - Earnings Trends,1
2015-07-21,Apple to Justify the Nasdaq? - Ahead of Wall Street,0
2015-07-21,"Stock Futures Mixed, IBM Weighs; Infosys, Tesla, Apple In Motion",0
2015-07-21,"Tech Heavy Earnings Expected After The Closing Bell: Apple, Microsoft And Yahoo! Take The Stage",0
2015-07-07,"The Zacks Analyst Blog Highlights: Facebook, Apple, Google, Microsoft and Yahoo - Press Releases",0
2015-06-22,Apple Caves to Swift; Your Move Spotify,0
2015-06-22,Apple Caves to Swift; Your Move Spotify,0
2015-05-29,Google Will Likely Remain The Default Search Engine On Apple iOS Devices,0
2015-05-08,"Knock, Knock: Apple iBeacons, Looking For You",0
2015-05-08,Google's Apple Contract: No News Is Good News?,0
2015-05-07,"Yelp Up For Sale? Apple, Google Are Possible Buyers",0
2015-04-23,"Nokia's HERE Sale: Apple, Facebook, Alibaba Join List Of Potential Suitors",0
2015-04-20,"The Zacks Analyst Blog Highlights: Yahoo, Microsoft, Google and Apple - Press Releases",0
2015-03-17,Wall Street Breakfast: Here Comes Apple's Web TV Service,0
2015-03-10,Qualcomm's New Buyback Plan Is Similar To Apple's Successful Program,1
2015-02-18,"Soros Dumps Apple, Buys China",0
2015-01-30,Tech Rewind: Apple Tops Ranks in Earnings Rush,1
2015-01-28,"Stocks Up On Apple, Yahoo Gains; Illumina, Skyworks, NXP Climb",1
2015-01-28,"Techs Haul Stock Futures Higher; Apple, Yahoo, Freescale Soar",1
2015-01-28,Wall Street Breakfast: Apple Makes Quarterly Profit History,0
2015-01-27,"Apple Crushes Q4 Earnings, Yahoo Reports with Surprise Spinoff - Analyst Blog",1
2015-01-26,"Technology Stock Roundup: Apple, Google and Yahoo Rally - Analyst Blog",0
2015-01-09,Google's Search Engine Contract with Apple is Coming to an End,0
2015-01-09,Google's Search Engine Contract With Apple Is Coming To An End,0
2014-12-30,"Apple Celebrates Merry iChristmas, Rules Activations",0
2014-12-11,Apple Contract Loss Could Hit Google Revenue,-1
2014-11-29,Yahoo! Courting Apple And Competing With Google,0
2014-10-22,Stocks Erase Modest Gains; Apple Flirts With Breakout,1
2014-10-17,Apple Leads the Charge as Earnings Season Heats Up,0
2014-10-09,Will Apple Stock Hit $200 a Share? Carl Icahn Thinks So - Stocks in the News,0
2014-09-18,"Video: Apple Keeps Police Out Of IOS8 IPhone, IPad",0
2014-09-17,"Apple Won't Unlock Your iOS8 iPhone, iPad For Police",0
2014-09-15,"Technology Stock Roundup: Apple Outside, Intel Inside - Analyst Blog",0
2014-09-08,Technology Stock Roundup: Apple Takes Privacy Heat (revised) - Analyst Blog,0
2014-08-25,Technology Stock Roundup: Apple Up on New Product Prospects - Analyst Blog,1
2014-08-15,Ever Wonder Why Ron Johnson Left Apple for J.C. Penney?,0
2019-01-24,Markets Grapple With Government Dysfunction,0
2019-01-09,Apple Didn't Tell Us Anything New About China,0
2018-08-06,Apple's $1 Trillion Lesson And Benefits - Weekly Blog # 536,0
2016-01-26,"Tricky Tuesday - China, Apple And The Fed",0
2017-06-14,"Facebook A Laggard Behind Alphabet, Apple, Microsoft In This Big Field",-1
2014-12-11,Apple Contract Loss Could Hit Google Revenue,-1
2013-08-19,"Stocks Stay Narrowly Mixed; Apple, Intel Lift Nasdaq",0
2013-08-14,Major Indexes Hold Lower; Apple Softens Nasdaq's Hit,-1
2013-08-14,"Stocks Trip In Firm Trade; Apple Gains; Deere, Macy's Slip",1
2012-10-10,Yandex getting Apple boost?,1
2012-10-10,Yandex Apple Name Similarity Helps It Beat Google,1
2015-12-14,Apple: Scaling The Great Wall A Real Challenge,-1
2015-10-02,Apple: Unbundling To Drive Ecosystem Penetration,0
2015-02-19,Three Factors That Will Fuel Apple's Success Run In 2015,1
2014-12-22,"Xiaomi Raises $1 Billion, Threatens Apple's Ecosystem",-1
2012-02-19,Apple's Mountain Lion Master Plan,0
2011-04-12,Buy Apple on a Pullback: Morning Call,1
2019-09-08,"Apple, IPOs And German Auto (Stocks To Watch Podcast)",0
2019-09-07,"Stocks To Watch: Apple, IPOs And German Auto",0
2013-05-06,"Stocks Start The Week Mixed; Apple, Nationstar Rising",0
2019-02-22,"Zacks Value Trader Highlights: Apple, StoneCo, YY, Bank of America and General Motors",0
2018-07-13,Apple (AAPL) Seeks to Boost Sales With Upgraded MacBook Pro,1
2017-12-06,Apple Dips Into Buy Range; These 3 China Leaders Find Support: S&P 500 Futures,0
2017-11-15,Stocks Stumble Out Of The Gate; Tech Lags Amid Apple Worries,-1
2017-11-10,"Stocks Down, Apple Still Solid; Will These 3 China Stock Leaders Hold Up?",1
2017-08-14,"Stocks Up, Arista Leads; 3 Signs Why Apple's Breakout May Bear Fruit",1
2017-08-10,"Nasdaq Slides, 9 Dow Stocks Lose 1 Point Or More; 3 Reasons To Hold Apple",-1
2017-08-10,"Stock Futures Down; Apple, FANGs Sag; 3 Retail Names Dive",-1
2017-08-07,"Stocks Edge Higher, Apple Retakes Buy Point While China Name Breaks Out",1
2017-07-26,Boeing Takes Dow To New Heights; Apple Supplier Breaks Out As Chips Lead,0
2017-07-17,"Stocks Steady As Tech Rises; Apple Retakes Support Level, All Eyes On Netflix",1
2017-06-19,Technology Stocks Surge; Apple Leads Broad-Based Advance,1
2017-06-12,"Futures: 3 Top Tech Stocks In Buy Range As Apple, FANGs Falter",0
2017-06-02,"Stocks Turn Mixed As Oil Falls, Payrolls Disappoint; Apple Supplier Surges",-1
2017-02-13,Apple Rises On AR iPhone Hopes; Weibo And Momo Are Buys; Nucor Upgraded,1
2016-11-19,"Black Friday, Apple, Sina, Weibo In Focus For Investing Action Plan",0
2016-05-27,"Top Apple, GoPro Suppliers Lead Notable Tech Stocks With Earnings Due",0
2015-08-11,"Alibaba, Apple Fall As Yuan Seen Hitting Earnings",-1
2014-01-03,"Stocks Remain Mixed; Apple, Google Weigh On Nasdaq",-1
2013-09-19,"Stocks End Mixed In Lower Volume; Apple, Baidu Help Nasdaq",0
2013-09-09,"Stocks Climb In Mixed Trade; Apple, Delta, Molex Rising",1
2019-09-11,"Gear4 Reveals Protective and Stylish Cases for All-New Apple iPhone ––, iPhone –– Pro, ...",0
2019-08-09,"mophie debuts first multi-device wireless charging pads, available at apple. ...",0
2018-11-07,InvisibleShield Introduces Glass+ for the New Apple ––-inch and –—.9-inch iPad Pro,0
2017-11-16,ZAGG Unveils Slim Book Wireless Keyboard and Case for the –….5-inch Apple iPad Pro,0
2017-06-08,InvisibleShield Announces the Luxe Protective Bumper Case for the Apple Watch Series – and ...,0
2012-09-06,Is Apple Eating Its Seed Corn?,0
2012-04-25,Apple Earnings Bring Joy To Tech-Land,1
2012-04-25,Apple Supplier Shares Up On iPad Maker's Q2 Report,1
2019-04-28,"Eyes On Apple, Uber, F8 And Avengers (Stocks To Watch Podcast)",0
2019-04-27,"Stocks To Watch: Eyes On Apple, Uber, F8 And Avengers",0
2019-04-27,"Stocks To Watch: Eyes On Apple, Uber, F8 And Avengers",0
2016-02-05,"Apple May Push Into Corporate Cloud Computing Vs. Amazon, Microsoft",0
2019-11-04,"Stock Market Rally Pushes Indexes To Highs; Big Oil, Apple Lead Dow",1
2018-11-09,"Robert Olstein Sells Stericycle, Trims Apple",0
2018-08-07,11 Blue Chips Drive Dow Jones Higher; How Apple Can Hit $1.25 Trillion In Market Cap,1
2017-08-15,"Stocks End Mixed; Apple Bolsters Dow, Med Stock Tops Nasdaq 100",1
2017-08-15,"Stock Indexes Flat; Apple, Wynn Make Key Moves",0
2017-08-08,Nasdaq Still Leads; 2 New Reasons Why It's Still Time To Buy Apple,1
2017-02-27,"Stocks Edge Lower, But Apple, Nvidia Up; Tesla Drops 4% On Goldman Downgrade",1
2020-02-12,"Cypress Funds Llc Buys Mastercard Inc, Apple Inc, D.R. ...",0
2019-07-30,"Dow Jones Futures: Apple, AMD Lead Key Earnings Movers; Stock Market Rally Awaits Fed Rate Cut",1
2019-07-29,Apple Earnings Due As Stock Nears Buy Point: Investing Action Plan,1
2018-11-20,"Tech Guru Chase Coleman Buys Buffett's Apple, 7 More in 'rd Quarter",0
2018-07-31,"After Hours: Apple Hits Buy Zone, Targets $1 Trillion; These Hot Stocks Soar",1
2018-01-31,Will Relying on Apple Hurt Cirrus Logic (CRUS) Q3 Earnings?,-1
2016-08-03,Shopify Stock Rises On Q2 Beat; Apple Pay Support Set,1
2015-06-09,Apple: WWDC15 And The Evolution Into The First Trillion Dollar Market Cap Company,1
2016-12-05,Stocks Give Up Some Gains; Is Apple Creating A New Base?,1
2019-04-09,"Stock Futures Edge Lower; Apple, Disney Lead Dow Jones",-1
2019-07-28,"Headliners Include Apple, Beyond Meat And IBM (Stocks To Watch Podcast)",0
2019-07-27,"Stocks To Watch: Headliners Include Apple, Beyond Meat And IBM",0
2017-02-15,"Warren Buffett Reveals New Picks - Apple, Airlines, And Arb",0
2017-02-14,Stock Indexes Hang Tough: Apple Rises; Banks Up On Yellen Stance,1
2016-12-21,17% Pop On Apple Supplier Deal,0
2012-03-14,"Zions, Apple, Bank of America: S&P Gainers",0
2012-03-14,"Zions, Apple, Bank of America: S&P Gainers",0
2012-03-14,"Stocks Mixed; Apple, Celgene Gain, But InvenSense Slips",1
2012-03-14,Stress Test Boosts Stocks; Apple Seizes New High,1
2019-09-08,"Apple, IPOs And German Auto (Stocks To Watch Podcast)",0
2019-09-07,"Stocks To Watch: Apple, IPOs And German Auto",0
2017-02-13,"Stocks At Record Highs; Tesla Leads, Nvidia Lags; How High Can Apple Go?",1
2017-02-13,"Trump Rally Back? Dow, Nasdaq, S&P 500 At New Highs; Apple, Tesla Rally",1
2017-02-13,Stocks Open Higher; Goldman Likes Apple; Allergan Buys Zeltiq,1
2015-12-10,"Stratasys, Hain Join Apple As Top Piper Jaffray Picks",0
2019-04-28,"Eyes On Apple, Uber, F8 And Avengers (Stocks To Watch Podcast)",0
2019-04-27,"Stocks To Watch: Eyes On Apple, Uber, F8 And Avengers",0
2019-04-27,"Stocks To Watch: Eyes On Apple, Uber, F8 And Avengers",0
2018-11-01,Apple Q4 Rise In Revenue Expected (Wall Street Breakfast Podcast),1
2018-11-01,Wall Street Breakfast: What's In Store For Apple Earnings?,0
2018-10-28,Apple Looks To Recharge Tech Sector (Stocks To Watch Podcast),0
2018-10-27,Apple Looks To Recharge Tech Sector,0
2018-07-28,"Stocks To Watch: Apple, Harley And Tesla On The Marquee",0
2017-07-28,"Apple, Tesla, Shale, Jobs To Dominate The Week: Investing Action Plan",1
2016-05-02,"After Hours: Sturm Ruger, Texas Roadhouse, Apple Supplier IDT",0
2015-09-03,Apple Is Wrong To Limit Free Item Giveaways On Games,0
2015-04-10,"Tech Rewind: HBONow, Apple Watch Make Debut",0
2015-10-15,Can Zoe's Hip Med Menu Lure Loyal Fans Like Apple?,-1
2013-01-03,"Stocks to Watch: Apple, AMD, Mellanox",0
2013-01-03,"Stocks to Watch: Apple, AMD, Mellanox",0
2020-05-13,"Thames Capital Management Llc Buys Apple Inc, Amazon. ...",0
2020-05-06,"NN Investment Partners Holdings N.V. Buys Mastercard Inc, Apple Inc, The Estee Lauder Inc, ...",0
2020-01-31,"Gunderson Capital Management Inc. Buys Bristol-Myers Squibb Company, Apple Inc, NetEase Inc, ...",0
2019-06-02,"Apple's WWDC, DuPont's Return And Tariff Anxiety (Stocks To Watch Podcast)",0
2019-06-01,"Stocks To Watch: Apple's WWDC, DuPont's Return And Tariff Anxiety",0
2018-08-14,"Raub Brock Capital Management LP Buys Zoetis Inc, Sells Magellan Midstream Partners LP, Apple ...",0
2018-08-05,"Should You Buy Apple Now? Plus, A Look At 4 Other Bullish Charts",0
2018-08-02,Why You Should Be Wary Of Buying Apple Or Tesla Now: Dow Jones Futures,0
2018-05-18,"Wesbanco Bank Inc Buys Apple Inc, Amazon. ...",0
2017-11-10,"The Zacks Analyst Blog Highlights: Apple, Facebook, MetLife, Zoetis and Southwest Airlines",0
2017-11-09,"Top Stock Reports for Apple, Facebook & MetLife",0
2017-01-24,"First National Bank Of Omaha Buys Zoetis Inc, CME Group Inc, Dr Pepper Snapple Group Inc, Sells ...",0
2015-03-02,Apple And Allergan Top Hedge Fund Holdings In Q4 2014,0
2015-02-18,"Soros Dumps Apple, Buys China",0
2014-01-07,"Amazon Leads Holiday Customer Scores, Apple Trails",-1
2019-12-06,"Stock Market Renews Bullish Rise On Strong Jobs Data; Apple, Tesla Jump",1
2018-06-08,"Apple Warning, China Tech Query Dent Futures; Surf Retailer Spikes",-1
2015-10-02,"Cal-Marine Foods, Zumiez, Apple, Amazon.com and eBay highlighted as Zacks Bull and Bear of the Day",0
2014-10-01,"Holiday Shopping May Favor Hot Stocks, Apple iPhone 6",0
2012-06-18,"Stocks Show Mixed Action, But Align, Apple Rally",1
2011-10-06,"6 Stocks to Watch: Apple, Yahoo!",0
